H11890
GateTime 10
GateNumber 0
SN 30430302
0 203574
1 203210
2 204044
3 203392
4 203167
5 203068
6 203974
7 203592
8 204057
9 203640
10 203185
11 203550
12 203484
13 203583
14 203645
15 203202
16 203564
17 203291
18 203566
19 203632
20 203284
21 203638
22 203355
23 203558
24 203481
25 203409
26 203437
27 203528
28 203521
29 203944
30 203638
31 203230
32 203565
33 204045
34 203217
35 203513
36 203437
37 203199
38 203999
39 203252
40 203625
41 203423
42 203231
43 203367
44 202959
45 203186
46 203578
47 203537
48 203660
49 202963
50 203741
51 203333
52 203115
53 203635
54 203393
55 203697
56 203996
57 203604
58 203863
59 203391
60 203523
61 203394
62 203785
63 203276
64 203424
65 203736
66 203073
67 203269
68 203413
69 203822
70 203095
71 203994
72 203510
73 203760
74 203605
75 203687
76 203666
77 203208
78 204130
79 203247
80 203571
81 204102
82 203827
83 203696
84 203325
85 203341
86 203348
87 203170
88 203638
89 203437
90 203385
91 203883
92 203953
93 204183
94 203516
95 203088
96 203398
97 204270
98 203767
99 203815
100 203441
101 203731
102 203894
103 204205
104 203772
105 203628
106 203918
107 203428
108 204144
109 203924
110 203617
111 203579
112 203655
113 203578
114 204071
115 203354
116 203473
117 204054
118 203908
119 203512
120 204439
121 203692
122 203863
123 204323
124 203945
125 204486
126 203879
127 204210
128 203881
129 203788
130 203775
131 204173
132 203976
133 203624
134 203805
135 204088
136 203683
137 204305
138 204413
139 203782
140 203833
141 204186
142 204346
143 204226
144 204497
145 203756
146 203850
147 204144
148 204209
149 204364
150 203848
151 203549
152 204276
153 203855
154 204198
155 204209
156 203983
157 203401
158 204488
159 204768
160 204502
161 204597
162 203906
163 204147
164 204567
165 204255
166 204567
167 203956
168 204039
169 204442
170 204346
171 204408
172 204428
173 203822
174 204371
175 204461
176 204188
177 203403
178 204260
179 203729
180 203658
181 204174
182 203660
183 204395
184 204535
185 204056
186 204294
187 203941
188 204403
189 204428
190 204141
191 203881
192 204052
193 204325
194 204137
195 204239
196 204125
197 203857
198 204485
199 204789
200 204783
201 204466
202 203875
203 204432
204 204859
205 204217
206 204311
207 204650
208 204426
209 204830
210 204572
211 204248
212 204832
213 204961
214 204630
215 205012
216 204566
217 203700
218 204234
219 204372
220 204728
221 204605
222 204595
223 204307
224 204787
225 204855
226 204707
227 204352
228 204853
229 204328
230 204468
231 204218
232 204507
233 204568
234 204613
235 204546
236 204733
237 204595
238 205083
239 205374
240 205015
241 204857
242 204114
243 204869
244 204842
245 204457
246 205086
247 204819
248 205234
249 204619
250 204678
251 204336
252 204899
253 204938
254 205253
255 204442
256 204916
257 204725
258 204665
259 204066
260 204909
261 204672
262 204590
263 204870
264 205009
265 204528
266 204296
267 204353
268 204874
269 205054
270 205056
271 205006
272 204407
273 204716
274 205340
275 204935
276 204956
277 204660
278 204930
279 204893
280 205024
281 204817
282 204878
283 204394
284 204441
285 204944
286 204519
287 204488
288 204648
289 204741
290 204940
291 205311
292 204648
293 204676
294 204873
295 205221
296 205164
297 204702
298 204634
299 204671
300 204459
301 204708
302 204809
303 204692
304 204623
305 204648
306 205004
307 204677
308 204610
309 205007
310 204912
311 204874
312 204400
313 204508
314 204868
315 204880
316 205280
317 205179
318 204454
319 205178
320 204629
321 204403
322 204781
323 204765
324 205261
325 205003
326 204755
327 205312
328 205158
329 204876
330 205042
331 205140
332 205001
333 204817
334 205153
335 205272
336 204892
337 205206
338 205211
339 205198
340 204885
341 204795
342 204840
343 204975
344 204811
345 204861
346 204729
347 205001
348 205033
349 205152
350 205052
351 204989
352 205358
353 204984
354 205560
355 204880
356 205326
357 204951
358 204675
359 205485
360 204792
361 205885
362 205021
363 204852
364 205441
365 205445
366 204691
367 204894
368 205144
369 205028
370 205048
371 205214
372 205590
373 205450
374 204910
375 205355
376 205021
377 205294
378 205236
379 205148
380 204911
381 205178
382 205257
383 204874
384 205175
385 204561
386 204948
387 204701
388 205183
389 205072
390 205172
391 204927
392 205900
393 204640
394 205245
395 204888
396 204828
397 205059
398 205398
399 204964
400 205267
401 204848
402 205495
403 204848
404 205048
405 205327
406 205450
407 205062
408 204811
409 204748
410 205389
411 205260
412 205389
413 205102
414 205309
415 204953
416 205444
417 205097
418 205949
419 205828
420 205743
421 205081
422 205341
423 205578
424 205791
425 205155
426 205694
427 205315
428 206121
429 205855
430 206055
431 205392
432 206065
433 205399
434 205379
435 205429
436 205142
437 205725
438 205544
439 205160
440 205595
441 205519
442 205932
443 205436
444 204725
445 205253
446 205425
447 205118
448 205582
449 205889
450 205467
451 205489
452 205377
453 205470
454 205511
455 205758
456 205284
457 205493
458 205861
459 206169
460 205495
461 205890
462 205313
463 206031
464 205383
465 206112
466 205725
467 205446
468 205279
469 205560
470 205710
471 205402
472 205538
473 205199
474 205685
475 205785
476 205931
477 206066
478 206175
479 205165
480 205763
481 205897
482 206065
483 206240
484 205423
485 205798
486 206370
487 205752
488 206017
489 205965
490 205755
491 205914
492 205612
493 206035
494 206064
495 206340
496 205907
497 205844
498 205800
499 206080
500 206550
501 206035
502 205816
503 206028
504 206134
505 206015
506 206208
507 205609
508 206288
509 206813
510 206340
511 206168
512 206157
513 205931
514 206191
515 205946
516 206046
517 205879
518 205765
519 205878
520 206187
521 206115
522 206451
523 206213
524 206344
525 205759
526 206252
527 206081
528 205692
529 206656
530 206466
531 205877
532 205978
533 206032
534 206786
535 205914
536 205639
537 206198
538 206031
539 206093
540 205738
541 205669
542 206034
543 205855
544 206336
545 206322
546 206480
547 206366
548 206039
549 205813
550 206353
551 205461
552 206416
553 206297
554 205730
555 206015
556 206068
557 206157
558 205944
559 206237
560 205878
561 206205
562 206225
563 206589
564 206155
565 206199
566 206323
567 206218
568 206374
569 205754
570 206020
571 205676
572 206385
573 205879
574 206266
575 206363
576 205855
577 206236
578 205951
579 205827
580 205856
581 206019
582 206023
583 205679
584 206297
585 205874
586 205524
587 206045
588 205983
589 205864
590 206012
591 205525
592 206244
593 206295
594 205951
595 206042
596 205610
597 206208
598 205985
599 206225
600 205792
601 205814
602 205620
603 205621
604 205575
605 205609
606 205051
607 205343
608 205903
609 205996
610 205751
611 205879
612 206044
613 205992
614 205416
615 205564
616 206004
617 205145
618 205470
619 205647
620 205768
621 205409
622 205582
623 205803
624 205677
625 205249
626 205617
627 205372
628 205781
629 205337
630 205720
631 205473
632 205492
633 205461
634 205936
635 205136
636 205350
637 205373
638 206166
639 205985
640 205821
641 205161
642 204849
643 205265
644 205099
645 206043
646 205561
647 205874
648 205326
649 205311
650 205680
651 205962
652 205728
653 205057
654 205810
655 205139
656 206124
657 205472
658 205536
659 205831
660 205570
661 205387
662 205105
663 205540
664 205219
665 205549
666 205152
667 205012
668 205775
669 205480
670 205544
671 205550
672 204951
673 205271
674 205204
675 205586
676 205421
677 205179
678 205018
679 205579
680 205510
681 205261
682 205389
683 204715
684 205754
685 205241
686 205378
687 204789
688 205202
689 205031
690 205222
691 204968
692 205377
693 205184
694 204980
695 205176
696 205173
697 205452
698 204908
699 205040
700 204853
701 205014
702 204979
703 204894
704 205282
705 205550
706 204903
707 204928
708 205301
709 205388
710 205453
711 205073
712 205115
713 204969
714 205057
715 205208
716 205329
717 205323
718 204769
719 205048
720 205094
721 205496
722 205343
723 205765
724 205018
725 204840
726 204725
727 205039
728 205007
729 204844
730 204888
731 204685
732 205442
733 204916
734 205112
735 205135
736 205730
737 204894
738 205216
739 205156
740 205006
741 204798
742 205172
743 204403
744 204471
745 205446
746 205207
747 204723
748 205091
749 205212
750 204812
751 205136
752 205435
753 204989
754 204819
755 204913
756 204974
757 205211
758 204593
759 205079
760 205150
761 205321
762 205556
763 204405
764 205423
765 205023
766 205121
767 205087
768 205085
769 205017
770 204838
771 204965
772 204759
773 205119
774 205221
775 204709
776 205122
777 204765
778 205101
779 205498
780 204895
781 205318
782 204692
783 204495
784 205001
785 205583
786 205344
787 205133
788 204857
789 205230
790 205010
791 204979
792 205320
793 204827
794 204864
795 205556
796 205484
797 204534
798 205305
799 205031
800 204937
801 205488
802 205104
803 205120
804 205004
805 205108
806 205277
807 205464
808 205227
809 205116
810 204756
811 204631
812 205117
813 204308
814 205012
815 205010
816 204926
817 204940
818 205067
819 204875
820 204780
821 204869
822 204870
823 204698
824 204813
825 204715
826 204812
827 204972
828 204549
829 205182
830 204628
831 205043
832 204879
833 205132
834 204959
835 204846
836 204778
837 204609
838 204671
839 204525
840 204201
841 205061
842 204587
843 204783
844 204369
845 204345
846 204937
847 204523
848 204457
849 204712
850 204626
851 204633
852 204761
853 204863
854 204553
855 205119
856 204772
857 204507
858 204942
859 204959
860 204600
861 204754
862 204816
863 204512
864 204779
865 204445
866 204736
867 204597
868 204797
869 204421
870 204585
871 204401
872 204380
873 204345
874 203946
875 205105
876 203914
877 204315
878 204284
879 204077
880 204274
881 204497
882 204522
883 204066
884 204348
885 204344
886 204822
887 204983
888 203854
889 204320
890 204682
891 204184
892 204573
893 204529
894 204231
895 203851
896 203770
897 204185
898 203746
899 204655
900 204376
901 204266
902 204859
903 204503
904 204007
905 204439
906 204286
907 203881
908 203829
909 204000
910 204704
911 204166
912 204367
913 204298
914 204080
915 203782
916 204179
917 203693
918 204345
919 204308
920 203835
921 204063
922 204208
923 203804
924 203614
925 203609
926 203826
927 203844
928 203887
929 203947
930 204309
931 204339
932 203933
933 204354
934 203999
935 203813
936 204373
937 203872
938 203892
939 203924
940 203579
941 203567
942 204069
943 203986
944 204086
945 204099
946 203993
947 204239
948 204004
949 204063
950 203924
951 204262
952 203969
953 203557
954 204075
955 203847
956 203479
957 204151
958 203779
959 203888
960 203602
961 204543
962 203788
963 204187
964 203388
965 203955
966 203724
967 204503
968 204053
969 204323
970 204214
971 203544
972 204025
973 204026
974 203913
975 204028
976 203996
977 204297
978 203789
979 204082
980 204402
981 203651
982 203582
983 203899
984 203971
985 203717
986 204038
987 203151
988 203707
989 204069
990 203842
991 203952
992 203587
993 203964
994 204047
995 203977
996 203603
997 203955
998 203539
999 203455
1000 203784
1001 203640
1002 203703
1003 203199
1004 203573
1005 203942
1006 203713
1007 203456
1008 203737
1009 203393
1010 203485
1011 203671
1012 203746
1013 203408
1014 204078
1015 203753
1016 203450
1017 203743
1018 203568
1019 203538
1020 203638
1021 203644
1022 203600
1023 203557
1024 203213
1025 203493
1026 203353
1027 203503
1028 203552
1029 204217
1030 203594
1031 203256
1032 203304
1033 203774
1034 203632
1035 203166
1036 203300
1037 203722
1038 203605
1039 203480
1040 203335
1041 203223
1042 203065
1043 202793
1044 203015
1045 202981
1046 203595
1047 203424
1048 202872
1049 203462
1050 203249
1051 203350
1052 203126
1053 202986
1054 203085
1055 202781
1056 203804
1057 203382
1058 203249
1059 203140
1060 203801
1061 203054
1062 203776
1063 203896
1064 203103
1065 203236
1066 203169
1067 203024
1068 203221
1069 203248
1070 203327
1071 203751
1072 203475
1073 203527
1074 203338
1075 203328
1076 203101
1077 203878
1078 203503
1079 204301
1080 203412
1081 203280
1082 203840
1083 203439
1084 203020
1085 203279
1086 203953
1087 203328
1088 203498
1089 202887
1090 203436
1091 203594
1092 202938
1093 203398
1094 203304
1095 202979
1096 203602
1097 203810
1098 203723
1099 204033
1100 203494
1101 203591
1102 203912
1103 203822
1104 202887
1105 203005
1106 204032
1107 203869
1108 203092
1109 203394
1110 204054
1111 203485
1112 203443
1113 203296
1114 203564
1115 203652
1116 203712
1117 203497
1118 203820
1119 203375
1120 203192
1121 203487
1122 203673
1123 203607
1124 204167
1125 203564
1126 203621
1127 203770
1128 203358
1129 203996
1130 203240
1131 203695
1132 203724
1133 203543
1134 203862
1135 203755
1136 203141
1137 203752
1138 204141
1139 203876
1140 203745
1141 203440
1142 203602
1143 203630
1144 203749
1145 203640
1146 203868
1147 203334
1148 203109
1149 203625
1150 203738
1151 203155
1152 203971
1153 203555
1154 203756
1155 204063
1156 204066
1157 204252
1158 204045
1159 203470
1160 204084
1161 203852
1162 203767
1163 203890
1164 204170
1165 204046
1166 204015
1167 203434
1168 203958
1169 203700
1170 203838
1171 203739
1172 203818
1173 204062
1174 203444
1175 203847
1176 204010
1177 203541
1178 204071
1179 203982
1180 203983
1181 203880
1182 204373
1183 204478
1184 204060
1185 203785
1186 204198
1187 204021
1188 204090
1189 204139
1190 203850
1191 203952
1192 204280
1193 204091
1194 204502
1195 203883
1196 203911
1197 204010
1198 203020
1199 203529
1200 203706
1201 204578
1202 204345
1203 204093
1204 203811
1205 204238
1206 203981
1207 204720
1208 204467
1209 204139
1210 204054
1211 204184
1212 204390
1213 204526
1214 204155
1215 204248
1216 204109
1217 204399
1218 203979
1219 204886
1220 203988
1221 204698
1222 204113
1223 204199
1224 204606
1225 204684
1226 204766
1227 204218
1228 204406
1229 203846
1230 204266
1231 203914
1232 204464
1233 204425
1234 203759
1235 204517
1236 204090
1237 204315
1238 204660
1239 204049
1240 204632
1241 204747
1242 204354
1243 204075
1244 204282
1245 204556
1246 204339
1247 204757
1248 204387
1249 205085
1250 204449
1251 204660
1252 204506
1253 204852
1254 204503
1255 205043
1256 204484
1257 204931
1258 204534
1259 204805
1260 204362
1261 204869
1262 204488
1263 204751
1264 205102
1265 204933
1266 204691
1267 205220
1268 205022
1269 204975
1270 204980
1271 204512
1272 204442
1273 204940
1274 204736
1275 204825
1276 204664
1277 204972
1278 204778
1279 204792
1280 204442
1281 205442
1282 204967
1283 204846
1284 204266
1285 205245
1286 204905
1287 204902
1288 204796
1289 205269
1290 204758
1291 204827
1292 204954
1293 205395
1294 204926
1295 205125
1296 204836
1297 204609
1298 204830
1299 205265
1300 204597
1301 204977
1302 204721
1303 205063
1304 205069
1305 204999
1306 205114
1307 205132
1308 205290
1309 204880
1310 205207
1311 204924
1312 205066
1313 204879
1314 204729
1315 205148
1316 204892
1317 205105
1318 204599
1319 204943
1320 205199
1321 205292
1322 205031
1323 205110
1324 205404
1325 205078
1326 205319
1327 204630
1328 205126
1329 204966
1330 205310
1331 204992
1332 204990
1333 204893
1334 205059
1335 205055
1336 205018
1337 205311
1338 205069
1339 205019
1340 204993
1341 204720
1342 205245
1343 204982
1344 205085
1345 204779
1346 205190
1347 205301
1348 205288
1349 205124
1350 204988
1351 205423
1352 205205
1353 205131
1354 205550
1355 205081
1356 205099
1357 204865
1358 205264
1359 205340
1360 205334
1361 205451
1362 205476
1363 205200
1364 205266
1365 205216
1366 205168
1367 205232
1368 205303
1369 205690
1370 205702
1371 204911
1372 205065
1373 205654
1374 205962
1375 204886
1376 205905
1377 204988
1378 205079
1379 205637
1380 205545
1381 205295
1382 205392
1383 205299
1384 204770
1385 205211
1386 205482
1387 205623
1388 205057
1389 205661
1390 205665
1391 205134
1392 205615
1393 205278
1394 205720
1395 205897
1396 205333
1397 205564
1398 205762
1399 206084
1400 206006
1401 205701
1402 205921
1403 205906
1404 205860
1405 205526
1406 205260
1407 205353
1408 205856
1409 205168
1410 205838
1411 205884
1412 205706
1413 205798
1414 205608
1415 205128
1416 205538
1417 205872
1418 205953
1419 205739
1420 205557
1421 206112
1422 205891
1423 205765
1424 205767
1425 205706
1426 205615
1427 206325
1428 205964
1429 205930
1430 206009
1431 205259
1432 206042
1433 206096
1434 205441
1435 206662
1436 206344
1437 205723
1438 205519
1439 205789
1440 205858
1441 205974
1442 205861
1443 206436
1444 206229
1445 206048
1446 205818
1447 206037
1448 206067
1449 205699
1450 206211
1451 206326
1452 205625
1453 206104
1454 205706
1455 206426
1456 205692
1457 206600
1458 206326
1459 205900
1460 206268
1461 205968
1462 206039
1463 206288
1464 205667
1465 206046
1466 206718
1467 206328
1468 206467
1469 206567
1470 206314
1471 206824
1472 205975
1473 206504
1474 206449
1475 206019
1476 206084
1477 205970
1478 206432
1479 206441
1480 206618
1481 206349
1482 206269
1483 205917
1484 205987
1485 206303
1486 206473
1487 206277
1488 206220
1489 206228
1490 206501
1491 206998
1492 206166
1493 206247
1494 206052
1495 206165
1496 205904
1497 206512
1498 206602
1499 206388
1500 206664
1501 206381
1502 206664
1503 205913
1504 206507
1505 206292
1506 206505
1507 206438
1508 206582
1509 206172
1510 206476
1511 206470
1512 206770
1513 206638
1514 206578
1515 206529
1516 206939
1517 206534
1518 206837
1519 206673
1520 206805
1521 206444
1522 206126
1523 206532
1524 206667
1525 206209
1526 206947
1527 207446
1528 206538
1529 206519
1530 206497
1531 206368
1532 206928
1533 206811
1534 206386
1535 206461
1536 206650
1537 206578
1538 206628
1539 206704
1540 206455
1541 206861
1542 206236
1543 206123
1544 206972
1545 206849
1546 206649
1547 207259
1548 206723
1549 206314
1550 207179
1551 206620
1552 206315
1553 206501
1554 206400
1555 206412
1556 206641
1557 206586
1558 207054
1559 206597
1560 206559
1561 206750
1562 206538
1563 206622
1564 207113
1565 206577
1566 206398
1567 206691
1568 206774
1569 206618
1570 206905
1571 207059
1572 206532
1573 206379
1574 206410
1575 207018
1576 207003
1577 206308
1578 206881
1579 207000
1580 206895
1581 206810
1582 206421
1583 206580
1584 206629
1585 206656
1586 207125
1587 206840
1588 206909
1589 207043
1590 206958
1591 206655
1592 205883
1593 206627
1594 206416
1595 206627
1596 206624
1597 206422
1598 206954
1599 206150
1600 206303
1601 206289
1602 206759
1603 206619
1604 206376
1605 206564
1606 206418
1607 206380
1608 206888
1609 206817
1610 206488
1611 206565
1612 206629
1613 206771
1614 206547
1615 206427
1616 206194
1617 206857
1618 205908
1619 206907
1620 206182
1621 206283
1622 206779
1623 206858
1624 206368
1625 206617
1626 206404
1627 206296
1628 206794
1629 206108
1630 206960
1631 206924
1632 206268
1633 206467
1634 206890
1635 205867
1636 206027
1637 206102
1638 206949
1639 206152
1640 206659
1641 206396
1642 206708
1643 206593
1644 206274
1645 206514
1646 206687
1647 206367
1648 206390
1649 206013
1650 206413
1651 206915
1652 206583
1653 206607
1654 206510
1655 206310
1656 206602
1657 206271
1658 206112
1659 206310
1660 206515
1661 205650
1662 206062
1663 206665
1664 206634
1665 206435
1666 206550
1667 205590
1668 206255
1669 206508
1670 206106
1671 206420
1672 206318
1673 206320
1674 206799
1675 206404
1676 206191
1677 206002
1678 206443
1679 206160
1680 206360
1681 205833
1682 206121
1683 206524
1684 206864
1685 206527
1686 206671
1687 206282
1688 206354
1689 206682
1690 206202
1691 206435
1692 207064
1693 205945
1694 206173
1695 206625
1696 205938
1697 206452
1698 206191
1699 206383
1700 206668
1701 206206
1702 206233
1703 206532
1704 206470
1705 206165
1706 206341
1707 206194
1708 206397
1709 206597
1710 206478
1711 206085
1712 206204
1713 206444
1714 206634
1715 206517
1716 206631
1717 205953
1718 206448
1719 206001
1720 206443
1721 206339
1722 206183
1723 206368
1724 206312
1725 206642
1726 205759
1727 206372
1728 205971
1729 206400
1730 206334
1731 206551
1732 206561
1733 205981
1734 206225
1735 206873
1736 206278
1737 206203
1738 206308
1739 206294
1740 206083
1741 206076
1742 206732
1743 206535
1744 206422
1745 206404
1746 206120
1747 206247
1748 205570
1749 206090
1750 206327
1751 205916
1752 206362
1753 206420
1754 206162
1755 205928
1756 205882
1757 206122
1758 206512
1759 206545
1760 206481
1761 206657
1762 206331
1763 206249
1764 206161
1765 205766
1766 206303
1767 206196
1768 206149
1769 206049
1770 206439
1771 206236
1772 206096
1773 206563
1774 205698
1775 206343
1776 205762
1777 206747
1778 206544
1779 206867
1780 206559
1781 206338
1782 206492
1783 206008
1784 206500
1785 206537
1786 206182
1787 206859
1788 206098
1789 206172
1790 206697
1791 206461
1792 205832
1793 206271
1794 206161
1795 205882
1796 206160
1797 206105
1798 206460
1799 206555
1800 206381
1801 206452
1802 206252
1803 206367
1804 206200
1805 206782
1806 206079
1807 206675
1808 206234
1809 206173
1810 206721
1811 206380
1812 205800
1813 206515
1814 206733
1815 206336
1816 206189
1817 206588
1818 206190
1819 206253
1820 206304
1821 206539
1822 206329
1823 206321
1824 206172
1825 206691
1826 206505
1827 206568
1828 206631
1829 206323
1830 206621
1831 206645
1832 206750
1833 206512
1834 206465
1835 206025
1836 206148
1837 206302
1838 206738
1839 206885
1840 207015
1841 206353
1842 207181
1843 206069
1844 206328
1845 207171
1846 205737
1847 206344
1848 206257
1849 206061
1850 206461
1851 206638
1852 206733
1853 206533
1854 206039
1855 206235
1856 206407
1857 206334
1858 206267
1859 206473
1860 206255
1861 206355
1862 206794
1863 206477
1864 206445
1865 205956
1866 206351
1867 206234
1868 206234
1869 206419
1870 206314
1871 206940
1872 206117
1873 206252
1874 206211
1875 206898
1876 206288
1877 206229
1878 206176
1879 206587
1880 206220
1881 205899
1882 206116
1883 206540
1884 206188
1885 205959
1886 206583
1887 205868
1888 206313
1889 206073
1890 206197
1891 206484
1892 205819
1893 206606
1894 207101
1895 205519
1896 206775
1897 206317
1898 206185
1899 206848
1900 206998
1901 205958
1902 206455
1903 206719
1904 206645
1905 206435
1906 206107
1907 206641
1908 206620
1909 206491
1910 206517
1911 206215
1912 206073
1913 206379
1914 206428
1915 206241
1916 206446
1917 206560
1918 206271
1919 206497
1920 206488
1921 206417
1922 206714
1923 206355
1924 206414
1925 206767
1926 206798
1927 207198
1928 206756
1929 207022
1930 206763
1931 206266
1932 206266
1933 206162
1934 206551
1935 206299
1936 205723
1937 206051
1938 206351
1939 206103
1940 206063
1941 206144
1942 206037
1943 205795
1944 205885
1945 205891
1946 205918
1947 206100
1948 205655
1949 206172
1950 206018
1951 206192
1952 206176
1953 205831
1954 206284
1955 205943
1956 206484
1957 205658
1958 206263
1959 206157
1960 205777
1961 205860
1962 206420
1963 206166
1964 206586
1965 205826
1966 205819
1967 206128
1968 206237
1969 206273
1970 206641
1971 206077
1972 206390
1973 206202
1974 205895
1975 205940
1976 206421
1977 206157
1978 206543
1979 205692
1980 205581
1981 206298
1982 205773
1983 206037
1984 206232
1985 205947
1986 206562
1987 206404
1988 206468
1989 205782
1990 206306
1991 206246
1992 205964
1993 206610
1994 206192
1995 205657
1996 206124
1997 206699
1998 206357
1999 206115
2000 205965
2001 206336
2002 206127
2003 206797
2004 206153
2005 206355
2006 206682
2007 206642
2008 205718
2009 206293
2010 206176
2011 206120
2012 205979
2013 205886
2014 206194
2015 206157
2016 206288
2017 205866
2018 205935
2019 206159
2020 205865
2021 205769
2022 206631
2023 206224
2024 205943
2025 206247
2026 206096
2027 206603
2028 205707
2029 206160
2030 206130
2031 206234
2032 206479
2033 206068
2034 205976
2035 206677
2036 205668
2037 206688
2038 206250
2039 206823
2040 206322
2041 206433
2042 205905
2043 206263
2044 206222
2045 206146
2046 205778
2047 206250
2048 206370
2049 206390
2050 206409
2051 206642
2052 206103
2053 206322
2054 206621
2055 206508
2056 206966
2057 206438
2058 206396
2059 206609
2060 205682
2061 206443
2062 206391
2063 206149
2064 206270
2065 206446
2066 206639
2067 206497
2068 206643
2069 206741
2070 206922
2071 206932
2072 206151
2073 206644
2074 206509
2075 206971
2076 206566
2077 206700
2078 206822
2079 206735
2080 206795
2081 206536
2082 207024
2083 206717
2084 206970
2085 206497
2086 206597
2087 206808
2088 207214
2089 206900
2090 206848
2091 206787
2092 206816
2093 206940
2094 206547
2095 207310
2096 207463
2097 207071
2098 207259
2099 207278
2100 206791
2101 206993
2102 207458
2103 207550
2104 206796
2105 207264
2106 207278
2107 207573
2108 207442
2109 207518
2110 208106
2111 207251
2112 207548
2113 207397
2114 207351
2115 207332
2116 207330
2117 207078
2118 207047
2119 207350
2120 207392
2121 207643
2122 207529
2123 207501
2124 207158
2125 207078
2126 207177
2127 207705
2128 207192
2129 207576
2130 207429
2131 207391
2132 207110
2133 207409
2134 207852
2135 207160
2136 207391
2137 207224
2138 208215
2139 207163
2140 207701
2141 207917
2142 207867
2143 208143
2144 207446
2145 208154
2146 207142
2147 207619
2148 207477
2149 207335
2150 208095
2151 207747
2152 207453
2153 207900
2154 207320
2155 207314
2156 208179
2157 208006
2158 208384
2159 207772
2160 208264
2161 208374
2162 207597
2163 208114
2164 208286
2165 207695
2166 208382
2167 208366
2168 207853
2169 208088
2170 207699
2171 208362
2172 208618
2173 208180
2174 208167
2175 207949
2176 208353
2177 208254
2178 208089
2179 208036
2180 208155
2181 208421
2182 208493
2183 208288
2184 208573
2185 208533
2186 208475
2187 208643
2188 208729
2189 208516
2190 208370
2191 208455
2192 208420
2193 208443
2194 208525
2195 208763
2196 208105
2197 208901
2198 208762
2199 208275
2200 208763
2201 208363
2202 208943
2203 208745
2204 208373
2205 208491
2206 209058
2207 208446
2208 208705
2209 208739
2210 209008
2211 208921
2212 209365
2213 209080
2214 208234
2215 208776
2216 208690
2217 208642
2218 209077
2219 208859
2220 208914
2221 209200
2222 208848
2223 208660
2224 209424
2225 209206
2226 208878
2227 208085
2228 209134
2229 209272
2230 209245
2231 209310
2232 209109
2233 209305
2234 209410
2235 208911
2236 209042
2237 209111
2238 208976
2239 209452
2240 209182
2241 209539
2242 209208
2243 209746
2244 209196
2245 208987
2246 209042
2247 209890
2248 208985
2249 209164
2250 209503
2251 209482
2252 209016
2253 209791
2254 209312
2255 209513
2256 209342
2257 209283
2258 209589
2259 209428
2260 209639
2261 209280
2262 209673
2263 209640
2264 209758
2265 209675
2266 209690
2267 209417
2268 209556
2269 209912
2270 209683
2271 210292
2272 209869
2273 209503
2274 209802
2275 209313
2276 210225
2277 210060
2278 209866
2279 210179
2280 210267
2281 210028
2282 209620
2283 210312
2284 210584
2285 210366
2286 210097
2287 210516
2288 210223
2289 210544
2290 210368
2291 210658
2292 210071
2293 210303
2294 210303
2295 210211
2296 209934
2297 210936
2298 210454
2299 210748
2300 209874
2301 210423
2302 210419
2303 210217
2304 210261
2305 210400
2306 210684
2307 210415
2308 210692
2309 210132
2310 210729
2311 210726
2312 210484
2313 210500
2314 210825
2315 210625
2316 210076
2317 210858
2318 210183
2319 210486
2320 210500
2321 210184
2322 210431
2323 210344
2324 210434
2325 210712
2326 210811
2327 210922
2328 210467
2329 210653
2330 210917
2331 210502
2332 210880
2333 210396
2334 210928
2335 210426
2336 210570
2337 210840
2338 211259
2339 210731
2340 211109
2341 211269
2342 211229
2343 210388
2344 211351
2345 210758
2346 210762
2347 210977
2348 210970
2349 210989
2350 211131
2351 211453
2352 211326
2353 211380
2354 211190
2355 211600
2356 210733
2357 210967
2358 210851
2359 211347
2360 211802
2361 211658
2362 210937
2363 211131
2364 211404
2365 211041
2366 210972
2367 210770
2368 211460
2369 211696
2370 211009
2371 211114
2372 211629
2373 211111
2374 210930
2375 211012
2376 211260
2377 211592
2378 210728
2379 210990
2380 211665
2381 211348
2382 211212
2383 211188
2384 211632
2385 210982
2386 211302
2387 211326
2388 211576
2389 211305
2390 210966
2391 210782
2392 211752
2393 211324
2394 211050
2395 211027
2396 211440
2397 211785
2398 211269
2399 210888
2400 211747
2401 211423
2402 210963
2403 211606
2404 211741
2405 211035
2406 211433
2407 211416
2408 211330
2409 211212
2410 211601
2411 211450
2412 211408
2413 212193
2414 211450
2415 211686
2416 211433
2417 211618
2418 211447
2419 210807
2420 211725
2421 211330
2422 211927
2423 211582
2424 212013
2425 211251
2426 211832
2427 211722
2428 211289
2429 211735
2430 211932
2431 211450
2432 211155
2433 212242
2434 211434
2435 211921
2436 211459
2437 211386
2438 211740
2439 211603
2440 211548
2441 211567
2442 211753
2443 211284
2444 211583
2445 211501
2446 211978
2447 211886
2448 212236
2449 211878
2450 212303
2451 211845
2452 212103
2453 211512
2454 211650
2455 211634
2456 212384
2457 212251
2458 211646
2459 212130
2460 211269
2461 211961
2462 211774
2463 212033
2464 211628
2465 211889
2466 211980
2467 211937
2468 212128
2469 211833
2470 211412
2471 211742
2472 211867
2473 211683
2474 211072
2475 211895
2476 211436
2477 212181
2478 211682
2479 212023
2480 211626
2481 212133
2482 211731
2483 211720
2484 211900
2485 211670
2486 211917
2487 211592
2488 211517
2489 211764
2490 211994
2491 212150
2492 211784
2493 211939
2494 211742
2495 211427
2496 211971
2497 211885
2498 212878
2499 211916
2500 211639
2501 212124
2502 211372
2503 211925
2504 212007
2505 212128
2506 212014
2507 212072
2508 211851
2509 211988
2510 211748
2511 212065
2512 212232
2513 212217
2514 212574
2515 211914
2516 211691
2517 211620
2518 212291
2519 212130
2520 212052
2521 211955
2522 212163
2523 211738
2524 212245
2525 212681
2526 212165
2527 211736
2528 211945
2529 212094
2530 212430
2531 212183
2532 211937
2533 212025
2534 211796
2535 211856
2536 211693
2537 211768
2538 212136
2539 212598
2540 211495
2541 212093
2542 212264
2543 211717
2544 211949
2545 211863
2546 211739
2547 211723
2548 211720
2549 211542
2550 212194
2551 211445
2552 212054
2553 211972
2554 211972
2555 211725
2556 212232
2557 211883
2558 212474
2559 211951
2560 211934
2561 212143
2562 211554
2563 212284
2564 212057
2565 211619
2566 211210
2567 212560
2568 211528
2569 211701
2570 212211
2571 211933
2572 211794
2573 211493
2574 211649
2575 212079
2576 211963
2577 212394
2578 211784
2579 211463
2580 211858
2581 211979
2582 211828
2583 212037
2584 212079
2585 212056
2586 211608
2587 211561
2588 211864
2589 210717
2590 211533
2591 211579
2592 211279
2593 211744
2594 211843
2595 211332
2596 211515
2597 211057
2598 211754
2599 211738
2600 211872
2601 211257
2602 211484
2603 211261
2604 211565
2605 211068
2606 211802
2607 211499
2608 211047
2609 210737
2610 211499
2611 211109
2612 210632
2613 211033
2614 211389
2615 211095
2616 211029
2617 211864
2618 211055
2619 211383
2620 211409
2621 210991
2622 210979
2623 210647
2624 211287
2625 210801
2626 211391
2627 211315
2628 210966
2629 211299
2630 210864
2631 210578
2632 211222
2633 210924
2634 210857
2635 211116
2636 210874
2637 210576
2638 210709
2639 210913
2640 210566
2641 210493
2642 210670
2643 211233
2644 210736
2645 211023
2646 210864
2647 211077
2648 210285
2649 210156
2650 210666
2651 210462
2652 210656
2653 210494
2654 210991
2655 210775
2656 210305
2657 210154
2658 211018
2659 210841
2660 210902
2661 210905
2662 210779
2663 210620
2664 210420
2665 210940
2666 210312
2667 210671
2668 210805
2669 211147
2670 210064
2671 210359
2672 210646
2673 210055
2674 210424
2675 210573
2676 210001
2677 210421
2678 210078
2679 210166
2680 210454
2681 210254
2682 210686
2683 210382
2684 210693
2685 209730
2686 210268
2687 210480
2688 210038
2689 210044
2690 209891
2691 209916
2692 210472
2693 210605
2694 210184
2695 209925
2696 210182
2697 210210
2698 209906
2699 210188
2700 210000
2701 210054
2702 210358
2703 209533
2704 209871
2705 209699
2706 210009
2707 209834
2708 210108
2709 210232
2710 209890
2711 209357
2712 209762
2713 209304
2714 209971
2715 209413
2716 210101
2717 209476
2718 209798
2719 209885
2720 209655
2721 209860
2722 209464
2723 209893
2724 209850
2725 209680
2726 210002
2727 209779
2728 210047
2729 209595
2730 209079
2731 210064
2732 209189
2733 209788
2734 209912
2735 209920
2736 209374
2737 210251
2738 209698
2739 209332
2740 209356
2741 209232
2742 209703
2743 208950
2744 209718
2745 209264
2746 209457
2747 209545
2748 209827
2749 209183
2750 209670
2751 209073
2752 209490
2753 209724
2754 209737
2755 209640
2756 209421
2757 209160
2758 208942
2759 209246
2760 209472
2761 209353
2762 209111
2763 208814
2764 209771
2765 209165
2766 209071
2767 208788
2768 209259
2769 209000
2770 209648
2771 209519
2772 209311
2773 208616
2774 209214
2775 209166
2776 208946
2777 209246
2778 209194
2779 209269
2780 209526
2781 209244
2782 208969
2783 209182
2784 208982
2785 209558
2786 209436
2787 209438
2788 208797
2789 208996
2790 208618
2791 208929
2792 209266
2793 208562
2794 209875
2795 209221
2796 208381
2797 209419
2798 209062
2799 208841
2800 208922
2801 208686
2802 209430
2803 208743
2804 208859
2805 209009
2806 208681
2807 208960
2808 208862
2809 208689
2810 208794
2811 208368
2812 208862
2813 209355
2814 209010
2815 208665
2816 208869
2817 208488
2818 208884
2819 208497
2820 208194
2821 208729
2822 208518
2823 208592
2824 208671
2825 208157
2826 208581
2827 208422
2828 208658
2829 208331
2830 208424
2831 208836
2832 208567
2833 208582
2834 208109
2835 208351
2836 208171
2837 208381
2838 208511
2839 207986
2840 209039
2841 208530
2842 208341
2843 207952
2844 208246
2845 208255
2846 208502
2847 208355
2848 208362
2849 208293
2850 208258
2851 207950
2852 208227
2853 207624
2854 208048
2855 208234
2856 208403
2857 207916
2858 207827
2859 208306
2860 208284
2861 208252
2862 207949
2863 208153
2864 208154
2865 207827
2866 208270
2867 207502
2868 208184
2869 208075
2870 207744
2871 207731
2872 208011
2873 207665
2874 207809
2875 207693
2876 207680
2877 207465
2878 207611
2879 207513
2880 207347
2881 207566
2882 207052
2883 207679
2884 208123
2885 207745
2886 207037
2887 207674
2888 207963
2889 207738
2890 207709
2891 207154
2892 207754
2893 207459
2894 207282
2895 207350
2896 207404
2897 206881
2898 207238
2899 206905
2900 207494
2901 207023
2902 207056
2903 207180
2904 207390
2905 206586
2906 207635
2907 207091
2908 207015
2909 207237
2910 207197
2911 207149
2912 206849
2913 207329
2914 206857
2915 207387
2916 207279
2917 206793
2918 207647
2919 207347
2920 206768
2921 207227
2922 206893
2923 206331
2924 207083
2925 207070
2926 206432
2927 206337
2928 207159
2929 206765
2930 207042
2931 206948
2932 206581
2933 206735
2934 207187
2935 206537
2936 207177
2937 206652
2938 206736
2939 206820
2940 207143
2941 206892
2942 206628
2943 206583
2944 206354
2945 206835
2946 206600
2947 206396
2948 206923
2949 206703
2950 206926
2951 206643
2952 206250
2953 206707
2954 206232
2955 206715
2956 206808
2957 206814
2958 206735
2959 206908
2960 206864
2961 206303
2962 206745
2963 206807
2964 206554
2965 206189
2966 206593
2967 206602
2968 206780
2969 206441
2970 207127
2971 206528
2972 206809
2973 206371
2974 206217
2975 206647
2976 206203
2977 206549
2978 206140
2979 206411
2980 206110
2981 206561
2982 205959
2983 205969
2984 206443
2985 206533
2986 206296
2987 205875
2988 205930
2989 205902
2990 206236
2991 205837
2992 206917
2993 205776
2994 205816
2995 206182
2996 205763
2997 206208
2998 205754
2999 206242
3000 206130
3001 206018
3002 206295
3003 206004
3004 206293
3005 206262
3006 206134
3007 205896
3008 205480
3009 206151
3010 205947
3011 206134
3012 206241
3013 205684
3014 206122
3015 206110
3016 205724
3017 206411
3018 205987
3019 205903
3020 205730
3021 205613
3022 205884
3023 205417
3024 205980
3025 205342
3026 206080
3027 205936
3028 205317
3029 205629
3030 205745
3031 205462
3032 206035
3033 205503
3034 205626
3035 205652
3036 205535
3037 205841
3038 205997
3039 205904
3040 205964
3041 205725
3042 205856
3043 205962
3044 205508
3045 206218
3046 205375
3047 205761
3048 205891
3049 206272
3050 206019
3051 205567
3052 205176
3053 205308
3054 205553
3055 205282
3056 206080
3057 205412
3058 206178
3059 205838
3060 205656
3061 205876
3062 205644
3063 206015
3064 205925
3065 206040
3066 206232
3067 205563
3068 205252
3069 205727
3070 205680
3071 205502
3072 206034
3073 206048
3074 205551
3075 206136
3076 205970
3077 205714
3078 206106
3079 205866
3080 205620
3081 205938
3082 206360
3083 206060
3084 205969
3085 206395
3086 206091
3087 206415
3088 206081
3089 206032
3090 206023
3091 206309
3092 205695
3093 206263
3094 205829
3095 206508
3096 206407
3097 206462
3098 206498
3099 206376
3100 205659
3101 206449
3102 206160
3103 206130
3104 206294
3105 206272
3106 206329
3107 206318
3108 206675
3109 206509
3110 206180
3111 206272
3112 206607
3113 206779
3114 206297
3115 206262
3116 206207
3117 206382
3118 206154
3119 206611
3120 206799
3121 206618
3122 206709
3123 206208
3124 206601
3125 206256
3126 206363
3127 206450
3128 206376
3129 206343
3130 206914
3131 206847
3132 207063
3133 206390
3134 206235
3135 206057
3136 206944
3137 206745
3138 206596
3139 206233
3140 206691
3141 206556
3142 206227
3143 206617
3144 206864
3145 207126
3146 206763
3147 206418
3148 207255
3149 206402
3150 206458
3151 206799
3152 206861
3153 206992
3154 206923
3155 206696
3156 206806
3157 206949
3158 206742
3159 207384
3160 206463
3161 206800
3162 207420
3163 206774
3164 206565
3165 206914
3166 206609
3167 206737
3168 207260
3169 207261
3170 207164
3171 207005
3172 206603
3173 207124
3174 206910
3175 207155
3176 207647
3177 207296
3178 207117
3179 207079
3180 207537
3181 207155
3182 207333
3183 207175
3184 207216
3185 207043
3186 207142
3187 206788
3188 207803
3189 206899
3190 207327
3191 207934
3192 207625
3193 207456
3194 207514
3195 207286
3196 206812
3197 206965
3198 207465
3199 207106
3200 207131
3201 206793
3202 207180
3203 206910
3204 207175
3205 207427
3206 207849
3207 207111
3208 207197
3209 207168
3210 207641
3211 207113
3212 206922
3213 206879
3214 207205
3215 207818
3216 207685
3217 207431
3218 207329
3219 207136
3220 206961
3221 207248
3222 207543
3223 207491
3224 207735
3225 207512
3226 207616
3227 207580
3228 207379
3229 207132
3230 207479
3231 207528
3232 207698
3233 207726
3234 207750
3235 206999
3236 207829
3237 207657
3238 207413
3239 207745
3240 207157
3241 207397
3242 207853
3243 207762
3244 207452
3245 207454
3246 207650
3247 207142
3248 207726
3249 207787
3250 208152
3251 207884
3252 207585
3253 208011
3254 207802
3255 207522
3256 207275
3257 207646
3258 207280
3259 207503
3260 208504
3261 207869
3262 208223
3263 208180
3264 208266
3265 208061
3266 208255
3267 208026
3268 207864
3269 208435
3270 208145
3271 207876
3272 208246
3273 208731
3274 208166
3275 208569
3276 208301
3277 208529
3278 208522
3279 208117
3280 208082
3281 207404
3282 208089
3283 208039
3284 208044
3285 207882
3286 207912
3287 208074
3288 208179
3289 207328
3290 207999
3291 208527
3292 207298
3293 208094
3294 207943
3295 207988
3296 207944
3297 208084
3298 207852
3299 208452
3300 208242
3301 207988
3302 207897
3303 208045
3304 207828
3305 207565
3306 208117
3307 208274
3308 207979
3309 208089
3310 207986
3311 207694
3312 207727
3313 208133
3314 208353
3315 207673
3316 207587
3317 207818
3318 208025
3319 208622
3320 207050
3321 208281
3322 208039
3323 207849
3324 208339
3325 208006
3326 207808
3327 208140
3328 207687
3329 208133
3330 208338
3331 208059
3332 207483
3333 208344
3334 208691
3335 208452
3336 208296
3337 208234
3338 208297
3339 208262
3340 208774
3341 207994
3342 208374
3343 208258
3344 208696
3345 208502
3346 208416
3347 208094
3348 208554
3349 208314
3350 208610
3351 208463
3352 208526
3353 208603
3354 208272
3355 208003
3356 208914
3357 208175
3358 208446
3359 208399
3360 208631
3361 208102
3362 208388
3363 208605
3364 208953
3365 208084
3366 208864
3367 208496
3368 208878
3369 208632
3370 208004
3371 208919
3372 208177
3373 208943
3374 208248
3375 208923
3376 208659
3377 208447
3378 209022
3379 208876
3380 208221
3381 208771
3382 208854
3383 209348
3384 208739
3385 209014
3386 209033
3387 208798
3388 208729
3389 208607
3390 208639
3391 208661
3392 209069
3393 208667
3394 208815
3395 208517
3396 208528
3397 208918
3398 209239
3399 209048
3400 208823
3401 208413
3402 209074
3403 209059
3404 208668
3405 208712
3406 209257
3407 208028
3408 208678
3409 209295
3410 209154
3411 209065
3412 209118
3413 208717
3414 208307
3415 208952
3416 208916
3417 209255
3418 208657
3419 208927
3420 209192
3421 208835
3422 209063
3423 208573
3424 209030
3425 209374
3426 209097
3427 209279
3428 209299
3429 208693
3430 209319
3431 208875
3432 209057
3433 209255
3434 209213
3435 209461
3436 209113
3437 208890
3438 208931
3439 209019
3440 209424
3441 208738
3442 209155
3443 209410
3444 209044
3445 208904
3446 209099
3447 208897
3448 209367
3449 209024
3450 209478
3451 209326
3452 209260
3453 208844
3454 209010
3455 209143
3456 209120
3457 209425
3458 209448
3459 209090
3460 208496
3461 209205
3462 209181
3463 209639
3464 209025
3465 209944
3466 209298
3467 209647
3468 209423
3469 209329
3470 209742
3471 209446
3472 209430
3473 209691
3474 209195
3475 209515
3476 209418
3477 208826
3478 209625
3479 209115
3480 209576
3481 209684
3482 209397
3483 209304
3484 209489
3485 209380
3486 209966
3487 210005
3488 209307
3489 209601
3490 209633
3491 209782
3492 209742
3493 209619
3494 209836
3495 209532
3496 209953
3497 209654
3498 209654
3499 210130
3500 209562
3501 209757
3502 209692
3503 209885
3504 209515
3505 209717
3506 209195
3507 209726
3508 209840
3509 210200
3510 209710
3511 209802
3512 209729
3513 210110
3514 209707
3515 210214
3516 210229
3517 210201
3518 209643
3519 209909
3520 209466
3521 209495
3522 209584
3523 209787
3524 209744
3525 209747
3526 209762
3527 210009
3528 210180
3529 209929
3530 209956
3531 210186
3532 209606
3533 210114
3534 210308
3535 210264
3536 209987
3537 209787
3538 210477
3539 210520
3540 210045
3541 210398
3542 210123
3543 209886
3544 210196
3545 210590
3546 209914
3547 210380
3548 210281
3549 209778
3550 210031
3551 210286
3552 209942
3553 210039
3554 209753
3555 209882
3556 209908
3557 209675
3558 209948
3559 210478
3560 210114
3561 209878
3562 210197
3563 210312
3564 210186
3565 209812
3566 209545
3567 210037
3568 210127
3569 209908
3570 210145
3571 210196
3572 209388
3573 209729
3574 209793
3575 209537
3576 209985
3577 209641
3578 209564
3579 209827
3580 209676
3581 209623
3582 210025
3583 209542
3584 209326
3585 209718
3586 209259
3587 210173
3588 209819
3589 210079
3590 209798
3591 210454
3592 209469
3593 209816
3594 209626
3595 209833
3596 210249
3597 209931
3598 208943
3599 209483
3600 209591
3601 209351
3602 210518
3603 209587
3604 209710
3605 209787
3606 209592
3607 209685
3608 209130
3609 209388
3610 209614
3611 209839
3612 210106
3613 209650
3614 209044
3615 209399
3616 210058
3617 209925
3618 209285
3619 209529
3620 209133
3621 209571
3622 210062
3623 209033
3624 209041
3625 209320
3626 209558
3627 209707
3628 209727
3629 209677
3630 208831
3631 209265
3632 208893
3633 209532
3634 209405
3635 209496
3636 209304
3637 209300
3638 209021
3639 209116
3640 209748
3641 209671
3642 209206
3643 209445
3644 209043
3645 209384
3646 209855
3647 209551
3648 209516
3649 209224
3650 208850
3651 208894
3652 208872
3653 209158
3654 209393
3655 209219
3656 209552
3657 209410
3658 208901
3659 209096
3660 209362
3661 208986
3662 209512
3663 209261
3664 209906
3665 209467
3666 209351
3667 209180
3668 209308
3669 209590
3670 208665
3671 209221
3672 209378
3673 209201
3674 209656
3675 209053
3676 209479
3677 209487
3678 209431
3679 209181
3680 209151
3681 209671
3682 208729
3683 209184
3684 209351
3685 209233
3686 209548
3687 209648
3688 209268
3689 209126
3690 209063
3691 209064
3692 209244
3693 208964
3694 208968
3695 209137
3696 208721
3697 209564
3698 209410
3699 209281
3700 208982
3701 209252
3702 208665
3703 209198
3704 209511
3705 209196
3706 209009
3707 208742
3708 208845
3709 208879
3710 209116
3711 208907
3712 209206
3713 208396
3714 208521
3715 209072
3716 208972
3717 208587
3718 209220
3719 208993
3720 208813
3721 208811
3722 208799
3723 208843
3724 209123
3725 208744
3726 208842
3727 208808
3728 208400
3729 208937
3730 208525
3731 208779
3732 208939
3733 208847
3734 208425
3735 208791
3736 208606
3737 208721
3738 209024
3739 209312
3740 208848
3741 208561
3742 208639
3743 208545
3744 208900
3745 208768
3746 208772
3747 208335
3748 208425
3749 208863
3750 208831
3751 208567
3752 208672
3753 208587
3754 208583
3755 208806
3756 208930
3757 208596
3758 209212
3759 208371
3760 208917
3761 209027
3762 208478
3763 209190
3764 208447
3765 208658
3766 208503
3767 208749
3768 208602
3769 208808
3770 209198
3771 208760
3772 208943
3773 208910
3774 208690
3775 207982
3776 208522
3777 208999
3778 208151
3779 208590
3780 208067
3781 208569
3782 208633
3783 208806
3784 208584
3785 208502
3786 208144
3787 208498
3788 208641
3789 208783
3790 208661
3791 209160
3792 208387
3793 208670
3794 208556
3795 209068
3796 208872
3797 208153
3798 208212
3799 208444
3800 208458
3801 208879
3802 208470
3803 208332
3804 208380
3805 208862
3806 208373
3807 208393
3808 208505
3809 208395
3810 208820
3811 208154
3812 208674
3813 208904
3814 208724
3815 208605
3816 208799
3817 208652
3818 208537
3819 208295
3820 208169
3821 208482
3822 208454
3823 208287
3824 208027
3825 208944
3826 208465
3827 208624
3828 208209
3829 208128
3830 208342
3831 208505
3832 208167
3833 208345
3834 208302
3835 208557
3836 208234
3837 208292
3838 208249
3839 208365
3840 208451
3841 208436
3842 208049
3843 208203
3844 208156
3845 208159
3846 208081
3847 207863
3848 208504
3849 208007
3850 207817
3851 208466
3852 207546
3853 208164
3854 207891
3855 208407
3856 207653
3857 208184
3858 208116
3859 208069
3860 208527
3861 208146
3862 208130
3863 208011
3864 207791
3865 208199
3866 208216
3867 208560
3868 208241
3869 208492
3870 208412
3871 208245
3872 208214
3873 208165
3874 208216
3875 208058
3876 207894
3877 208539
3878 208244
3879 207602
3880 208219
3881 208387
3882 208489
3883 208320
3884 208120
3885 208464
3886 207927
3887 208084
3888 207458
3889 208041
3890 208340
3891 208292
3892 208218
3893 207986
3894 208357
3895 208659
3896 208015
3897 208050
3898 207892
3899 207983
3900 207947
3901 207748
3902 207760
3903 207953
3904 207775
3905 207558
3906 207886
3907 208110
3908 207964
3909 208296
3910 207589
3911 207894
3912 208188
3913 207686
3914 207598
3915 207614
3916 208331
3917 207292
3918 207585
3919 207601
3920 208179
3921 207798
3922 207352
3923 207577
3924 208157
3925 207405
3926 207380
3927 207680
3928 207766
3929 208045
3930 207993
3931 207727
3932 207501
3933 207288
3934 207406
3935 207592
3936 207975
3937 207701
3938 207814
3939 207576
3940 207426
3941 207727
3942 207658
3943 207831
3944 207347
3945 207432
3946 207612
3947 207938
3948 207396
3949 207313
3950 207038
3951 207954
3952 207931
3953 207696
3954 207347
3955 207585
3956 207204
3957 207629
3958 208193
3959 206981
3960 207549
3961 207946
3962 207574
3963 207207
3964 207541
3965 207506
3966 207698
3967 207117
3968 207511
3969 207980
3970 207827
3971 207634
3972 207223
3973 207416
3974 207593
3975 208190
3976 207856
3977 207740
3978 207794
3979 207571
3980 207056
3981 207313
3982 207422
3983 207905
3984 208096
3985 207493
3986 207096
3987 207892
3988 207647
3989 207404
3990 207291
3991 207860
3992 207214
3993 207641
3994 207780
3995 207501
3996 207501
3997 207542
3998 208252
3999 207696
4000 207377
4001 207514
4002 207894
4003 207922
4004 207208
4005 208154
4006 207365
4007 207317
4008 207598
4009 207632
4010 206916
4011 207862
4012 207406
4013 208006
4014 207473
4015 207853
4016 207715
4017 206908
4018 207667
4019 207375
4020 207848
4021 206943
4022 207609
4023 207235
4024 207551
4025 207550
4026 207540
4027 207129
4028 207248
4029 207217
4030 207087
4031 207690
4032 207822
4033 207367
4034 207560
4035 207454
4036 207521
4037 207971
4038 207524
4039 207700
4040 207485
4041 207277
4042 207386
4043 207268
4044 207291
4045 207290
4046 207394
4047 207592
4048 207769
4049 207744
4050 207593
4051 207908
4052 207422
4053 207788
4054 208332
4055 207784
4056 207279
4057 207717
4058 207884
4059 207566
4060 208285
4061 207927
4062 207493
4063 208125
4064 208124
4065 208026
4066 207467
4067 207509
4068 207736
4069 208761
4070 207838
4071 207833
4072 207500
4073 207638
4074 208037
4075 207464
4076 208202
4077 207832
4078 208216
4079 207848
4080 208306
4081 208341
4082 207606
4083 208188
4084 208315
4085 207811
4086 208298
4087 208106
4088 208686
4089 208255
4090 208029
4091 208064
4092 208592
4093 208343
4094 208448
4095 208369
4096 208251
4097 208691
4098 207724
4099 208777
4100 207676
4101 208303
4102 208050
4103 208494
4104 208398
4105 208547
4106 208825
4107 208356
4108 208214
4109 208186
4110 208297
4111 207869
4112 208091
4113 208409
4114 208314
4115 208370
4116 208175
4117 208334
4118 208179
4119 208597
4120 208666
4121 208793
4122 208774
4123 208736
4124 208260
4125 208769
4126 208756
4127 208517
4128 208833
4129 209101
4130 208598
4131 208714
4132 208744
4133 208241
4134 209479
4135 208257
4136 209007
4137 209167
4138 208823
4139 208273
4140 208645
4141 208759
4142 208648
4143 208698
4144 208863
4145 208727
4146 208861
4147 208953
4148 208800
4149 208834
4150 208974
4151 209103
4152 209413
4153 209597
4154 208777
4155 208889
4156 208873
4157 208622
4158 208814
4159 209242
4160 208604
4161 209406
4162 208677
4163 209381
4164 208838
4165 209085
4166 208467
4167 209415
4168 208853
4169 209071
4170 209325
4171 209189
4172 209344
4173 208722
4174 209272
4175 209049
4176 208760
4177 208755
4178 209157
4179 209095
4180 209140
4181 209084
4182 209001
4183 209437
4184 209393
4185 209382
4186 209381
4187 208948
4188 208856
4189 209731
4190 209440
4191 209228
4192 209285
4193 209643
4194 209457
4195 209550
4196 208635
4197 209180
4198 209428
4199 209865
4200 209288
4201 209082
4202 209231
4203 209545
4204 209288
4205 209523
4206 209458
4207 209483
4208 209083
4209 209362
4210 209241
4211 209223
4212 209119
4213 209656
4214 209914
4215 209813
4216 209796
4217 209507
4218 209935
4219 209598
4220 209903
4221 209793
4222 209869
4223 209953
4224 210020
4225 209780
4226 209855
4227 209186
4228 210143
4229 209788
4230 209745
4231 209635
4232 210010
4233 210198
4234 209465
4235 209714
4236 210114
4237 210073
4238 209686
4239 210173
4240 209640
4241 209715
4242 209562
4243 209769
4244 210435
4245 210450
4246 210014
4247 209779
4248 209636
4249 210020
4250 209822
4251 209804
4252 209986
4253 210094
4254 210096
4255 209741
4256 210217
4257 210157
4258 210121
4259 210320
4260 210380
4261 209764
4262 210439
4263 210235
4264 210504
4265 209891
4266 209993
4267 210329
4268 210549
4269 209999
4270 210278
4271 209908
4272 209944
4273 210108
4274 210309
4275 209987
4276 209792
4277 210041
4278 210135
4279 210464
4280 210286
4281 209761
4282 209971
4283 209754
4284 210120
4285 210464
4286 210658
4287 210126
4288 210404
4289 210264
4290 210529
4291 210285
4292 210803
4293 209838
4294 210650
4295 210236
4296 210087
4297 210523
4298 210222
4299 210455
4300 210408
4301 210332
4302 210591
4303 210338
4304 210074
4305 211254
4306 210355
4307 210148
4308 210033
4309 210388
4310 210523
4311 210549
4312 210318
4313 210453
4314 210642
4315 210439
4316 210743
4317 211058
4318 210522
4319 210295
4320 210917
4321 210019
4322 210317
4323 210287
4324 210743
4325 211011
4326 210748
4327 210125
4328 210774
4329 210290
4330 210968
4331 210416
4332 211051
4333 211090
4334 210437
4335 210521
4336 210466
4337 211073
4338 210260
4339 210964
4340 210945
4341 210638
4342 210495
4343 211190
4344 210390
4345 211115
4346 210784
4347 210457
4348 210682
4349 210679
4350 210878
4351 210890
4352 211119
4353 210659
4354 210682
4355 211265
4356 210783
4357 211338
4358 210671
4359 210676
4360 210527
4361 211145
4362 211560
4363 211280
4364 210683
4365 211189
4366 211083
4367 211112
4368 211406
4369 211220
4370 210551
4371 211255
4372 210953
4373 211101
4374 210903
4375 210794
4376 211187
4377 211832
4378 211193
4379 211202
4380 210685
4381 210994
4382 210929
4383 211547
4384 211236
4385 211305
4386 211261
4387 211035
4388 211116
4389 211085
4390 211432
4391 211089
4392 211264
4393 211199
4394 210868
4395 211564
4396 211253
4397 210957
4398 211199
4399 211198
4400 211919
4401 211534
4402 211224
4403 211456
4404 211827
4405 211219
4406 211627
4407 211610
4408 211064
4409 211304
4410 212199
4411 211355
4412 211776
4413 211705
4414 211600
4415 211219
4416 211803
4417 211407
4418 211473
4419 211522
4420 211862
4421 211981
4422 211513
4423 211738
4424 211706
4425 211517
4426 211624
4427 211414
4428 211864
4429 211843
4430 212110
4431 211426
4432 211936
4433 211846
4434 212244
4435 211723
4436 211606
4437 211717
4438 211872
4439 212212
4440 211874
4441 211791
4442 212143
4443 211711
4444 211736
4445 212744
4446 211863
4447 211761
4448 212122
4449 212120
4450 211878
4451 211662
4452 211980
4453 212649
4454 211862
4455 211617
4456 211801
4457 212125
4458 212312
4459 212136
4460 211897
4461 211987
4462 212204
4463 212647
4464 211935
4465 212697
4466 211819
4467 211986
4468 212963
4469 211868
4470 212748
4471 212240
4472 212618
4473 212526
4474 212154
4475 212430
4476 212311
4477 212307
4478 211868
4479 212343
4480 212788
4481 212471
4482 212694
4483 212546
4484 212355
4485 212514
4486 212513
4487 212583
4488 212691
4489 212203
4490 212540
4491 213002
4492 212610
4493 212591
4494 212554
4495 212420
4496 212630
4497 212412
4498 212722
4499 212832
4500 212821
4501 212242
4502 212533
4503 212863
4504 212620
4505 212969
4506 213693
4507 212948
4508 213282
4509 212865
4510 213784
4511 213668
4512 214430
4513 214374
4514 214083
4515 214050
4516 213157
4517 213992
4518 213807
4519 213471
4520 213548
4521 214184
4522 213950
4523 213610
4524 214220
4525 213875
4526 213738
4527 213461
4528 213463
4529 213263
4530 213258
4531 213698
4532 213698
4533 213437
4534 213621
4535 213858
4536 213628
4537 213843
4538 214265
4539 214148
4540 213939
4541 214370
4542 213527
4543 213977
4544 214042
4545 214372
4546 214151
4547 213899
4548 213941
4549 213639
4550 213622
4551 213359
4552 213412
4553 214029
4554 213948
4555 213947
4556 213024
4557 213169
4558 213338
4559 213827
4560 213458
4561 213307
4562 213290
4563 213167
4564 213020
4565 213489
4566 213746
4567 213317
4568 213624
4569 213337
4570 213343
4571 213535
4572 213478
4573 213469
4574 213479
4575 213240
4576 213325
4577 213014
4578 213431
4579 213407
4580 213350
4581 213312
4582 213007
4583 213313
4584 213104
4585 213442
4586 212991
4587 212900
4588 213769
4589 213673
4590 213002
4591 213318
4592 213208
4593 213097
4594 213075
4595 213374
4596 213325
4597 212934
4598 213233
4599 213578
4600 213316
4601 213138
4602 213555
4603 213047
4604 213049
4605 213024
4606 212803
4607 212993
4608 212949
4609 213219
4610 213418
4611 213378
4612 213253
4613 213030
4614 213158
4615 212839
4616 213249
4617 213447
4618 213342
4619 212672
4620 213223
4621 213465
4622 212529
4623 213046
4624 213589
4625 212881
4626 213084
4627 212824
4628 212621
4629 213198
4630 212874
4631 213124
4632 213427
4633 212616
4634 213195
4635 212988
4636 213406
4637 213455
4638 212871
4639 213418
4640 212937
4641 213272
4642 212970
4643 213009
4644 213374
4645 213120
4646 213232
4647 213089
4648 213508
4649 213201
4650 212850
4651 213340
4652 212638
4653 212910
4654 213122
4655 213231
4656 213881
4657 213319
4658 213123
4659 213395
4660 212641
4661 213164
4662 212797
4663 213111
4664 212411
4665 212904
4666 212840
4667 213130
4668 212544
4669 212938
4670 212831
4671 213035
4672 212495
4673 212895
4674 212747
4675 212628
4676 213218
4677 213017
4678 213150
4679 212923
4680 213040
4681 212436
4682 212883
4683 213452
4684 212925
4685 212591
4686 213280
4687 213464
4688 213212
4689 212952
4690 213127
4691 213009
4692 212987
4693 213106
4694 213100
4695 212847
4696 212727
4697 212826
4698 212718
4699 213351
4700 212868
4701 213046
4702 213377
4703 213422
4704 213082
4705 213264
4706 213293
4707 212623
4708 213049
4709 212555
4710 213030
4711 212962
4712 213059
4713 213211
4714 212860
4715 213406
4716 212828
4717 213007
4718 212900
4719 213517
4720 213294
4721 213568
4722 213212
4723 212877
4724 213139
4725 213029
4726 213148
4727 212083
4728 213180
4729 213332
4730 213012
4731 213086
4732 213227
4733 213390
4734 212988
4735 212870
4736 213112
4737 213404
4738 213370
4739 212750
4740 212178
4741 212901
4742 213063
4743 213015
4744 212567
4745 213568
4746 213645
4747 212784
4748 212880
4749 212781
4750 213069
4751 212644
4752 213664
4753 212826
4754 213017
4755 212614
4756 212649
4757 213308
4758 212768
4759 212564
4760 212387
4761 212639
4762 213314
4763 212710
4764 212683
4765 213111
4766 213256
4767 212732
4768 212633
4769 213172
4770 212834
4771 212752
4772 212719
4773 212392
4774 212797
4775 212397
4776 212453
4777 213058
4778 212526
4779 212331
4780 212625
4781 212891
4782 212597
4783 212455
4784 212532
4785 212705
4786 212362
4787 212860
4788 212465
4789 213191
4790 212680
4791 212562
4792 213252
4793 212709
4794 212609
4795 213035
4796 212593
4797 213262
4798 212789
4799 212509
4800 212394
4801 212716
4802 213043
4803 212868
4804 212745
4805 213007
4806 213032
4807 212992
4808 212404
4809 212781
4810 212545
4811 212811
4812 212722
4813 212826
4814 213124
4815 212893
4816 212729
4817 212638
4818 212499
4819 213332
4820 212569
4821 212673
4822 212739
4823 212887
4824 213033
4825 213111
4826 212517
4827 212900
4828 212778
4829 212356
4830 212571
4831 212783
4832 213274
4833 212341
4834 212421
4835 212590
4836 212328
4837 212297
4838 212961
4839 212207
4840 212395
4841 212647
4842 212544
4843 212058
4844 212069
4845 212484
4846 212522
4847 212556
4848 212377
4849 212345
4850 212311
4851 212194
4852 212418
4853 212360
4854 212852
4855 212123
4856 212667
4857 211920
4858 211981
4859 212438
4860 211952
4861 212024
4862 212208
4863 212444
4864 211595
4865 212097
4866 212138
4867 212264
4868 212138
4869 211865
4870 211883
4871 212430
4872 211812
4873 212176
4874 212024
4875 212494
4876 212522
4877 212187
4878 211638
4879 211774
4880 211686
4881 212394
4882 212090
4883 211579
4884 211877
4885 212144
4886 211990
4887 211906
4888 212115
4889 211604
4890 211847
4891 212070
4892 211200
4893 211957
4894 212143
4895 211428
4896 211724
4897 211547
4898 211975
4899 211744
4900 211538
4901 211903
4902 211657
4903 211432
4904 211292
4905 211556
4906 210975
4907 211993
4908 211378
4909 211569
4910 212012
4911 211492
4912 210731
4913 211188
4914 211408
4915 210888
4916 211118
4917 210942
4918 211195
4919 211839
4920 210797
4921 211476
4922 211088
4923 211033
4924 211008
4925 211178
4926 210629
4927 210974
4928 210817
4929 210980
4930 210368
4931 210941
4932 211076
4933 210526
4934 210943
4935 210928
4936 210967
4937 210441
4938 211354
4939 210930
4940 210349
4941 210766
4942 210984
4943 210533
4944 210884
4945 210619
4946 210729
4947 210739
4948 210795
4949 210695
4950 210493
4951 210295
4952 210873
4953 210840
4954 211055
4955 210310
4956 210815
4957 210616
4958 210617
4959 210377
4960 210489
4961 210185
4962 210016
4963 210262
4964 210204
4965 210658
4966 210477
4967 210767
4968 210270
4969 210220
4970 209918
4971 210834
4972 210624
4973 209946
4974 210318
4975 210551
4976 210045
4977 210087
4978 210265
4979 210370
4980 210004
4981 210131
4982 210540
4983 210378
4984 210386
4985 210347
4986 209885
4987 210271
4988 210085
4989 210480
4990 210026
4991 209901
4992 210246
4993 210709
4994 209838
4995 210113
4996 209083
4997 209749
4998 209822
4999 209997
5000 209682
5001 209746
5002 209486
5003 209720
5004 210305
5005 209713
5006 210260
5007 210314
5008 210047
5009 210074
5010 209824
5011 209771
5012 210241
5013 209579
5014 209834
5015 209413
5016 209865
5017 209334
5018 210265
5019 209312
5020 209415
5021 209450
5022 209511
5023 209599
5024 209506
5025 209880
5026 209840
5027 209564
5028 209149
5029 209503
5030 209396
5031 209413
5032 209642
5033 209568
5034 209334
5035 209202
5036 209176
5037 209272
5038 209307
5039 209930
5040 209839
5041 209089
5042 209112
5043 209283
5044 209364
5045 209239
5046 209273
5047 209418
5048 209549
5049 209492
5050 209924
5051 209479
5052 209366
5053 209125
5054 209440
5055 209199
5056 209211
5057 209692
5058 209786
5059 210002
5060 209706
5061 209523
5062 209566
5063 209482
5064 210130
5065 210226
5066 209842
5067 209155
5068 209654
5069 209575
5070 209594
5071 209368
5072 209401
5073 209592
5074 209925
5075 208918
5076 209295
5077 209664
5078 209652
5079 209841
5080 209620
5081 209240
5082 210017
5083 209579
5084 209886
5085 209834
5086 209372
5087 208974
5088 209419
5089 209349
5090 209195
5091 209074
5092 209021
5093 209338
5094 209274
5095 209653
5096 209655
5097 209714
5098 209218
5099 209046
5100 209128
5101 209130
5102 209408
5103 209330
5104 209247
5105 209057
5106 209222
5107 208448
5108 208973
5109 208684
5110 209107
5111 208956
5112 209363
5113 209451
5114 209158
5115 209517
5116 209391
5117 209203
5118 209267
5119 209564
5120 209373
5121 209147
5122 209408
5123 209384
5124 209526
5125 209429
5126 209374
5127 209310
5128 209378
5129 209264
5130 209475
5131 209407
5132 209885
5133 209446
5134 209265
5135 209501
5136 209757
5137 209806
5138 210087
5139 209878
5140 209450
5141 210028
5142 209962
5143 209635
5144 209773
5145 209549
5146 209492
5147 209491
5148 209800
5149 209359
5150 208954
5151 209699
5152 209787
5153 209611
5154 209459
5155 209553
5156 209272
5157 209459
5158 209428
5159 209874
5160 209364
5161 209709
5162 209626
5163 209732
5164 209591
5165 209503
5166 209446
5167 209000
5168 209347
5169 209201
5170 209547
5171 209514
5172 209682
5173 209925
5174 209578
5175 209578
5176 210109
5177 209740
5178 209406
5179 208637
5180 209767
5181 210011
5182 209381
5183 209432
5184 209280
5185 208928
5186 209717
5187 209188
5188 208937
5189 209464
5190 209487
5191 209149
5192 209353
5193 209401
5194 209007
5195 209840
5196 209305
5197 209470
5198 209534
5199 209450
5200 209264
5201 209639
5202 209465
5203 209979
5204 209872
5205 210077
5206 210078
5207 209482
5208 209545
5209 209299
5210 209311
5211 209375
5212 209317
5213 209623
5214 209543
5215 209946
5216 209119
5217 209763
5218 210017
5219 210147
5220 209479
5221 209089
5222 209451
5223 209424
5224 209116
5225 209730
5226 209396
5227 209233
5228 209807
5229 209996
5230 209244
5231 209632
5232 209198
5233 209937
5234 209282
5235 209229
5236 209778
5237 209556
5238 210243
5239 209636
5240 209220
5241 209687
5242 209717
5243 209196
5244 209830
5245 209810
5246 209663
5247 209747
5248 209530
5249 209678
5250 209074
5251 209530
5252 209664
5253 209956
5254 210161
5255 209760
5256 209919
5257 209818
5258 209834
5259 209219
5260 209835
5261 209876
5262 209876
5263 209874
5264 210147
5265 209737
5266 209739
5267 209516
5268 209218
5269 209734
5270 209643
5271 209958
5272 209566
5273 209300
5274 209842
5275 210081
5276 209904
5277 209361
5278 209316
5279 209729
5280 209967
5281 209529
5282 209422
5283 209235
5284 209526
5285 209692
5286 209513
5287 209393
5288 209525
5289 209507
5290 209589
5291 208832
5292 209208
5293 209076
5294 209294
5295 208901
5296 208827
5297 209149
5298 208745
5299 209094
5300 208874
5301 209055
5302 208824
5303 208758
5304 209052
5305 208967
5306 208272
5307 209367
5308 208880
5309 208682
5310 209028
5311 209125
5312 208821
5313 209527
5314 209007
5315 209099
5316 208903
5317 208799
5318 208910
5319 209112
5320 208910
5321 208766
5322 208308
5323 208663
5324 208746
5325 208921
5326 208947
5327 208832
5328 208778
5329 208445
5330 208773
5331 208843
5332 208646
5333 208995
5334 209110
5335 208581
5336 209229
5337 208199
5338 208748
5339 208451
5340 208821
5341 208473
5342 209044
5343 208637
5344 208217
5345 209172
5346 208849
5347 209109
5348 209218
5349 208725
5350 208622
5351 208835
5352 208880
5353 208638
5354 208522
5355 208733
5356 209166
5357 208778
5358 208336
5359 208533
5360 208755
5361 208588
5362 208463
5363 208540
5364 208375
5365 209110
5366 208597
5367 208537
5368 209078
5369 208045
5370 208466
5371 208730
5372 208266
5373 208673
5374 208461
5375 208014
5376 208390
5377 208579
5378 208024
5379 208371
5380 208181
5381 208356
5382 208037
5383 208782
5384 208029
5385 208224
5386 208287
5387 208581
5388 208595
5389 208608
5390 208753
5391 208715
5392 208336
5393 208546
5394 208993
5395 208407
5396 208918
5397 208782
5398 208867
5399 208767
5400 209013
5401 208679
5402 208386
5403 209085
5404 208719
5405 208391
5406 208550
5407 208599
5408 208631
5409 208752
5410 208400
5411 208977
5412 208917
5413 209141
5414 209314
5415 208255
5416 209062
5417 208330
5418 209161
5419 208841
5420 208579
5421 208669
5422 208717
5423 209048
5424 208148
5425 208685
5426 208864
5427 208270
5428 208539
5429 208492
5430 208630
5431 208538
5432 208595
5433 208263
5434 208398
5435 208630
5436 208495
5437 208379
5438 208675
5439 208438
5440 208558
5441 208423
5442 208750
5443 208418
5444 208515
5445 208536
5446 208365
5447 208454
5448 208887
5449 208392
5450 208738
5451 208623
5452 208534
5453 208374
5454 208178
5455 208063
5456 208291
5457 208303
5458 208320
5459 208304
5460 208349
5461 207804
5462 208422
5463 208681
5464 208357
5465 208852
5466 207961
5467 208843
5468 208088
5469 207876
5470 208534
5471 208052
5472 207773
5473 208361
5474 208515
5475 207771
5476 208123
5477 208730
5478 208233
5479 208073
5480 208301
5481 208309
5482 208716
5483 208231
5484 208360
5485 208206
5486 208607
5487 207934
5488 207888
5489 208385
5490 208580
5491 207908
5492 208690
5493 208684
5494 208396
5495 208501
5496 208319
5497 208456
5498 208780
5499 208292
5500 208310
5501 208541
5502 208774
5503 208483
5504 208469
5505 208438
5506 208218
5507 208413
5508 208614
5509 208787
5510 208026
5511 208454
5512 208345
5513 208599
5514 208759
5515 208861
5516 208844
5517 208533
5518 208663
5519 208680
5520 208376
5521 208689
5522 208359
5523 208138
5524 208544
5525 208051
5526 208529
5527 208976
5528 208449
5529 207805
5530 208384
5531 208409
5532 208286
5533 208335
5534 208062
5535 208016
5536 207656
5537 208673
5538 208656
5539 208534
5540 208618
5541 208165
5542 208693
5543 208445
5544 208590
5545 208280
5546 208912
5547 208498
5548 208029
5549 208303
5550 208366
5551 208714
5552 208417
5553 208326
5554 208510
5555 208494
5556 208926
5557 208303
5558 208207
5559 208935
5560 208595
5561 208422
5562 208468
5563 208645
5564 208383
5565 208342
5566 208618
5567 207963
5568 208498
5569 208622
5570 208571
5571 208459
5572 208465
5573 208374
5574 208239
5575 208034
5576 208234
5577 208115
5578 207987
5579 208563
5580 208677
5581 208091
5582 208052
5583 208174
5584 208138
5585 208364
5586 208433
5587 208192
5588 208460
5589 208212
5590 208722
5591 208328
5592 209052
5593 208184
5594 207657
5595 208224
5596 208447
5597 208203
5598 208354
5599 208283
5600 208511
5601 208408
5602 208505
5603 208081
5604 208249
5605 208199
5606 208087
5607 208070
5608 208322
5609 208086
5610 208483
5611 208764
5612 208032
5613 208123
5614 208173
5615 208463
5616 207698
5617 208002
5618 208049
5619 207924
5620 207784
5621 207343
5622 208299
5623 207398
5624 207630
5625 207948
5626 207667
5627 208170
5628 207739
5629 207589
5630 207511
5631 207749
5632 207751
5633 207360
5634 207187
5635 207069
5636 207901
5637 208186
5638 207486
5639 207472
5640 207647
5641 207901
5642 207557
5643 207799
5644 207415
5645 207462
5646 207318
5647 207832
5648 207657
5649 207215
5650 207413
5651 207981
5652 207899
5653 207382
5654 207315
5655 207357
5656 207167
5657 207953
5658 207175
5659 207805
5660 207881
5661 207776
5662 207384
5663 207945
5664 206629
5665 207192
5666 207241
5667 207557
5668 207035
5669 207517
5670 206980
5671 206996
5672 207602
5673 207039
5674 207087
5675 207164
5676 207363
5677 207403
5678 206802
5679 207326
5680 207062
5681 207255
5682 207487
5683 207268
5684 206840
5685 207328
5686 207403
5687 207323
5688 207611
5689 207480
5690 207333
5691 206985
5692 207290
5693 207083
5694 207744
5695 207313
5696 207631
5697 207108
5698 207689
5699 206835
5700 206871
5701 207275
5702 207791
5703 207470
5704 207631
5705 207354
5706 207474
5707 207137
5708 207815
5709 206845
5710 207006
5711 207372
5712 207115
5713 207152
5714 206879
5715 206976
5716 206598
5717 206950
5718 206915
5719 206664
5720 207112
5721 207259
5722 207155
5723 206784
5724 207010
5725 206821
5726 206826
5727 206859
5728 206802
5729 206884
5730 206721
5731 206969
5732 206806
5733 206808
5734 206747
5735 206657
5736 207221
5737 206435
5738 207012
5739 206411
5740 206735
5741 206672
5742 206584
5743 207435
5744 207415
5745 206592
5746 206373
5747 206655
5748 206894
5749 206906
5750 206602
5751 206731
5752 206266
5753 206877
5754 206914
5755 206566
5756 206778
5757 206905
5758 206426
5759 206767
5760 206606
5761 206665
5762 206576
5763 206944
5764 206119
5765 206385
5766 206476
5767 206709
5768 206261
5769 206186
5770 206268
5771 206799
5772 206535
5773 206899
5774 206394
5775 206588
5776 207069
5777 206218
5778 206194
5779 206298
5780 206030
5781 206854
5782 207195
5783 205940
5784 206047
5785 206308
5786 206310
5787 206515
5788 206522
5789 206719
5790 206033
5791 205883
5792 206172
5793 206879
5794 206963
5795 206488
5796 206736
5797 206359
5798 206494
5799 206787
5800 205934
5801 206090
5802 206714
5803 206304
5804 206252
5805 206236
5806 206059
5807 205924
5808 206280
5809 206359
5810 206068
5811 206238
5812 206419
5813 206968
5814 206595
5815 206610
5816 206672
5817 206611
5818 206058
5819 206173
5820 206403
5821 206327
5822 205939
5823 206217
5824 205751
5825 205959
5826 206186
5827 205719
5828 206018
5829 205545
5830 205951
5831 206045
5832 205779
5833 205726
5834 206014
5835 206445
5836 206285
5837 205540
5838 205585
5839 205616
5840 206105
5841 205861
5842 205734
5843 205806
5844 205835
5845 205848
5846 206382
5847 205978
5848 206150
5849 205745
5850 206321
5851 206206
5852 205741
5853 205966
5854 205688
5855 206544
5856 205484
5857 205724
5858 205779
5859 205940
5860 206313
5861 205781
5862 205401
5863 206207
5864 204647
5865 205324
5866 205372
5867 205413
5868 205953
5869 205304
5870 205728
5871 205119
5872 205552
5873 205529
5874 205297
5875 205647
5876 205410
5877 205458
5878 205320
5879 205538
5880 205908
5881 205531
5882 204840
5883 205704
5884 205934
5885 205204
5886 205217
5887 205408
5888 205524
5889 205336
5890 205458
5891 205150
5892 205173
5893 205527
5894 205538
5895 205140
5896 205181
5897 205060
5898 205803
5899 205114
5900 205304
5901 205601
5902 205694
5903 205412
5904 205378
5905 205745
5906 205209
5907 205319
5908 205343
5909 205769
5910 204844
5911 204804
5912 204851
5913 205108
5914 204919
5915 204690
5916 204823
5917 204626
5918 204949
5919 205213
5920 205086
5921 205341
5922 205135
5923 204933
5924 205358
5925 205105
5926 205115
5927 205189
5928 205546
5929 205485
5930 205448
5931 205195
5932 205686
5933 204888
5934 205043
5935 204782
5936 205007
5937 204675
5938 205060
5939 204866
5940 205241
5941 205275
5942 204835
5943 204711
5944 205288
5945 204827
5946 205426
5947 205091
5948 204626
5949 204727
5950 205005
5951 204921
5952 204973
5953 204924
5954 205007
5955 204703
5956 204918
5957 204328
5958 205174
5959 205445
5960 204835
5961 203990
5962 204653
5963 204714
5964 204475
5965 204462
5966 204385
5967 204636
5968 204967
5969 204897
5970 203972
5971 204782
5972 204353
5973 204377
5974 204521
5975 204404
5976 204578
5977 204720
5978 204653
5979 204124
5980 204810
5981 204944
5982 205097
5983 203965
5984 204711
5985 204905
5986 204669
5987 204548
5988 204442
5989 204799
5990 205059
5991 204695
5992 204797
5993 204122
5994 204818
5995 204468
5996 204599
5997 204523
5998 204376
5999 204178
6000 204360
6001 204762
6002 204514
6003 204903
6004 204882
6005 204395
6006 204530
6007 204563
6008 204035
6009 203899
6010 203985
6011 204307
6012 203980
6013 204186
6014 204311
6015 204872
6016 204438
6017 203968
6018 204129
6019 204298
6020 204272
6021 204532
6022 204401
6023 204348
6024 204415
6025 204368
6026 204524
6027 204470
6028 204235
6029 203921
6030 204235
6031 204118
6032 203990
6033 204138
6034 203759
6035 204238
6036 203835
6037 203523
6038 204534
6039 203973
6040 204105
6041 203762
6042 204320
6043 204715
6044 204154
6045 204000
6046 203730
6047 204002
6048 204009
6049 203737
6050 203985
6051 203800
6052 203779
6053 203457
6054 204385
6055 203978
6056 203818
6057 204646
6058 204065
6059 203403
6060 204013
6061 204333
6062 203728
6063 203563
6064 204203
6065 204328
6066 203953
6067 203999
6068 204379
6069 204508
6070 203971
6071 204549
6072 204583
6073 204185
6074 204227
6075 204264
6076 203085
6077 204243
6078 203963
6079 203583
6080 204044
6081 204454
6082 203605
6083 203891
6084 204110
6085 203896
6086 204432
6087 204435
6088 203971
6089 203841
6090 204311
6091 203934
6092 204046
6093 203992
6094 204083
6095 203743
6096 203446
6097 204431
6098 204110
6099 204157
6100 204340
6101 204095
6102 204522
6103 203821
6104 204579
6105 204207
6106 204712
6107 204167
6108 204261
6109 204339
6110 204427
6111 203901
6112 203836
6113 204748
6114 204826
6115 203916
6116 204598
6117 204396
6118 204630
6119 204366
6120 204401
6121 204025
6122 204665
6123 204245
6124 204616
6125 204497
6126 205517
6127 204787
6128 204964
6129 204881
6130 204760
6131 204253
6132 204851
6133 204790
6134 204698
6135 204491
6136 204579
6137 204058
6138 204642
6139 204163
6140 204542
6141 204345
6142 204666
6143 204768
6144 204440
6145 204639
6146 203801
6147 204272
6148 204880
6149 204615
6150 204217
6151 204276
6152 204109
6153 204803
6154 204275
6155 204487
6156 204297
6157 204712
6158 204025
6159 204757
6160 204041
6161 204441
6162 204455
6163 204899
6164 204543
6165 204417
6166 204122
6167 204883
6168 204816
6169 204976
6170 204485
6171 204540
6172 204931
6173 204738
6174 204945
6175 205012
6176 204265
6177 204770
6178 204882
6179 204893
6180 205414
6181 204793
6182 204919
6183 204514
6184 204367
6185 204905
6186 204519
6187 204644
6188 205257
6189 204627
6190 204663
6191 204886
6192 204756
6193 205012
6194 204608
6195 204678
6196 204992
6197 205079
6198 204944
6199 204921
6200 204883
6201 205420
6202 205342
6203 204607
6204 205171
6205 204841
6206 204816
6207 204722
6208 204650
6209 204846
6210 205371
6211 205398
6212 204876
6213 205140
6214 204800
6215 204627
6216 205203
6217 204995
6218 205543
6219 204555
6220 204481
6221 204647
6222 204929
6223 204815
6224 204789
6225 204763
6226 204703
6227 205080
6228 204881
6229 204894
6230 204787
6231 204241
6232 204936
6233 204782
6234 204886
6235 204755
6236 205374
6237 205052
6238 204837
6239 205308
6240 204945
6241 204748
6242 205065
6243 205052
6244 205152
6245 205054
6246 204403
6247 204360
6248 205080
6249 204666
6250 205035
6251 204905
6252 205305
6253 205591
6254 205332
6255 205043
6256 205173
6257 205046
6258 205080
6259 205675
6260 205495
6261 205143
6262 205325
6263 204975
6264 205157
6265 204926
6266 205222
6267 205414
6268 205287
6269 205523
6270 205141
6271 205450
6272 206084
6273 205365
6274 204927
6275 205693
6276 205339
6277 205117
6278 205495
6279 205198
6280 205382
6281 204804
6282 205696
6283 204994
6284 205178
6285 205374
6286 205896
6287 205327
6288 205694
6289 205384
6290 205681
6291 205582
6292 205728
6293 205191
6294 205210
6295 205596
6296 205326
6297 205247
6298 205305
6299 205428
6300 205237
6301 205233
6302 206156
6303 205757
6304 205791
6305 205987
6306 205265
6307 205472
6308 205438
6309 205923
6310 205375
6311 205310
6312 205737
6313 205257
6314 205638
6315 205655
6316 205796
6317 205687
6318 205636
6319 205352
6320 205796
6321 205659
6322 206054
6323 206398
6324 206282
6325 205194
6326 205936
6327 205758
6328 205973
6329 205525
6330 205874
6331 205603
6332 205780
6333 205398
6334 205472
6335 205794
6336 205934
6337 205306
6338 206207
6339 205990
6340 205889
6341 205164
6342 206347
6343 205418
6344 206141
6345 205359
6346 205519
6347 206149
6348 205881
6349 205525
6350 205722
6351 205826
6352 205139
6353 204990
6354 205510
6355 205907
6356 205444
6357 205317
6358 205484
6359 205543
6360 205447
6361 205501
6362 205539
6363 205131
6364 206118
6365 206079
6366 206011
6367 205533
6368 205532
6369 205512
6370 206138
6371 205767
6372 205905
6373 205739
6374 205796
6375 206220
6376 205356
6377 205724
6378 206103
6379 205490
6380 205822
6381 206814
6382 206005
6383 205754
6384 205573
6385 205702
6386 205959
6387 206162
6388 205539
6389 205304
6390 205864
6391 206273
6392 205445
6393 205538
6394 205913
6395 205869
6396 205650
6397 205758
6398 205907
6399 206131
6400 205633
6401 205965
6402 206005
6403 206054
6404 205527
6405 206004
6406 206221
6407 205695
6408 205772
6409 205820
6410 205748
6411 205382
6412 205939
6413 206275
6414 206069
6415 205918
6416 206353
6417 205190
6418 205965
6419 205894
6420 205632
6421 205366
6422 206013
6423 205950
6424 206049
6425 206288
6426 206003
6427 206092
6428 206099
6429 205704
6430 206181
6431 205928
6432 206106
6433 206431
6434 206587
6435 206405
6436 206209
6437 205995
6438 205698
6439 206236
6440 206397
6441 205832
6442 205668
6443 206220
6444 206460
6445 205891
6446 206455
6447 205683
6448 205907
6449 206335
6450 205794
6451 205926
6452 205830
6453 206311
6454 206356
6455 206118
6456 206252
6457 206711
6458 205740
6459 206107
6460 206063
6461 206503
6462 206220
6463 205981
6464 205961
6465 205801
6466 206504
6467 205664
6468 206153
6469 206038
6470 205974
6471 206000
6472 206237
6473 206086
6474 205726
6475 205511
6476 206344
6477 206161
6478 206284
6479 206051
6480 206349
6481 206648
6482 206456
6483 206770
6484 206345
6485 206547
6486 205932
6487 206413
6488 205968
6489 206547
6490 206368
6491 206390
6492 205668
6493 206138
6494 206044
6495 206193
6496 206356
6497 206184
6498 206021
6499 206317
6500 206487
6501 205959
6502 205799
6503 206133
6504 206372
6505 206405
6506 206660
6507 205905
6508 206342
6509 205654
6510 206430
6511 205990
6512 206702
6513 206440
6514 206278
6515 205860
6516 206448
6517 206183
6518 206476
6519 206296
6520 206240
6521 205913
6522 206318
6523 206489
6524 205749
6525 206276
6526 206350
6527 206492
6528 206192
6529 206485
6530 206642
6531 205884
6532 206032
6533 206692
6534 206458
6535 206274
6536 206345
6537 206233
6538 206285
6539 206492
6540 206270
6541 205803
6542 206624
6543 206232
6544 206556
6545 206791
6546 206190
6547 206577
6548 206465
6549 206415
6550 206670
6551 206475
6552 206569
6553 206613
6554 206435
6555 206802
6556 206489
6557 206544
6558 206576
6559 206605
6560 206927
6561 206228
6562 206521
6563 206119
6564 206422
6565 206819
6566 206403
6567 206248
6568 206641
6569 206599
6570 206498
6571 205930
6572 206607
6573 206250
6574 206167
6575 206035
6576 206370
6577 206553
6578 206503
6579 206170
6580 206072
6581 205949
6582 206491
6583 206457
6584 206166
6585 206125
6586 205895
6587 205891
6588 206172
6589 205662
6590 205936
6591 205493
6592 205901
6593 205914
6594 206207
6595 205952
6596 206152
6597 205781
6598 206357
6599 206153
6600 206110
6601 206061
6602 205765
6603 206185
6604 205945
6605 205535
6606 206189
6607 205971
6608 205826
6609 206240
6610 205725
6611 205927
6612 205665
6613 206166
6614 205729
6615 205911
6616 205682
6617 205945
6618 206342
6619 205684
6620 205770
6621 206040
6622 205921
6623 205963
6624 206227
6625 205928
6626 205361
6627 205693
6628 206147
6629 205555
6630 205797
6631 206113
6632 206115
6633 205525
6634 205259
6635 205743
6636 205702
6637 205563
6638 205757
6639 205622
6640 205756
6641 205854
6642 205950
6643 206130
6644 205501
6645 205924
6646 205537
6647 205916
6648 205163
6649 205749
6650 205700
6651 205167
6652 205891
6653 205778
6654 206432
6655 205763
6656 205737
6657 205429
6658 205554
6659 205620
6660 205522
6661 205526
6662 205747
6663 206021
6664 205831
6665 205289
6666 205752
6667 205447
6668 205619
6669 205219
6670 206006
6671 205771
6672 205377
6673 205522
6674 205683
6675 205563
6676 205963
6677 205731
6678 205535
6679 205471
6680 205551
6681 205454
6682 205230
6683 205395
6684 205188
6685 205248
6686 205250
6687 205430
6688 205152
6689 205404
6690 205756
6691 205369
6692 205777
6693 205087
6694 205152
6695 205214
6696 205440
6697 204907
6698 205199
6699 205263
6700 205110
6701 205299
6702 205686
6703 205285
6704 205454
6705 206152
6706 205408
6707 205618
6708 205463
6709 205923
6710 205164
6711 205009
6712 204772
6713 205662
6714 205477
6715 205447
6716 204818
6717 205128
6718 204814
6719 205488
6720 205652
6721 204970
6722 205131
6723 205639
6724 205278
6725 205083
6726 205125
6727 205173
6728 205222
6729 205401
6730 204935
6731 205918
6732 205453
6733 205457
6734 205347
6735 205232
6736 204864
6737 205288
6738 205799
6739 205043
6740 205483
6741 205299
6742 205297
6743 204916
6744 204965
6745 205102
6746 205641
6747 205333
6748 205598
6749 205359
6750 204997
6751 205271
6752 205144
6753 205435
6754 205088
6755 204954
6756 205291
6757 205402
6758 205154
6759 205111
6760 205228
6761 205444
6762 205015
6763 204918
6764 205219
6765 205095
6766 205331
6767 204860
6768 205361
6769 205195
6770 204753
6771 204818
6772 205264
6773 204792
6774 205195
6775 204776
6776 205070
6777 205130
6778 205018
6779 205519
6780 205807
6781 205544
6782 205001
6783 205205
6784 205165
6785 204853
6786 205069
6787 205025
6788 205307
6789 205483
6790 204300
6791 204899
6792 204816
6793 205294
6794 205718
6795 205030
6796 204963
6797 205373
6798 205143
6799 204991
6800 205543
6801 205191
6802 205251
6803 205210
6804 204775
6805 204943
6806 204864
6807 204234
6808 204966
6809 205103
6810 204997
6811 205026
6812 205509
6813 204812
6814 205088
6815 204770
6816 204480
6817 204930
6818 205210
6819 204766
6820 205248
6821 205201
6822 204662
6823 204964
6824 204516
6825 204871
6826 204704
6827 205405
6828 205172
6829 204752
6830 205107
6831 204796
6832 204534
6833 204883
6834 204592
6835 205240
6836 204783
6837 204267
6838 204969
6839 204828
6840 204711
6841 204953
6842 204750
6843 204710
6844 204846
6845 204704
6846 204371
6847 204898
6848 204400
6849 204527
6850 204976
6851 204370
6852 204531
6853 204659
6854 203795
6855 204553
6856 204626
6857 204197
6858 204657
6859 204712
6860 204521
6861 205059
6862 204630
6863 204808
6864 204558
6865 204381
6866 204572
6867 204485
6868 204735
6869 204520
6870 204038
6871 204221
6872 203895
6873 205417
6874 204185
6875 204389
6876 204624
6877 204484
6878 204244
6879 204730
6880 204578
6881 204056
6882 204335
6883 203930
6884 204000
6885 204206
6886 204066
6887 204149
6888 204651
6889 204761
6890 204628
6891 203775
6892 204244
6893 204709
6894 204226
6895 204753
6896 204442
6897 204366
6898 203707
6899 204427
6900 204746
6901 203744
6902 204323
6903 203843
6904 204126
6905 203898
6906 204163
6907 203966
6908 204786
6909 203938
6910 204329
6911 204232
6912 204410
6913 204251
6914 203993
6915 204026
6916 204448
6917 204072
6918 204112
6919 204065
6920 204218
6921 204321
6922 204608
6923 203747
6924 203965
6925 203812
6926 204297
6927 203450
6928 204498
6929 203898
6930 204055
6931 203442
6932 204111
6933 203848
6934 204137
6935 204156
6936 204013
6937 204198
6938 203861
6939 203959
6940 203899
6941 203788
6942 203933
6943 203547
6944 203391
6945 204113
6946 203518
6947 203930
6948 203744
6949 203219
6950 203926
6951 204381
6952 204026
6953 203783
6954 204183
6955 204224
6956 203950
6957 204239
6958 203503
6959 203950
6960 203898
6961 203384
6962 203678
6963 203813
6964 203956
6965 204382
6966 203421
6967 203590
6968 203894
6969 203408
6970 203856
6971 203809
6972 203775
6973 203840
6974 204212
6975 203438
6976 203980
6977 204100
6978 203879
6979 203903
6980 203553
6981 204142
6982 203688
6983 203762
6984 203841
6985 203474
6986 204073
6987 203872
6988 204096
6989 203824
6990 203451
6991 203968
6992 204102
6993 203171
6994 203575
6995 203788
6996 203335
6997 203450
6998 203749
6999 203582
7000 203632
7001 203686
7002 204276
7003 203664
7004 204154
7005 203781
7006 204025
7007 203315
7008 204276
7009 204111
7010 204449
7011 203623
7012 203613
7013 203963
7014 204075
7015 203302
7016 204184
7017 203508
7018 203624
7019 203640
7020 204226
7021 203572
7022 204014
7023 203249
7024 204048
7025 203808
7026 203800
7027 203173
7028 203692
7029 203607
7030 203248
7031 203245
7032 204489
7033 203503
7034 203973
7035 203213
7036 203721
7037 203747
7038 203626
7039 203876
7040 203432
7041 204069
7042 203785
7043 203455
7044 204411
7045 203690
7046 203847
7047 203739
7048 203964
7049 204263
7050 204287
7051 203865
7052 203340
7053 203873
7054 203480
7055 203816
7056 203820
7057 204292
7058 203732
7059 203492
7060 204186
7061 203632
7062 203957
7063 203749
7064 204017
7065 204177
7066 203662
7067 203888
7068 203599
7069 203736
7070 203854
7071 203555
7072 204097
7073 204323
7074 204099
7075 203534
7076 204332
7077 203917
7078 203901
7079 203724
7080 203415
7081 203546
7082 203877
7083 203440
7084 204029
7085 203717
7086 203700
7087 203694
7088 204126
7089 204008
7090 203962
7091 204042
7092 203734
7093 204166
7094 203587
7095 202893
7096 203748
7097 203982
7098 203513
7099 204088
7100 203707
7101 203945
7102 204154
7103 203508
7104 203672
7105 203606
7106 203807
7107 204124
7108 204043
7109 203652
7110 203668
7111 203631
7112 204075
7113 203580
7114 203982
7115 203721
7116 204027
7117 204057
7118 204129
7119 204042
7120 203866
7121 204473
7122 203922
7123 203662
7124 203426
7125 203449
7126 203835
7127 204317
7128 204575
7129 204058
7130 203829
7131 203746
7132 203797
7133 203856
7134 204571
7135 203847
7136 203900
7137 203767
7138 204391
7139 204324
7140 203667
7141 203986
7142 204041
7143 204257
7144 204207
7145 204393
7146 204147
7147 203687
7148 203960
7149 204422
7150 203899
7151 204454
7152 203573
7153 204324
7154 204097
7155 203613
7156 204555
7157 203548
7158 203948
7159 204359
7160 203778
7161 203929
7162 204110
7163 204008
7164 204683
7165 203755
7166 203921
7167 204324
7168 204037
7169 204349
7170 203810
7171 203716
7172 203631
7173 204227
7174 204130
7175 204312
7176 204735
7177 203572
7178 203990
7179 204314
7180 204674
7181 204647
7182 204686
7183 204494
7184 204267
7185 204383
7186 204004
7187 204024
7188 204397
7189 204229
7190 204106
7191 204211
7192 204495
7193 204175
7194 204289
7195 204761
7196 204072
7197 204791
7198 204091
7199 204123
7200 204175
7201 204194
7202 204468
7203 204179
7204 204455
7205 204462
7206 204354
7207 204232
7208 204210
7209 203959
7210 204399
7211 204300
7212 204055
7213 204647
7214 204879
7215 204894
7216 204232
7217 204873
7218 204271
7219 204647
7220 204690
7221 204585
7222 204265
7223 204368
7224 203648
7225 204121
7226 204247
7227 204053
7228 204305
7229 204289
7230 204485
7231 204122
7232 204716
7233 204312
7234 204520
7235 204484
7236 204801
7237 204737
7238 204151
7239 204619
7240 204372
7241 204522
7242 204301
7243 204811
7244 204608
7245 204341
7246 204822
7247 204731
7248 204611
7249 204361
7250 204445
7251 204942
7252 204649
7253 204455
7254 204663
7255 205096
7256 204809
7257 204361
7258 204585
7259 205203
7260 204678
7261 204726
7262 204742
7263 205088
7264 205205
7265 205178
7266 204900
7267 204287
7268 205184
7269 205108
7270 204581
7271 204873
7272 204484
7273 204737
7274 204627
7275 204980
7276 204575
7277 204495
7278 204822
7279 204879
7280 204287
7281 204809
7282 204761
7283 205151
7284 205101
7285 204908
7286 204868
7287 204260
7288 205123
7289 204763
7290 204974
7291 204781
7292 204712
7293 204590
7294 204476
7295 204680
7296 204962
7297 204595
7298 204922
7299 204836
7300 205156
7301 205551
7302 204895
7303 205433
7304 205401
7305 205243
7306 205213
7307 205627
7308 204995
7309 204925
7310 205276
7311 204374
7312 205020
7313 205616
7314 205082
7315 204969
7316 204953
7317 204735
7318 204794
7319 205099
7320 204792
7321 205037
7322 204457
7323 204936
7324 205122
7325 205040
7326 205683
7327 205421
7328 205276
7329 205381
7330 205434
7331 205097
7332 205702
7333 204637
7334 205153
7335 205156
7336 205165
7337 204751
7338 205160
7339 205432
7340 205186
7341 204838
7342 205108
7343 205283
7344 205510
7345 205571
7346 205742
7347 205222
7348 205373
7349 205168
7350 205645
7351 205613
7352 205571
7353 205626
7354 205462
7355 204916
7356 205780
7357 205572
7358 204514
7359 205368
7360 205467
7361 204812
7362 205083
7363 205226
7364 205528
7365 205297
7366 205570
7367 204693
7368 206146
7369 205298
7370 205186
7371 205459
7372 205224
7373 205232
7374 205268
7375 205629
7376 205750
7377 205334
7378 205000
7379 205076
7380 205124
7381 204641
7382 205375
7383 205240
7384 205485
7385 205435
7386 205362
7387 205263
7388 205812
7389 205210
7390 205242
7391 205580
7392 205289
7393 205495
7394 205431
7395 205825
7396 205235
7397 205685
7398 205774
7399 205727
7400 205447
7401 205670
7402 205596
7403 205163
7404 205412
7405 205561
7406 205484
7407 205098
7408 205843
7409 205799
7410 205865
7411 205663
7412 206010
7413 204845
7414 205402
7415 205818
7416 205713
7417 205930
7418 205814
7419 205458
7420 205705
7421 205780
7422 205663
7423 205636
7424 205762
7425 206239
7426 206466
7427 206232
7428 205767
7429 206024
7430 205739
7431 205591
7432 205970
7433 205844
7434 205628
7435 205722
7436 206028
7437 205811
7438 205672
7439 205538
7440 205933
7441 205605
7442 205908
7443 205867
7444 205581
7445 205449
7446 205956
7447 206105
7448 205631
7449 205843
7450 206013
7451 205976
7452 205723
7453 205888
7454 206161
7455 206229
7456 205842
7457 206184
7458 206356
7459 205901
7460 205570
7461 206171
7462 206288
7463 206489
7464 206235
7465 206259
7466 206276
7467 206326
7468 206594
7469 206527
7470 206989
7471 206843
7472 206670
7473 206616
7474 206642
7475 206816
7476 207054
7477 206643
7478 206439
7479 206304
7480 206717
7481 206411
7482 206339
7483 206433
7484 206159
7485 206168
7486 206173
7487 206205
7488 206376
7489 206706
7490 206388
7491 206298
7492 206357
7493 206314
7494 206142
7495 206346
7496 206295
7497 206516
7498 206115
7499 206610
7500 206071
7501 206657
7502 206186
7503 206616
7504 206313
7505 206772
7506 206626
7507 206383
7508 206734
7509 206651
7510 206558
7511 206418
7512 206126
7513 206470
7514 206301
7515 206892
7516 206243
7517 206617
7518 206459
7519 206452
7520 206291
7521 206664
7522 206018
7523 206678
7524 205964
7525 207191
7526 206218
7527 206511
7528 206433
7529 206638
7530 206508
7531 206803
7532 206670
7533 206623
7534 206432
7535 206196
7536 206596
7537 206373
7538 206867
7539 206710
7540 206667
7541 207319
7542 206172
7543 206337
7544 206605
7545 206543
7546 207203
7547 206517
7548 206498
7549 206756
7550 206428
7551 206875
7552 206644
7553 206368
7554 206328
7555 206587
7556 206315
7557 206443
7558 206466
7559 206367
7560 206703
7561 206876
7562 206700
7563 206885
7564 206984
7565 206832
7566 206856
7567 206724
7568 207102
7569 206715
7570 207081
7571 206724
7572 206817
7573 206395
7574 206528
7575 206569
7576 206845
7577 206605
7578 206005
7579 206415
7580 206358
7581 207137
7582 206654
7583 206676
7584 206610
7585 206740
7586 206913
7587 207134
7588 206690
7589 206092
7590 206107
7591 206706
7592 206389
7593 207078
7594 206695
7595 206543
7596 206539
7597 206408
7598 206875
7599 206755
7600 206496
7601 206362
7602 206465
7603 206610
7604 206645
7605 206537
7606 206427
7607 206425
7608 206571
7609 206185
7610 206682
7611 206632
7612 205865
7613 206170
7614 206448
7615 205614
7616 206769
7617 206150
7618 206316
7619 205737
7620 206401
7621 205950
7622 206644
7623 206620
7624 206582
7625 206242
7626 206484
7627 206177
7628 206367
7629 206804
7630 206628
7631 206374
7632 206605
7633 206009
7634 206514
7635 206381
7636 206222
7637 206335
7638 206116
7639 206555
7640 206547
7641 205946
7642 206046
7643 206548
7644 206389
7645 206969
7646 206595
7647 206354
7648 206330
7649 206625
7650 206581
7651 206827
7652 206406
7653 206451
7654 206960
7655 206659
7656 206253
7657 206453
7658 206469
7659 205790
7660 206514
7661 206293
7662 206232
7663 207072
7664 206165
7665 206251
7666 206907
7667 206195
7668 206507
7669 206420
7670 206383
7671 206477
7672 206699
7673 206455
7674 206397
7675 206133
7676 206165
7677 206717
7678 206772
7679 206595
7680 206775
7681 206713
7682 205849
7683 207133
7684 205952
7685 206521
7686 206746
7687 206189
7688 206573
7689 206934
7690 206590
7691 206053
7692 206615
7693 206405
7694 205766
7695 206469
7696 206048
7697 206610
7698 206191
7699 206389
7700 206255
7701 206571
7702 206043
7703 206969
7704 206216
7705 206325
7706 206132
7707 206306
7708 205886
7709 206453
7710 206176
7711 206320
7712 206727
7713 206436
7714 206036
7715 205581
7716 206066
7717 206256
7718 206007
7719 206862
7720 206535
7721 206074
7722 206229
7723 206019
7724 206651
7725 206314
7726 206436
7727 206250
7728 206719
7729 206549
7730 206394
7731 206159
7732 206327
7733 206502
7734 206398
7735 206197
7736 205982
7737 206374
7738 206205
7739 206436
7740 205825
7741 206204
7742 206354
7743 206350
7744 206840
7745 206145
7746 206300
7747 206668
7748 206655
7749 206015
7750 206258
7751 206188
7752 206092
7753 206416
7754 206157
7755 206320
7756 205989
7757 206445
7758 206479
7759 206552
7760 205837
7761 206674
7762 205955
7763 206540
7764 206276
7765 205797
7766 206520
7767 205888
7768 206235
7769 206222
7770 206454
7771 205953
7772 206394
7773 206138
7774 206173
7775 206068
7776 206378
7777 206408
7778 206056
7779 206171
7780 206042
7781 206202
7782 206978
7783 205480
7784 206022
7785 205745
7786 205852
7787 205926
7788 205717
7789 206233
7790 206258
7791 206157
7792 206339
7793 206206
7794 205828
7795 206085
7796 206063
7797 205664
7798 206533
7799 206651
7800 205868
7801 206168
7802 206360
7803 206158
7804 206073
7805 206373
7806 206059
7807 205768
7808 206230
7809 206206
7810 205972
7811 205188
7812 205809
7813 205707
7814 206029
7815 205669
7816 205731
7817 205830
7818 205698
7819 206306
7820 205721
7821 205588
7822 206324
7823 205859
7824 205038
7825 206249
7826 205937
7827 206498
7828 206142
7829 205752
7830 205953
7831 205803
7832 205723
7833 205948
7834 206005
7835 205651
7836 205893
7837 205827
7838 205391
7839 205707
7840 205856
7841 205683
7842 205948
7843 205942
7844 205276
7845 205746
7846 205604
7847 205455
7848 205645
7849 205715
7850 205973
7851 205764
7852 205591
7853 205075
7854 205617
7855 205539
7856 205307
7857 205874
7858 205063
7859 205825
7860 205624
7861 205204
7862 206370
7863 205163
7864 205266
7865 205598
7866 205712
7867 205368
7868 206017
7869 205496
7870 205920
7871 205681
7872 205776
7873 205726
7874 206056
7875 205765
7876 205412
7877 205786
7878 205312
7879 205856
7880 205827
7881 205860
7882 205288
7883 205549
7884 205576
7885 205352
7886 205604
7887 205429
7888 205585
7889 206159
7890 205609
7891 205698
7892 205751
7893 205137
7894 205066
7895 205809
7896 205294
7897 205946
7898 205399
7899 206280
7900 205663
7901 205970
7902 205111
7903 205940
7904 205573
7905 206038
7906 206201
7907 205765
7908 205650
7909 205902
7910 205407
7911 205406
7912 205409
7913 205468
7914 205551
7915 205849
7916 205478
7917 205841
7918 205850
7919 205435
7920 205685
7921 205521
7922 205512
7923 205626
7924 205878
7925 204922
7926 205500
7927 205533
7928 205272
7929 205320
7930 205422
7931 205249
7932 205638
7933 205075
7934 205316
7935 204765
7936 205561
7937 205176
7938 205464
7939 205282
7940 205112
7941 205472
7942 205304
7943 205137
7944 205685
7945 204715
7946 205242
7947 205277
7948 205329
7949 204612
7950 204994
7951 205238
7952 205926
7953 205420
7954 205420
7955 205314
7956 205503
7957 205160
7958 205373
7959 205485
7960 204976
7961 205199
7962 205108
7963 205271
7964 205214
7965 204555
7966 204729
7967 205099
7968 204924
7969 205390
7970 205247
7971 204964
7972 204850
7973 205345
7974 204923
7975 205140
7976 205008
7977 205091
7978 205195
7979 204994
7980 205108
7981 205087
7982 205341
7983 205811
7984 204617
7985 204859
7986 205905
7987 205417
7988 204847
7989 204951
7990 205389
7991 205013
7992 205603
7993 205561
7994 205568
7995 205155
7996 204804
7997 204895
7998 205431
7999 205362
8000 204957
8001 204854
8002 205120
8003 205156
8004 204884
8005 205618
8006 205487
8007 205231
8008 205154
8009 204806
8010 205233
8011 205278
8012 205170
8013 205012
8014 205010
8015 205061
8016 204765
8017 204535
8018 205228
8019 205526
8020 205234
8021 205254
8022 205014
8023 205223
8024 204850
8025 205382
8026 204870
8027 205278
8028 204875
8029 204846
8030 205224
8031 205131
8032 205193
8033 205097
8034 205138
8035 204997
8036 204646
8037 205333
8038 205217
8039 204965
8040 204896
8041 204907
8042 204544
8043 204766
8044 205049
8045 205105
8046 205463
8047 204775
8048 205094
8049 204537
8050 205001
8051 204696
8052 205019
8053 204771
8054 204482
8055 204580
8056 204643
8057 204793
8058 205590
8059 204680
8060 204626
8061 205021
8062 204758
8063 205179
8064 205145
8065 205289
8066 205205
8067 205077
8068 205589
8069 205179
8070 205230
8071 204982
8072 204860
8073 205641
8074 205364
8075 205234
8076 204893
8077 204850
8078 205236
8079 205431
8080 204982
8081 205750
8082 205298
8083 205946
8084 205467
8085 205534
8086 205973
8087 205811
8088 205950
8089 206156
8090 206148
8091 206111
8092 205880
8093 205828
8094 206280
8095 206351
8096 205760
8097 205940
8098 206332
8099 205668
8100 206123
8101 205924
8102 205567
8103 206534
8104 205896
8105 206222
8106 205886
8107 205844
8108 205670
8109 205539
8110 206300
8111 205490
8112 206396
8113 206354
8114 206318
8115 206257
8116 206604
8117 206138
8118 206497
8119 206173
8120 205875
8121 206496
8122 206829
8123 206374
8124 206606
8125 206560
8126 206137
8127 206635
8128 206442
8129 206599
8130 206292
8131 206029
8132 205827
8133 206115
8134 205716
8135 206219
8136 206016
8137 206597
8138 206615
8139 206290
8140 206273
8141 206285
8142 205596
8143 206677
8144 206030
8145 206492
8146 206369
8147 206776
8148 206044
8149 205989
8150 206029
8151 205945
8152 206462
8153 205911
8154 206479
8155 206291
8156 206354
8157 206529
8158 206675
8159 206811
8160 206012
8161 206164
8162 205836
8163 206514
8164 206450
8165 206348
8166 205826
8167 206459
8168 206050
8169 205872
8170 206297
8171 206320
8172 206096
8173 205875
8174 206006
8175 206128
8176 205841
8177 205921
8178 206680
8179 206231
8180 206998
8181 206365
8182 206253
8183 206573
8184 206458
8185 206211
8186 206821
8187 206374
8188 206152
8189 206623
8190 206305
8191 206258
8192 206226
8193 206547
8194 206724
8195 206756
8196 206601
8197 207150
8198 206528
8199 207030
8200 206798
8201 206534
8202 206705
8203 206465
8204 206420
8205 206945
8206 206794
8207 206974
8208 206733
8209 207144
8210 206777
8211 207108
8212 206143
8213 207205
8214 206743
8215 207252
8216 206913
8217 206607
8218 206937
8219 206894
8220 207197
8221 207424
8222 207409
8223 206638
8224 206808
8225 207082
8226 207013
8227 206177
8228 206766
8229 207011
8230 207602
8231 207275
8232 207122
8233 207271
8234 206844
8235 206900
8236 207221
8237 206839
8238 207356
8239 206697
8240 206831
8241 207494
8242 206731
8243 207139
8244 207502
8245 206927
8246 207300
8247 206821
8248 207028
8249 207315
8250 207022
8251 207211
8252 207591
8253 207370
8254 207369
8255 207254
8256 207206
8257 207229
8258 206994
8259 207486
8260 207212
8261 207588
8262 207460
8263 207222
8264 206982
8265 207566
8266 207091
8267 207358
8268 207520
8269 207539
8270 207302
8271 207569
8272 206983
8273 207920
8274 207570
8275 207312
8276 207218
8277 207681
8278 207601
8279 207551
8280 207621
8281 207618
8282 207288
8283 207845
8284 207254
8285 207290
8286 207900
8287 206869
8288 208031
8289 207643
8290 207263
8291 207823
8292 207801
8293 207823
8294 207683
8295 207592
8296 207934
8297 207701
8298 207389
8299 207590
8300 207815
8301 208064
8302 208133
8303 207869
8304 207747
8305 208196
8306 208447
8307 207982
8308 208020
8309 208151
8310 208438
8311 208491
8312 208702
8313 208183
8314 207786
8315 207969
8316 208385
8317 208231
8318 208537
8319 208177
8320 208495
8321 208041
8322 207965
8323 208579
8324 207488
8325 208653
8326 208383
8327 208428
8328 208792
8329 208504
8330 208404
8331 208819
8332 208129
8333 208564
8334 208609
8335 208514
8336 208481
8337 208423
8338 208375
8339 208206
8340 208392
8341 208315
8342 208245
8343 208746
8344 208687
8345 208168
8346 208452
8347 208380
8348 208141
8349 208573
8350 208532
8351 208800
8352 208786
8353 208526
8354 208362
8355 208023
8356 208580
8357 208700
8358 208784
8359 208532
8360 208622
8361 207957
8362 208515
8363 208669
8364 208994
8365 208773
8366 208590
8367 208582
8368 208751
8369 208896
8370 208681
8371 208577
8372 209179
8373 208896
8374 208650
8375 208752
8376 208982
8377 209136
8378 208909
8379 208503
8380 208670
8381 209450
8382 208634
8383 209528
8384 208911
8385 209077
8386 209548
8387 209269
8388 208816
8389 209542
8390 209099
8391 209231
8392 209056
8393 209261
8394 209421
8395 209292
8396 208943
8397 209236
8398 208391
8399 209649
8400 209473
8401 209058
8402 209187
8403 209562
8404 209335
8405 209655
8406 209373
8407 209378
8408 209507
8409 209179
8410 209248
8411 209287
8412 209640
8413 209401
8414 209383
8415 210120
8416 209524
8417 209063
8418 209237
8419 209491
8420 209238
8421 209773
8422 209785
8423 209228
8424 209692
8425 209786
8426 209219
8427 209339
8428 209412
8429 209519
8430 209695
8431 209384
8432 209586
8433 209911
8434 209052
8435 209848
8436 209874
8437 209285
8438 209649
8439 209486
8440 209486
8441 210095
8442 209596
8443 209608
8444 210307
8445 209434
8446 209798
8447 209786
8448 209246
8449 209704
8450 209566
8451 209273
8452 209296
8453 209154
8454 209353
8455 209871
8456 209585
8457 209700
8458 209986
8459 209560
8460 209073
8461 209845
8462 210212
8463 209516
8464 209904
8465 209725
8466 209801
8467 209853
8468 210401
8469 210582
8470 209930
8471 209823
8472 209644
8473 210034
8474 210282
8475 210126
8476 210980
8477 209775
8478 210134
8479 210052
8480 209940
8481 210127
8482 210594
8483 210314
8484 210129
8485 210202
8486 209535
8487 210211
8488 210398
8489 209596
8490 210445
8491 210944
8492 210095
8493 210230
8494 210723
8495 210175
8496 210420
8497 209989
8498 210479
8499 210533
8500 210239
8501 210726
8502 209962
8503 210205
8504 210581
8505 210536
8506 210023
8507 209997
8508 210517
8509 210426
8510 210626
8511 210289
8512 210373
8513 210802
8514 210783
8515 210996
8516 210743
8517 210912
8518 210319
8519 210671
8520 211254
8521 210631
8522 210395
8523 210630
8524 210913
8525 211318
8526 211167
8527 211023
8528 210421
8529 210828
8530 210788
8531 211173
8532 210821
8533 211189
8534 211089
8535 210866
8536 210914
8537 211398
8538 211238
8539 210851
8540 210610
8541 211296
8542 211569
8543 211119
8544 211249
8545 210801
8546 210703
8547 211128
8548 211425
8549 211184
8550 211043
8551 210954
8552 211116
8553 210366
8554 211037
8555 211271
8556 211060
8557 211265
8558 211135
8559 210527
8560 211059
8561 211212
8562 210655
8563 211394
8564 211606
8565 211020
8566 211345
8567 210698
8568 210743
8569 210993
8570 210869
8571 211161
8572 211466
8573 210845
8574 211117
8575 210844
8576 211230
8577 210933
8578 210884
8579 210816
8580 211238
8581 210608
8582 210524
8583 210959
8584 210768
8585 211233
8586 210648
8587 210575
8588 210645
8589 211040
8590 211046
8591 211179
8592 210747
8593 211439
8594 210761
8595 211224
8596 210705
8597 210685
8598 210894
8599 211316
8600 211090
8601 211183
8602 210853
8603 210988
8604 211048
8605 210863
8606 210551
8607 211048
8608 211523
8609 210953
8610 210735
8611 210736
8612 210706
8613 211103
8614 210748
8615 210713
8616 210953
8617 210927
8618 211043
8619 210791
8620 210765
8621 210698
8622 210945
8623 210765
8624 210428
8625 210279
8626 210781
8627 210552
8628 210523
8629 211416
8630 210683
8631 210623
8632 210430
8633 210117
8634 210822
8635 210878
8636 210626
8637 211031
8638 210123
8639 210612
8640 210329
8641 210741
8642 210815
8643 210373
8644 210803
8645 210791
8646 210870
8647 211196
8648 210785
8649 211022
8650 210349
8651 210618
8652 210893
8653 210879
8654 210695
8655 210429
8656 211010
8657 210657
8658 210199
8659 210629
8660 210769
8661 210888
8662 210451
8663 210481
8664 210801
8665 210510
8666 210306
8667 210816
8668 210612
8669 210555
8670 210709
8671 210539
8672 210956
8673 210493
8674 210615
8675 210560
8676 210656
8677 210133
8678 210752
8679 210662
8680 210563
8681 210416
8682 210580
8683 210534
8684 210786
8685 210867
8686 210862
8687 210812
8688 211165
8689 210430
8690 210909
8691 210790
8692 210426
8693 210822
8694 210366
8695 210392
8696 210767
8697 210815
8698 210682
8699 210994
8700 210541
8701 211005
8702 210883
8703 210778
8704 210567
8705 210905
8706 210541
8707 210962
8708 210153
8709 210736
8710 210810
8711 210938
8712 210793
8713 210454
8714 210662
8715 210606
8716 210398
8717 210634
8718 210172
8719 211045
8720 210601
8721 211126
8722 210357
8723 210896
8724 210783
8725 210722
8726 210696
8727 210388
8728 210262
8729 210718
8730 210743
8731 210440
8732 210736
8733 210314
8734 211103
8735 210426
8736 210433
8737 210604
8738 210166
8739 210740
8740 210933
8741 210780
8742 210708
8743 210249
8744 210888
8745 210993
8746 210616
8747 210858
8748 210079
8749 210708
8750 210767
8751 210749
8752 210490
8753 210950
8754 210599
8755 210814
8756 211090
8757 210468
8758 210462
8759 211034
8760 210380
8761 210478
8762 210995
8763 210706
8764 209981
8765 210393
8766 210309
8767 210868
8768 210941
8769 210674
8770 211019
8771 210668
8772 210658
8773 210849
8774 210699
8775 210348
8776 210755
8777 210361
8778 210801
8779 210637
8780 211280
8781 210691
8782 210577
8783 210500
8784 210851
8785 210758
8786 210518
8787 211088
8788 211034
8789 210814
8790 210689
8791 210721
8792 210910
8793 210901
8794 210373
8795 210285
8796 211314
8797 210791
8798 211092
8799 210691
8800 211229
8801 210963
8802 210815
8803 211152
8804 210977
8805 211231
8806 211125
8807 211239
8808 211645
8809 211315
8810 211525
8811 211405
8812 211999
8813 210461
8814 211183
8815 211822
8816 211109
8817 211211
8818 210972
8819 210924
8820 211078
8821 211652
8822 211053
8823 211058
8824 211445
8825 211472
8826 211469
8827 210832
8828 211529
8829 210951
8830 210804
8831 211252
8832 211632
8833 210971
8834 211084
8835 210775
8836 211434
8837 211257
8838 210906
8839 211020
8840 210898
8841 211229
8842 211226
8843 211185
8844 211429
8845 211146
8846 211034
8847 211772
8848 211651
8849 211522
8850 211367
8851 211613
8852 211665
8853 211103
8854 212036
8855 211267
8856 211486
8857 211584
8858 211186
8859 211464
8860 211121
8861 211751
8862 211164
8863 211481
8864 211681
8865 211552
8866 211223
8867 211504
8868 211826
8869 211096
8870 211673
8871 211814
8872 211555
8873 211301
8874 211551
8875 211508
8876 211201
8877 211750
8878 212026
8879 212412
8880 211651
8881 211677
8882 211970
8883 211778
8884 211308
8885 211823
8886 211531
8887 211977
8888 211791
8889 211779
8890 211629
8891 211977
8892 211321
8893 211914
8894 211763
8895 212080
8896 211590
8897 212121
8898 212431
8899 211397
8900 212161
8901 212083
8902 212030
8903 211471
8904 211930
8905 211519
8906 211803
8907 212559
8908 211499
8909 211842
8910 212170
8911 211975
8912 212205
8913 211511
8914 211888
8915 211806
8916 212028
8917 211773
8918 211510
8919 212327
8920 211773
8921 211501
8922 211332
8923 211755
8924 212300
8925 211739
8926 212168
8927 211994
8928 211649
8929 212121
8930 212077
8931 212752
8932 211788
8933 211753
8934 211900
8935 212142
8936 211183
8937 211807
8938 212009
8939 211439
8940 211520
8941 211954
8942 212125
8943 212000
8944 211778
8945 211862
8946 211843
8947 211949
8948 212119
8949 211738
8950 211781
8951 211933
8952 211940
8953 211640
8954 211692
8955 212059
8956 211994
8957 212333
8958 211594
8959 211883
8960 211725
8961 211995
8962 211811
8963 211052
8964 211740
8965 212485
8966 211423
8967 211415
8968 212469
8969 212043
8970 212201
8971 212128
8972 211527
8973 212200
8974 211977
8975 211388
8976 211799
8977 211548
8978 211877
8979 211975
8980 212013
8981 211441
8982 212072
8983 211970
8984 211617
8985 211993
8986 212243
8987 212288
8988 212025
8989 212235
8990 212459
8991 212003
8992 211866
8993 212024
8994 212050
8995 211419
8996 212148
8997 212172
8998 211647
8999 212448
9000 211779
9001 211533
9002 211598
9003 212243
9004 211820
9005 211744
9006 212129
9007 212174
9008 211685
9009 211875
9010 212060
9011 212322
9012 212221
9013 211860
9014 211661
9015 212388
9016 212041
9017 211803
9018 211928
9019 212276
9020 211624
9021 211637
9022 211759
9023 211602
9024 211800
9025 211936
9026 212075
9027 211930
9028 211935
9029 212097
9030 211710
9031 211958
9032 212167
9033 211602
9034 211933
9035 212345
9036 212410
9037 211781
9038 212150
9039 211972
9040 212188
9041 211873
9042 211527
9043 211725
9044 211674
9045 212043
9046 212045
9047 212119
9048 212585
9049 211637
9050 212383
9051 211947
9052 212178
9053 211625
9054 212196
9055 211726
9056 212143
9057 212371
9058 212059
9059 212482
9060 211895
9061 212497
9062 211751
9063 212186
9064 211733
9065 212086
9066 212513
9067 212407
9068 212420
9069 212809
9070 212674
9071 212681
9072 212846
9073 212040
9074 212218
9075 212283
9076 212500
9077 212383
9078 212597
9079 212647
9080 212815
9081 212564
9082 212831
9083 212431
9084 212447
9085 212989
9086 212290
9087 212825
9088 212630
9089 212496
9090 213081
9091 213031
9092 212607
9093 212542
9094 212475
9095 212556
9096 212296
9097 212277
9098 212437
9099 212220
9100 212734
9101 212715
9102 212122
9103 213089
9104 212507
9105 213086
9106 212703
9107 212557
9108 213121
9109 212870
9110 212801
9111 212716
9112 212512
9113 212858
9114 213006
9115 212923
9116 212933
9117 212932
9118 212420
9119 212591
9120 213233
9121 212761
9122 212997
9123 213023
9124 212987
9125 212881
9126 212720
9127 213037
9128 212982
9129 213472
9130 212985
9131 213139
9132 213261
9133 212619
9134 212729
9135 213027
9136 213140
9137 213248
9138 212938
9139 212942
9140 213473
9141 212694
9142 213139
9143 213244
9144 213688
9145 212830
9146 213532
9147 213220
9148 213326
9149 213368
9150 213100
9151 213293
9152 213432
9153 212905
9154 213586
9155 213614
9156 213441
9157 213501
9158 213035
9159 212844
9160 212778
9161 213466
9162 213678
9163 213944
9164 213832
9165 212945
9166 213290
9167 213197
9168 213249
9169 213723
9170 213558
9171 213421
9172 213613
9173 213277
9174 213072
9175 212987
9176 213268
9177 213862
9178 213260
9179 213764
9180 213153
9181 213738
9182 213453
9183 213652
9184 213492
9185 213486
9186 213622
9187 213630
9188 213070
9189 213586
9190 213340
9191 213705
9192 213788
9193 213512
9194 213377
9195 213470
9196 213726
9197 213881
9198 213229
9199 213570
9200 213630
9201 213891
9202 213772
9203 213390
9204 214006
9205 213623
9206 213868
9207 213180
9208 213779
9209 213971
9210 213702
9211 213590
9212 213956
9213 213900
9214 213863
9215 213829
9216 213771
9217 214007
9218 213862
9219 214293
9220 213994
9221 213766
9222 213606
9223 214239
9224 214219
9225 213994
9226 214629
9227 213968
9228 214147
9229 214167
9230 214217
9231 214022
9232 214275
9233 214081
9234 214723
9235 213817
9236 214281
9237 214230
9238 214474
9239 213735
9240 214093
9241 214272
9242 214367
9243 214317
9244 214153
9245 214418
9246 214640
9247 214363
9248 214465
9249 214519
9250 214141
9251 214506
9252 214792
9253 214876
9254 214283
9255 214294
9256 214527
9257 214794
9258 214928
9259 214588
9260 214932
9261 214645
9262 215508
9263 214610
9264 214772
9265 215032
9266 215004
9267 215317
9268 214748
9269 215182
9270 214611
9271 214647
9272 214778
9273 215108
9274 214706
9275 214887
9276 214984
9277 215483
9278 215173
9279 214855
9280 214920
9281 214624
9282 214945
9283 214599
9284 215459
9285 214786
9286 214691
9287 215227
9288 215598
9289 215219
9290 215231
9291 215354
9292 215031
9293 215286
9294 214965
9295 214933
9296 214881
9297 215024
9298 214919
9299 214830
9300 214737
9301 214991
9302 215108
9303 215215
9304 214961
9305 214549
9306 215301
9307 215261
9308 214915
9309 215431
9310 214920
9311 215203
9312 215465
9313 215289
9314 215343
9315 215041
9316 214887
9317 215212
9318 215123
9319 215186
9320 215382
9321 215203
9322 214916
9323 215093
9324 215241
9325 215250
9326 214815
9327 215545
9328 215328
9329 215609
9330 216122
9331 215240
9332 215270
9333 215382
9334 215497
9335 215460
9336 215536
9337 215337
9338 215523
9339 215439
9340 215421
9341 215850
9342 215618
9343 215634
9344 215806
9345 215923
9346 215125
9347 215313
9348 215525
9349 215528
9350 215698
9351 215142
9352 216133
9353 215489
9354 215460
9355 215557
9356 215791
9357 215683
9358 215703
9359 215398
9360 215520
9361 215382
9362 215816
9363 216072
9364 215466
9365 216229
9366 215834
9367 215467
9368 215733
9369 215424
9370 215399
9371 215805
9372 215645
9373 215406
9374 215512
9375 215558
9376 215732
9377 215466
9378 215577
9379 215098
9380 215540
9381 215591
9382 215647
9383 215261
9384 215264
9385 215912
9386 215590
9387 216019
9388 215677
9389 215351
9390 215815
9391 215561
9392 215360
9393 215867
9394 215600
9395 215541
9396 215527
9397 215814
9398 215644
9399 216144
9400 215844
9401 215231
9402 215962
9403 215829
9404 215359
9405 215425
9406 215575
9407 215970
9408 215866
9409 215074
9410 215358
9411 215762
9412 215786
9413 215657
9414 215526
9415 215685
9416 216107
9417 215445
9418 215742
9419 215500
9420 215752
9421 215651
9422 215802
9423 215803
9424 215856
9425 216019
9426 215812
9427 216262
9428 215639
9429 216024
9430 216027
9431 216352
9432 215829
9433 215770
9434 215588
9435 215752
9436 215871
9437 216166
9438 216378
9439 215926
9440 215825
9441 215873
9442 215947
9443 215996
9444 216504
9445 215698
9446 215719
9447 215727
9448 215569
9449 216051
9450 216151
9451 215781
9452 216063
9453 215886
9454 215728
9455 216025
9456 215446
9457 215773
9458 216160
9459 215527
9460 215830
9461 216126
9462 215950
9463 216682
9464 216198
9465 216368
9466 216136
9467 215905
9468 216392
9469 216497
9470 216014
9471 216042
9472 216392
9473 215638
9474 216298
9475 215597
9476 215941
9477 215882
9478 216192
9479 216322
9480 216401
9481 216546
9482 215717
9483 216603
9484 216174
9485 216157
9486 216339
9487 215921
9488 216319
9489 215857
9490 215786
9491 216344
9492 216740
9493 216407
9494 216902
9495 216076
9496 216452
9497 215917
9498 216715
9499 216079
9500 216549
9501 216014
9502 215701
9503 215898
9504 216377
9505 216671
9506 216107
9507 216119
9508 215792
9509 216402
9510 216303
9511 216519
9512 216190
9513 215910
9514 216435
9515 216531
9516 216234
9517 216629
9518 216281
9519 215617
9520 216337
9521 216349
9522 216660
9523 216298
9524 216375
9525 216686
9526 216398
9527 216286
9528 216281
9529 216129
9530 216799
9531 216331
9532 217162
9533 216121
9534 216790
9535 216522
9536 216329
9537 216491
9538 216607
9539 216935
9540 216884
9541 216225
9542 216119
9543 216388
9544 216624
9545 216627
9546 216435
9547 217050
9548 217182
9549 216849
9550 216623
9551 216569
9552 216678
9553 216688
9554 216247
9555 216710
9556 216696
9557 217169
9558 216477
9559 216260
9560 216666
9561 216351
9562 216880
9563 216763
9564 216968
9565 216346
9566 216581
9567 216385
9568 216635
9569 216560
9570 216816
9571 217247
9572 216758
9573 216988
9574 216732
9575 216874
9576 216987
9577 217134
9578 216457
9579 216710
9580 216513
9581 216824
9582 217116
9583 216450
9584 217383
9585 216723
9586 216943
9587 216913
9588 216748
9589 216869
9590 216332
9591 216843
9592 216540
9593 216965
9594 216795
9595 216902
9596 216745
9597 216628
9598 216852
9599 216353
9600 216552
9601 216855
9602 216462
9603 216592
9604 216988
9605 216561
9606 216430
9607 216995
9608 216596
9609 216985
9610 216691
9611 216408
9612 216635
9613 216622
9614 216876
9615 216612
9616 216669
9617 216507
9618 216387
9619 216202
9620 216652
9621 216793
9622 216461
9623 216367
9624 217096
9625 216599
9626 216402
9627 216777
9628 216296
9629 216489
9630 216060
9631 216513
9632 216422
9633 216739
9634 216279
9635 216665
9636 216693
9637 216899
9638 216559
9639 216412
9640 216858
9641 216746
9642 216382
9643 216857
9644 216073
9645 216296
9646 216682
9647 216417
9648 216435
9649 216415
9650 216619
9651 216950
9652 216363
9653 216374
9654 216435
9655 216487
9656 216515
9657 216719
9658 216599
9659 216411
9660 216767
9661 216845
9662 216231
9663 216557
9664 216379
9665 216698
9666 216869
9667 216344
9668 216377
9669 216619
9670 216424
9671 216197
9672 216525
9673 216594
9674 216780
9675 216692
9676 217162
9677 216504
9678 215821
9679 216990
9680 216911
9681 216746
9682 216386
9683 216430
9684 216559
9685 215978
9686 216113
9687 216751
9688 216602
9689 216714
9690 216541
9691 217063
9692 216729
9693 216624
9694 216495
9695 216668
9696 216668
9697 216397
9698 216384
9699 216638
9700 216578
9701 216233
9702 216150
9703 216526
9704 216248
9705 216128
9706 216337
9707 215994
9708 216530
9709 216898
9710 216126
9711 215996
9712 216467
9713 216273
9714 216150
9715 216416
9716 216039
9717 216799
9718 216146
9719 215954
9720 216102
9721 215968
9722 215642
9723 215663
9724 216100
9725 216243
9726 216249
9727 216160
9728 216198
9729 216623
9730 216065
9731 216083
9732 215771
9733 216466
9734 215668
9735 215886
9736 216053
9737 216155
9738 215993
9739 215326
9740 215930
9741 216243
9742 216254
9743 215884
9744 216099
9745 216153
9746 216232
9747 216273
9748 215599
9749 215633
9750 215588
9751 215522
9752 215669
9753 215108
9754 216249
9755 215565
9756 216062
9757 215698
9758 215229
9759 215367
9760 215728
9761 215860
9762 216225
9763 215788
9764 215577
9765 216013
9766 215598
9767 215888
9768 215698
9769 215405
9770 215535
9771 214850
9772 215300
9773 215638
9774 215687
9775 215628
9776 215275
9777 215043
9778 215490
9779 215549
9780 215433
9781 214893
9782 215537
9783 215063
9784 215784
9785 215207
9786 214950
9787 215184
9788 215199
9789 215197
9790 214972
9791 215698
9792 214925
9793 214909
9794 215157
9795 214843
9796 215245
9797 214992
9798 215430
9799 215070
9800 214399
9801 214600
9802 215113
9803 214987
9804 215548
9805 214677
9806 214576
9807 214785
9808 215126
9809 214958
9810 214816
9811 214603
9812 215102
9813 214419
9814 215080
9815 214519
9816 214547
9817 214893
9818 214614
9819 214554
9820 215186
9821 214564
9822 214417
9823 213716
9824 214629
9825 214637
9826 214605
9827 214261
9828 214683
9829 214544
9830 214494
9831 214323
9832 214562
9833 214213
9834 214657
9835 214220
9836 214387
9837 214619
9838 213843
9839 214197
9840 214326
9841 214435
9842 214445
9843 214218
9844 214530
9845 214505
9846 214583
9847 214394
9848 214241
9849 214233
9850 214202
9851 213881
9852 214647
9853 214639
9854 214194
9855 213943
9856 214263
9857 214364
9858 214115
9859 213959
9860 213867
9861 214051
9862 214104
9863 214165
9864 214208
9865 214531
9866 213823
9867 214522
9868 214346
9869 213704
9870 213790
9871 213909
9872 213666
9873 213213
9874 213437
9875 214016
9876 214221
9877 214158
9878 213780
9879 213911
9880 213862
9881 213835
9882 214018
9883 213944
9884 213638
9885 214023
9886 214166
9887 214354
9888 214035
9889 214540
9890 214058
9891 213412
9892 214181
9893 213897
9894 213484
9895 213673
9896 213745
9897 213673
9898 213547
9899 213861
9900 213460
9901 213602
9902 213736
9903 213545
9904 213556
9905 213669
9906 213538
9907 214379
9908 213766
9909 213514
9910 213116
9911 213248
9912 213365
9913 213874
9914 213124
9915 213252
9916 213301
9917 213651
9918 213834
9919 212961
9920 213812
9921 213397
9922 213074
9923 213111
9924 213447
9925 213230
9926 213904
9927 213485
9928 213552
9929 212507
9930 213262
9931 213275
9932 213523
9933 213174
9934 213199
9935 213509
9936 213337
9937 213269
9938 213433
9939 213032
9940 213409
9941 213152
9942 212579
9943 213762
9944 212934
9945 212636
9946 213182
9947 213097
9948 212856
9949 213575
9950 212837
9951 212726
9952 212977
9953 213461
9954 212987
9955 213302
9956 212531
9957 213210
9958 213034
9959 213093
9960 213012
9961 213317
9962 212299
9963 212594
9964 212496
9965 212897
9966 212590
9967 213074
9968 212670
9969 212481
9970 212595
9971 212708
9972 212813
9973 212889
9974 212459
9975 212553
9976 212429
9977 212775
9978 212361
9979 212547
9980 212358
9981 212518
9982 212237
9983 212691
9984 212660
9985 212268
9986 212710
9987 212148
9988 212734
9989 211954
9990 212209
9991 212652
9992 212082
9993 212082
9994 211760
9995 212272
9996 212366
9997 212516
9998 212219
9999 212296
10000 212346
10001 212195
10002 212100
10003 212235
10004 212235
10005 211737
10006 211784
10007 212272
10008 211743
10009 211872
10010 211777
10011 211806
10012 211953
10013 211661
10014 211483
10015 212124
10016 212283
10017 211959
10018 211996
10019 212093
10020 211340
10021 211794
10022 212190
10023 212188
10024 212215
10025 211942
10026 212001
10027 212135
10028 211885
10029 211625
10030 211553
10031 211812
10032 211677
10033 211302
10034 211847
10035 211732
10036 211487
10037 211926
10038 211495
10039 211714
10040 211551
10041 211501
10042 212025
10043 211191
10044 211822
10045 212156
10046 211587
10047 212110
10048 211347
10049 211466
10050 211588
10051 211721
10052 211487
10053 211090
10054 211732
10055 211464
10056 211791
10057 211521
10058 211843
10059 210880
10060 212127
10061 211241
10062 211447
10063 211658
10064 211513
10065 211362
10066 211533
10067 211594
10068 211503
10069 211724
10070 211904
10071 212057
10072 211379
10073 211670
10074 211955
10075 211536
10076 211645
10077 211329
10078 212079
10079 211842
10080 212060
10081 211712
10082 212254
10083 212098
10084 211982
10085 211799
10086 211501
10087 211614
10088 211358
10089 212467
10090 211979
10091 212136
10092 212404
10093 211624
10094 211942
10095 211257
10096 212115
10097 212150
10098 212082
10099 211950
10100 212377
10101 212172
10102 212450
10103 212228
10104 212447
10105 211740
10106 212508
10107 212214
10108 212294
10109 211785
10110 212340
10111 212353
10112 211884
10113 212142
10114 212789
10115 212577
10116 212766
10117 212521
10118 212307
10119 212083
10120 212770
10121 212355
10122 212118
10123 212263
10124 212324
10125 212544
10126 212352
10127 212436
10128 213063
10129 212382
10130 212420
10131 212747
10132 212720
10133 212293
10134 212553
10135 212146
10136 212230
10137 212814
10138 213156
10139 212471
10140 212650
10141 212460
10142 212719
10143 212646
10144 212488
10145 212730
10146 212922
10147 212926
10148 212759
10149 213128
10150 212790
10151 212591
10152 212803
10153 213002
10154 212881
10155 213044
10156 212802
10157 212721
10158 213264
10159 212887
10160 213393
10161 212676
10162 212648
10163 212634
10164 213176
10165 212884
10166 213877
10167 212941
10168 213050
10169 213537
10170 213128
10171 212921
10172 213800
10173 213375
10174 213664
10175 213345
10176 213459
10177 213493
10178 214370
10179 213683
10180 214155
10181 213353
10182 213624
10183 213537
10184 214090
10185 213970
10186 213788
10187 213716
10188 213487
10189 214496
10190 213630
10191 214045
10192 214070
10193 213859
10194 214010
10195 213913
10196 213968
10197 213289
10198 213879
10199 213983
10200 213196
10201 213578
10202 213785
10203 214118
10204 214133
10205 214059
10206 214137
10207 213595
10208 213793
10209 214339
10210 214051
10211 213844
10212 214200
10213 214098
10214 213559
10215 213869
10216 214395
10217 214039
10218 214100
10219 214168
10220 214129
10221 213987
10222 214723
10223 214429
10224 214494
10225 214255
10226 214245
10227 214529
10228 215042
10229 214526
10230 214702
10231 214549
10232 214583
10233 214269
10234 214768
10235 214372
10236 214570
10237 214583
10238 214551
10239 214632
10240 214935
10241 214976
10242 214184
10243 214517
10244 214844
10245 214874
10246 214553
10247 214385
10248 214735
10249 214990
10250 215639
10251 214845
10252 215210
10253 215250
10254 214880
10255 215100
10256 214871
10257 214986
10258 215150
10259 215182
10260 215390
10261 215164
10262 215320
10263 214757
10264 215758
10265 215237
10266 214695
10267 215291
10268 215427
10269 215144
10270 215242
10271 215789
10272 215708
10273 215064
10274 215829
10275 215018
10276 216111
10277 216055
10278 215909
10279 216157
10280 216237
10281 215697
10282 216018
10283 216043
10284 216110
10285 215404
10286 216194
10287 215789
10288 216105
10289 215488
10290 215401
10291 215883
10292 215827
10293 215403
10294 216244
10295 215724
10296 215690
10297 215356
10298 215765
10299 215976
10300 215883
10301 216084
10302 216072
10303 216097
10304 215643
10305 216405
10306 215875
10307 215735
10308 216148
10309 216057
10310 216094
10311 216196
10312 216596
10313 216669
10314 215979
10315 216040
10316 216101
10317 216490
10318 216275
10319 215987
10320 216179
10321 216293
10322 216285
10323 216272
10324 216033
10325 216394
10326 216327
10327 216692
10328 216473
10329 216538
10330 216554
10331 216654
10332 216334
10333 216611
10334 216435
10335 216790
10336 216838
10337 216298
10338 216707
10339 216865
10340 216987
10341 216416
10342 216779
10343 216215
10344 216603
10345 217139
10346 217285
10347 216974
10348 216660
10349 217398
10350 216556
10351 216369
10352 216493
10353 217133
10354 216705
10355 217207
10356 217215
10357 217320
10358 217210
10359 216879
10360 216670
10361 217174
10362 216953
10363 217515
10364 217729
10365 217556
10366 217187
10367 217141
10368 217598
10369 217756
10370 217464
10371 217764
10372 217823
10373 217329
10374 217652
10375 217866
10376 217780
10377 217733
10378 218004
10379 217181
10380 217993
10381 218027
10382 217877
10383 218166
10384 217863
10385 218148
10386 217931
10387 217612
10388 218111
10389 217893
10390 217316
10391 217473
10392 217773
10393 218256
10394 218067
10395 217694
10396 217962
10397 218636
10398 218061
10399 218131
10400 218198
10401 217690
10402 217980
10403 217777
10404 218310
10405 218108
10406 218509
10407 218173
10408 217887
10409 218261
10410 218520
10411 218259
10412 218422
10413 218954
10414 218495
10415 218432
10416 218046
10417 218181
10418 218602
10419 218941
10420 218687
10421 219332
10422 218320
10423 219183
10424 218796
10425 218705
10426 219123
10427 218612
10428 218836
10429 218770
10430 218947
10431 219128
10432 219050
10433 219409
10434 218560
10435 219210
10436 219353
10437 219217
10438 219915
10439 219136
10440 218870
10441 219020
10442 219695
10443 219160
10444 219495
10445 219309
10446 219240
10447 219159
10448 218842
10449 219371
10450 219426
10451 219618
10452 219683
10453 219519
10454 219446
10455 219357
10456 219564
10457 219964
10458 219692
10459 219668
10460 219733
10461 219448
10462 219453
10463 219715
10464 220182
10465 219644
10466 220183
10467 219673
10468 219919
10469 220039
10470 219705
10471 219981
10472 219668
10473 220342
10474 219904
10475 220392
10476 220007
10477 220184
10478 220208
10479 220313
10480 220579
10481 220363
10482 219982
10483 220302
10484 220747
10485 220822
10486 219874
10487 220572
10488 221004
10489 220091
10490 220666
10491 220292
10492 220273
10493 220708
10494 220160
10495 221038
10496 220797
10497 220909
10498 220870
10499 220744
10500 220967
10501 220690
10502 220741
10503 221309
10504 221121
10505 221536
10506 221010
10507 220777
10508 221168
10509 221568
10510 221545
10511 221100
10512 221468
10513 221444
10514 221228
10515 221306
10516 220665
10517 221609
10518 221145
10519 221238
10520 221235
10521 221103
10522 221589
10523 221315
10524 221494
10525 221482
10526 220971
10527 221263
10528 221932
10529 221449
10530 221478
10531 221748
10532 221164
10533 221355
10534 221848
10535 221820
10536 221348
10537 221712
10538 220854
10539 221853
10540 221358
10541 221526
10542 221786
10543 221800
10544 221426
10545 221334
10546 221338
10547 221726
10548 221928
10549 221399
10550 222232
10551 221797
10552 221712
10553 221837
10554 221574
10555 221295
10556 222279
10557 221751
10558 222474
10559 222030
10560 221794
10561 221802
10562 222196
10563 221902
10564 221880
10565 221702
10566 221351
10567 221263
10568 222269
10569 221777
10570 221301
10571 221127
10572 221934
10573 221460
10574 221910
10575 221671
10576 222162
10577 221776
10578 221603
10579 221708
10580 221812
10581 221980
10582 221936
10583 221492
10584 222070
10585 221655
10586 222178
10587 221966
10588 221370
10589 222102
10590 222265
10591 221798
10592 221938
10593 222422
10594 221813
10595 221686
10596 222106
10597 222195
10598 221903
10599 221736
10600 221550
10601 221916
10602 221903
10603 221895
10604 221709
10605 221825
10606 222204
10607 222099
10608 221835
10609 222476
10610 221703
10611 222494
10612 222535
10613 222537
10614 222423
10615 222583
10616 221820
10617 223015
10618 222552
10619 222932
10620 222636
10621 222998
10622 222624
10623 223247
10624 222643
10625 223235
10626 223239
10627 222964
10628 222991
10629 222962
10630 222693
10631 223245
10632 223298
10633 223130
10634 223231
10635 223256
10636 222976
10637 223293
10638 223024
10639 223048
10640 222660
10641 223144
10642 223413
10643 223266
10644 223079
10645 223545
10646 223264
10647 223222
10648 223076
10649 223116
10650 223502
10651 223007
10652 223373
10653 222710
10654 223270
10655 222992
10656 223519
10657 222835
10658 223249
10659 222993
10660 223566
10661 223276
10662 223255
10663 223449
10664 223235
10665 222914
10666 223039
10667 223123
10668 223144
10669 223650
10670 223115
10671 223186
10672 223163
10673 222535
10674 223221
10675 223539
10676 223273
10677 223591
10678 222796
10679 223004
10680 222844
10681 223146
10682 223259
10683 222860
10684 223388
10685 223020
10686 223073
10687 223424
10688 223322
10689 223732
10690 223696
10691 223454
10692 223493
10693 224159
10694 223911
10695 223620
10696 223770
10697 223265
10698 224092
10699 223948
10700 223897
10701 224265
10702 224148
10703 223423
10704 223858
10705 224285
10706 224036
10707 223760
10708 224113
10709 223486
10710 223676
10711 223826
10712 224268
10713 223788
10714 223513
10715 223282
10716 223609
10717 223502
10718 223041
10719 223334
10720 223845
10721 223202
10722 223841
10723 223811
10724 223486
10725 223195
10726 223888
10727 223540
10728 223739
10729 223388
10730 223161
10731 223812
10732 223604
10733 223581
10734 223784
10735 223378
10736 223190
10737 223494
10738 223639
10739 223625
10740 223991
10741 224191
10742 224111
10743 223740
10744 223789
10745 223895
10746 223823
10747 224034
10748 223676
10749 223993
10750 224263
10751 224197
10752 224285
10753 224312
10754 224464
10755 224194
10756 224133
10757 224520
10758 224319
10759 224583
10760 223911
10761 224294
10762 223881
10763 224208
10764 224081
10765 224498
10766 224442
10767 223963
10768 224193
10769 224418
10770 224302
10771 224284
10772 223949
10773 223804
10774 223664
10775 223957
10776 223892
10777 224785
10778 224499
10779 224057
10780 224048
10781 223877
10782 224330
10783 224064
10784 223965
10785 223472
10786 223339
10787 223544
10788 223918
10789 223392
10790 223506
10791 223092
10792 223418
10793 223229
10794 223272
10795 223973
10796 223329
10797 223396
10798 223248
10799 222744
10800 223299
10801 223380
10802 223245
10803 222916
10804 222539
10805 222980
10806 223030
10807 222633
10808 222987
10809 222909
10810 222595
10811 223047
10812 223321
10813 223054
10814 223140
10815 222620
10816 222795
10817 222461
10818 222997
10819 222697
10820 222532
10821 222775
10822 223008
10823 222977
10824 222728
10825 223030
10826 222910
10827 222788
10828 223212
10829 223190
10830 222415
10831 223425
10832 222835
10833 223203
10834 222854
10835 223120
10836 223075
10837 223122
10838 222958
10839 222786
10840 222868
10841 222636
10842 222728
10843 223017
10844 223063
10845 222694
10846 223099
10847 222650
10848 223151
10849 222863
10850 223343
10851 222601
10852 223184
10853 223412
10854 222736
10855 223510
10856 222794
10857 222686
10858 223019
10859 223042
10860 223523
10861 222992
10862 222254
10863 222340
10864 222784
10865 222980
10866 223097
10867 222613
10868 222675
10869 222447
10870 222933
10871 222381
10872 222100
10873 222701
10874 222252
10875 222370
10876 222388
10877 222520
10878 222579
10879 222278
10880 222771
10881 222588
10882 222140
10883 222656
10884 222387
10885 222505
10886 222486
10887 222202
10888 222473
10889 222524
10890 222480
10891 222188
10892 222739
10893 222410
10894 222718
10895 222567
10896 222223
10897 222723
10898 222130
10899 222127
10900 221882
10901 222465
10902 222509
10903 222288
10904 222306
10905 221737
10906 222390
10907 222125
10908 222271
10909 222343
10910 222539
10911 222104
10912 222395
10913 222320
10914 222634
10915 222374
10916 222589
10917 222216
10918 221896
10919 222452
10920 222210
10921 222512
10922 221877
10923 221626
10924 222465
10925 222111
10926 221645
10927 221558
10928 222591
10929 222342
10930 222365
10931 222028
10932 222093
10933 221830
10934 221907
10935 222270
10936 221678
10937 222400
10938 222177
10939 222170
10940 222168
10941 222012
10942 222357
10943 221872
10944 221755
10945 221902
10946 222173
10947 222508
10948 221801
10949 222003
10950 222055
10951 221998
10952 222145
10953 222305
10954 222185
10955 221934
10956 221438
10957 222253
10958 222028
10959 221501
10960 222190
10961 221888
10962 221782
10963 222272
10964 222365
10965 221784
10966 221825
10967 221672
10968 221988
10969 222220
10970 221777
10971 222419
10972 221791
10973 221906
10974 221860
10975 221916
10976 222176
10977 221566
10978 222014
10979 221521
10980 221344
10981 221704
10982 221990
10983 221801
10984 221499
10985 221298
10986 221652
10987 222161
10988 221888
10989 221613
10990 221958
10991 221648
10992 221953
10993 221714
10994 221964
10995 221914
10996 221504
10997 221916
10998 221500
10999 221191
11000 221175
11001 222360
11002 221848
11003 221611
11004 221612
11005 221710
11006 222022
11007 222265
11008 221455
11009 221987
11010 221211
11011 221884
11012 221475
11013 221824
11014 221503
11015 222209
11016 222006
11017 221447
11018 222151
11019 221496
11020 221871
11021 221529
11022 221420
11023 221729
11024 221730
11025 221457
11026 221573
11027 221568
11028 221103
11029 221503
11030 221206
11031 221721
11032 221457
11033 221285
11034 221322
11035 221781
11036 221428
11037 221452
11038 221680
11039 221186
11040 221127
11041 221559
11042 221356
11043 221024
11044 221689
11045 221768
11046 221385
11047 221090
11048 221295
11049 221620
11050 221078
11051 221446
11052 221682
11053 221519
11054 221424
11055 221502
11056 221445
11057 221546
11058 221607
11059 221375
11060 221225
11061 221232
11062 221506
11063 221534
11064 220999
11065 221467
11066 221559
11067 220734
11068 221275
11069 221146
11070 221550
11071 220924
11072 221412
11073 221071
11074 221342
11075 221621
11076 221423
11077 221792
11078 221185
11079 221345
11080 220955
11081 220727
11082 221079
11083 221769
11084 221377
11085 221178
11086 221223
11087 221301
11088 221189
11089 220963
11090 221535
11091 221384
11092 221242
11093 221267
11094 220785
11095 221583
11096 221303
11097 221770
11098 221159
11099 221933
11100 221011
11101 221500
11102 221401
11103 221089
11104 220926
11105 221026
11106 221112
11107 221126
11108 221143
11109 221054
11110 220846
11111 221589
11112 221222
11113 221328
11114 221264
11115 221087
11116 221051
11117 221377
11118 221402
11119 220872
11120 220992
11121 220981
11122 221105
11123 221344
11124 221452
11125 221732
11126 221474
11127 221224
11128 221459
11129 221157
11130 221433
11131 221320
11132 220994
11133 221398
11134 221629
11135 221324
11136 221269
11137 221856
11138 221583
11139 221529
11140 221695
11141 221747
11142 221545
11143 222024
11144 221981
11145 222029
11146 221600
11147 221559
11148 222206
11149 221420
11150 221551
11151 221452
11152 221980
11153 221304
11154 221877
11155 221904
11156 221984
11157 221620
11158 221190
11159 221978
11160 221121
11161 221864
11162 221526
11163 221572
11164 221789
11165 221752
11166 221568
11167 221969
11168 221936
11169 221883
11170 221798
11171 222234
11172 221968
11173 222316
11174 222180
11175 221974
11176 221917
11177 222321
11178 221479
11179 221760
11180 222257
11181 221315
11182 222279
11183 222111
11184 222404
11185 222526
11186 222112
11187 222136
11188 221494
11189 222262
11190 222121
11191 221602
11192 222027
11193 222583
11194 222120
11195 221887
11196 222353
11197 222146
11198 222566
11199 221677
11200 222409
11201 222204
11202 221910
11203 221971
11204 222090
11205 222829
11206 222296
11207 222598
11208 222149
11209 222124
11210 221716
11211 222400
11212 222266
11213 222547
11214 222591
11215 222328
11216 221971
11217 221886
11218 221936
11219 222308
11220 222358
11221 222614
11222 222423
11223 223035
11224 222261
11225 222454
11226 222149
11227 222080
11228 222872
11229 222221
11230 222573
11231 222395
11232 222712
11233 222038
11234 222443
11235 222015
11236 222303
11237 222454
11238 222213
11239 222507
11240 222247
11241 222770
11242 222757
11243 222661
11244 222250
11245 221842
11246 222359
11247 222405
11248 222793
11249 222545
11250 222060
11251 222955
11252 223024
11253 222586
11254 222400
11255 222751
11256 222739
11257 222825
11258 222469
11259 222443
11260 222973
11261 222519
11262 222562
11263 223247
11264 222850
11265 222185
11266 222941
11267 222776
11268 222608
11269 222502
11270 222844
11271 223263
11272 222751
11273 222619
11274 222806
11275 222487
11276 222405
11277 222885
11278 222733
11279 223260
11280 222908
11281 222479
11282 222891
11283 223238
11284 222407
11285 223084
11286 222904
11287 222772
11288 222746
11289 222572
11290 223028
11291 222316
11292 222801
11293 223590
11294 222758
11295 223296
11296 222837
11297 223025
11298 222617
11299 222478
11300 222637
11301 223300
11302 222149
11303 223706
11304 223233
11305 222884
11306 222495
11307 222720
11308 223088
11309 223003
11310 222870
11311 222991
11312 222141
11313 223183
11314 222717
11315 223062
11316 223157
11317 222902
11318 223272
11319 223100
11320 222928
11321 222820
11322 222906
11323 222449
11324 223415
11325 222726
11326 223091
11327 222910
11328 223158
11329 222650
11330 223284
11331 223248
11332 223023
11333 222977
11334 223039
11335 223307
11336 223165
11337 222903
11338 223067
11339 223278
11340 222992
11341 223554
11342 223400
11343 223108
11344 223477
11345 222858
11346 223582
11347 223483
11348 223488
11349 222633
11350 223239
11351 222687
11352 223679
11353 223616
11354 223638
11355 222860
11356 223415
11357 223093
11358 223185
11359 223543
11360 223247
11361 223781
11362 223792
11363 223522
11364 223447
11365 223453
11366 223404
11367 223476
11368 223117
11369 222701
11370 223266
11371 223444
11372 223298
11373 223514
11374 222650
11375 223281
11376 223173
11377 223649
11378 222687
11379 223577
11380 223750
11381 223404
11382 223349
11383 223102
11384 223076
11385 223959
11386 223373
11387 223583
11388 223855
11389 224178
11390 223381
11391 223688
11392 223427
11393 223824
11394 223501
11395 223254
11396 223672
11397 223387
11398 223219
11399 223326
11400 223375
11401 223366
11402 224008
11403 224072
11404 224013
11405 223540
11406 223313
11407 223249
11408 223723
11409 223412
11410 223501
11411 223916
11412 224363
11413 223820
11414 223676
11415 223540
11416 223443
11417 223462
11418 223838
11419 223755
11420 223791
11421 223696
11422 223649
11423 223807
11424 223368
11425 223408
11426 223308
11427 223488
11428 223419
11429 223743
11430 223657
11431 223434
11432 223374
11433 223911
11434 223311
11435 223910
11436 223702
11437 223883
11438 223985
11439 223934
11440 223645
11441 223491
11442 223555
11443 224143
11444 222848
11445 223242
11446 223595
11447 223880
11448 223792
11449 223311
11450 223887
11451 223738
11452 223318
11453 223141
11454 223783
11455 223529
11456 223094
11457 223531
11458 223410
11459 223414
11460 223517
11461 223372
11462 223870
11463 223261
11464 223189
11465 223596
11466 223468
11467 223670
11468 223365
11469 223681
11470 223394
11471 223540
11472 223399
11473 223463
11474 223824
11475 223802
11476 223234
11477 223577
11478 223204
11479 223084
11480 223745
11481 223199
11482 223693
11483 223799
11484 223681
11485 223689
11486 223932
11487 223031
11488 223000
11489 223334
11490 222885
11491 223219
11492 222817
11493 223628
11494 223426
11495 223115
11496 222927
11497 223570
11498 223466
11499 223359
11500 223416
11501 223506
11502 223339
11503 223865
11504 223439
11505 223290
11506 222962
11507 223226
11508 223119
11509 223313
11510 223654
11511 222981
11512 223522
11513 222784
11514 223162
11515 222793
11516 223349
11517 223178
11518 223352
11519 223144
11520 223130
11521 223665
11522 223346
11523 223317
11524 223483
11525 223439
11526 223051
11527 223171
11528 223365
11529 223419
11530 223497
11531 223595
11532 222681
11533 223956
11534 223222
11535 223595
11536 223382
11537 223210
11538 223603
11539 223344
11540 223329
11541 223730
11542 223789
11543 223460
11544 223928
11545 223655
11546 223479
11547 223401
11548 223092
11549 223678
11550 223892
11551 222466
11552 223307
11553 223609
11554 223619
11555 223797
11556 223545
11557 223698
11558 222901
11559 223500
11560 223498
11561 223175
11562 223477
11563 223296
11564 223431
11565 223707
11566 223560
11567 223325
11568 222853
11569 223272
11570 223470
11571 223145
11572 223113
11573 222773
11574 223021
11575 223148
11576 222954
11577 222944
11578 223235
11579 222595
11580 223264
11581 222598
11582 223308
11583 222750
11584 222952
11585 223485
11586 223053
11587 222746
11588 222630
11589 223055
11590 222627
11591 222866
11592 222992
11593 223126
11594 222973
11595 222488
11596 222775
11597 222868
11598 222516
11599 222762
11600 222743
11601 222753
11602 222103
11603 222537
11604 222826
11605 222763
11606 222576
11607 222499
11608 222805
11609 222505
11610 222901
11611 222412
11612 222304
11613 222549
11614 222833
11615 222085
11616 222319
11617 222495
11618 222902
11619 222394
11620 222014
11621 222384
11622 222407
11623 223095
11624 222462
11625 223004
11626 222038
11627 222427
11628 222788
11629 222448
11630 222353
11631 222427
11632 222467
11633 222386
11634 222587
11635 222278
11636 222553
11637 222851
11638 222009
11639 222412
11640 221727
11641 221909
11642 222738
11643 222254
11644 222373
11645 222244
11646 222171
11647 222416
11648 222299
11649 222327
11650 221993
11651 222161
11652 222402
11653 222488
11654 222010
11655 222231
11656 222217
11657 222697
11658 222226
11659 222533
11660 221797
11661 222415
11662 221823
11663 221737
11664 222118
11665 221964
11666 222387
11667 221530
11668 222063
11669 222228
11670 222038
11671 222318
11672 222065
11673 221707
11674 222227
11675 222600
11676 222237
11677 222186
11678 222192
11679 221551
11680 222578
11681 221531
11682 221915
11683 222250
11684 222073
11685 222485
11686 222101
11687 221837
11688 221777
11689 222097
11690 222030
11691 221838
11692 221828
11693 221710
11694 222163
11695 222665
11696 221240
11697 221833
11698 221742
11699 222121
11700 221529
11701 221782
11702 221847
11703 221952
11704 221492
11705 221708
11706 221947
11707 222076
11708 221579
11709 222164
11710 221878
11711 221874
11712 222034
11713 221675
11714 221790
11715 221655
11716 221760
11717 221954
11718 221687
11719 221964
11720 221907
11721 221819
11722 221167
11723 221385
11724 221758
11725 221239
11726 221884
11727 221256
11728 221303
11729 221544
11730 221579
11731 221566
11732 221902
11733 221747
11734 221892
11735 221648
11736 221571
11737 221257
11738 221306
11739 221661
11740 222112
11741 221770
11742 221217
11743 221262
11744 221504
11745 221942
11746 221503
11747 221720
11748 220937
11749 221532
11750 221499
11751 221355
11752 221306
11753 222080
11754 221102
11755 221776
11756 221936
11757 222022
11758 221686
11759 221654
11760 221483
11761 221626
11762 221956
11763 222363
11764 222146
11765 221365
11766 221815
11767 222296
11768 221837
11769 221720
11770 221908
11771 221818
11772 221387
11773 221831
11774 221929
11775 222345
11776 221618
11777 222258
11778 221956
11779 221638
11780 221694
11781 221494
11782 221732
11783 221910
11784 221917
11785 221832
11786 221597
11787 221655
11788 221284
11789 221711
11790 221350
11791 221586
11792 220849
11793 221547
11794 221444
11795 220759
11796 221355
11797 221238
11798 221489
11799 221205
11800 221033
11801 221478
11802 221252
11803 221296
11804 221543
11805 221223
11806 221207
11807 221119
11808 221438
11809 221474
11810 221239
11811 220909
11812 221007
11813 221300
11814 221776
11815 221241
11816 220974
11817 221147
11818 221383
11819 221579
11820 220726
11821 220674
11822 220962
11823 220926
11824 221643
11825 221285
11826 221380
11827 221467
11828 221268
11829 221183
11830 221349
11831 221180
11832 221311
11833 221421
11834 221131
11835 221126
11836 220779
11837 221427
11838 221211
11839 221066
11840 220375
11841 221362
11842 220999
11843 220981
11844 221306
11845 221055
11846 221054
11847 220662
11848 220484
11849 220443
11850 220371
11851 220979
11852 220641
11853 221044
11854 220265
11855 221326
11856 221302
11857 221212
11858 220493
11859 220372
11860 221104
11861 220382
11862 220629
11863 220274
11864 220832
11865 220277
11866 220847
11867 220544
11868 220317
11869 220156
11870 220216
11871 220064
11872 220900
11873 220457
11874 220480
11875 220707
11876 220537
11877 220056
11878 220647
11879 220278
11880 220437
11881 220554
11882 220090
11883 219754
11884 220074
11885 220046
11886 220063
11887 219842
11888 219904
11889 220238
11890 220640
11891 220264
11892 219839
11893 220322
11894 219978
11895 219903
11896 220292
11897 220273
11898 219963
11899 219844
11900 220056
11901 219955
11902 220520
11903 220098
11904 220540
11905 220320
11906 219460
11907 219683
11908 220234
11909 219705
11910 219832
11911 219788
11912 219805
11913 219668
11914 219628
11915 218989
11916 219639
11917 219460
11918 219441
11919 219513
11920 220140
11921 219718
11922 219542
11923 219893
11924 219890
11925 219679
11926 219733
11927 220655
11928 219804
11929 219339
11930 219811
11931 220107
11932 220092
11933 219743
11934 220031
11935 219611
11936 219237
11937 220262
11938 219751
11939 220195
11940 220108
11941 219911
11942 220189
11943 220413
11944 220126
11945 220063
11946 220453
11947 220192
11948 220224
11949 220311
11950 220048
11951 219809
11952 220231
11953 219600
11954 220310
11955 219719
11956 220276
11957 219759
11958 219902
11959 219549
11960 219494
11961 219521
11962 219274
11963 219161
11964 219831
11965 219481
11966 219365
11967 219742
11968 219187
11969 219674
11970 219762
11971 219823
11972 219229
11973 219527
11974 219636
11975 219548
11976 219374
11977 218890
11978 220004
11979 219554
11980 219157
11981 219665
11982 220078
11983 219258
11984 219595
11985 220306
11986 220190
11987 219181
11988 219599
11989 220254
11990 219535
11991 219854
11992 220354
11993 219966
11994 219791
11995 219797
11996 220027
11997 219356
11998 220048
11999 219965
12000 219782
12001 219944
12002 220045
12003 219383
12004 219874
12005 219839
12006 219260
12007 218891
12008 218877
12009 219190
12010 219587
12011 219181
12012 219371
12013 219041
12014 218925
12015 219079
12016 218544
12017 218962
12018 218744
12019 218451
12020 218918
12021 218643
12022 218672
12023 218670
12024 218620
12025 218584
12026 218905
12027 218782
12028 218532
12029 218673
12030 218683
12031 218840
12032 218478
12033 219011
12034 219071
12035 219000
12036 218165
12037 218889
12038 219345
12039 218877
12040 219302
12041 218729
12042 218830
12043 219270
12044 218863
12045 219157
12046 218598
12047 218546
12048 218700
12049 219043
12050 218824
12051 218685
12052 219573
12053 219030
12054 218992
12055 218618
12056 218592
12057 218694
12058 219357
12059 219379
12060 219178
12061 219220
12062 219699
12063 218852
12064 218852
12065 219231
12066 219010
12067 218874
12068 219010
12069 219113
12070 218601
12071 218837
12072 219436
12073 219074
12074 219444
12075 219099
12076 219236
12077 219400
12078 219676
12079 219646
12080 219517
12081 219347
12082 219553
12083 219294
12084 219368
12085 218616
12086 219413
12087 219056
12088 219394
12089 219641
12090 219890
12091 219478
12092 218995
12093 219423
12094 218901
12095 219180
12096 219000
12097 218523
12098 218873
12099 219427
12100 218931
12101 219143
12102 218804
12103 218896
12104 218768
12105 219690
12106 218907
12107 218901
12108 218899
12109 219065
12110 218696
12111 219069
12112 219060
12113 219474
12114 219433
12115 218996
12116 219024
12117 218453
12118 219092
12119 219274
12120 218829
12121 219548
12122 219677
12123 219286
12124 218645
12125 219330
12126 219463
12127 219541
12128 219049
12129 219501
12130 218829
12131 219000
12132 219683
12133 218959
12134 219126
12135 219410
12136 219222
12137 219485
12138 219784
12139 219444
12140 219680
12141 218940
12142 219685
12143 220127
12144 220035
12145 219374
12146 219595
12147 219761
12148 219788
12149 220129
12150 219447
12151 219134
12152 219602
12153 219441
12154 219362
12155 219692
12156 219617
12157 219382
12158 219806
12159 219717
12160 219337
12161 219342
12162 219588
12163 219859
12164 219318
12165 219298
12166 219271
12167 219762
12168 218938
12169 219001
12170 218788
12171 219908
12172 219223
12173 219079
12174 219140
12175 219218
12176 219017
12177 219115
12178 218890
12179 218791
12180 218779
12181 219313
12182 219029
12183 219384
12184 218761
12185 219177
12186 219242
12187 218897
12188 218815
12189 219155
12190 219267
12191 219044
12192 218866
12193 218869
12194 219115
12195 219214
12196 218871
12197 219832
12198 219150
12199 219701
12200 219169
12201 219643
12202 218833
12203 218938
12204 219040
12205 219335
12206 219258
12207 219532
12208 219774
12209 219229
