H11890
GateTime 10
GateNumber 0
SN 30430302
0 228877
1 228320
2 229334
3 228711
4 228808
5 228934
6 228461
7 229186
8 229131
9 228794
10 229211
11 229382
12 229377
13 229164
14 229267
15 229099
16 229767
17 228531
18 229558
19 229030
20 229444
21 229280
22 229090
23 229016
24 229426
25 229546
26 229105
27 229190
28 229520
29 229191
30 229843
31 229097
32 229112
33 229325
34 229258
35 229593
36 229463
37 229103
38 229162
39 229444
40 228909
41 229317
42 229262
43 229748
44 229316
45 229305
46 229377
47 229099
48 229549
49 229829
50 229317
51 229210
52 229733
53 229724
54 229493
55 229504
56 229699
57 229987
58 229794
59 229545
60 229951
61 229718
62 229691
63 229946
64 230174
65 229864
66 229664
67 230067
68 230144
69 230588
70 230323
71 230254
72 230308
73 230148
74 230090
75 230270
76 230150
77 230384
78 230267
79 230280
80 230600
81 229919
82 229893
83 231052
84 229861
85 230294
86 230569
87 230249
88 230515
89 229872
90 230526
91 229842
92 229923
93 230832
94 230039
95 231033
96 230495
97 230486
98 230925
99 231282
100 231558
101 231081
102 230706
103 231331
104 231263
105 231064
106 231631
107 231480
108 231506
109 231663
110 231675
111 232199
112 231876
113 231828
114 232522
115 232398
116 232124
117 232335
118 232369
119 232543
120 232140
121 232559
122 232914
123 233275
124 233486
125 233120
126 233738
127 233092
128 232787
129 232705
130 232675
131 232798
132 232718
133 233008
134 232602
135 232836
136 232256
137 232931
138 232732
139 232326
140 232533
141 232042
142 232188
143 232540
144 232232
145 231851
146 231935
147 231514
148 231559
149 231098
150 231204
151 231256
152 231694
153 231148
154 231188
155 231252
156 230886
157 231077
158 231650
159 231564
160 230889
161 231395
162 231066
163 230829
164 230288
165 231130
166 230482
167 231271
168 230382
169 230937
170 231398
171 230522
172 230457
173 229873
174 230444
175 230124
176 230394
177 229718
178 229615
179 230141
180 230321
181 230167
182 229866
183 229759
184 229624
185 229700
186 229687
187 229868
188 230289
189 229913
190 229873
191 229585
192 229629
193 229502
194 229194
195 229263
196 230362
197 229371
198 229193
199 229989
200 229950
201 229517
202 230074
203 229455
204 229552
205 229665
206 229410
207 229800
208 229460
209 229627
210 229590
211 229602
212 229409
213 229474
214 229820
215 229604
216 229947
217 229181
218 229590
219 229634
220 229415
221 229475
222 229712
223 229372
224 229071
225 229644
226 229316
227 229163
228 229468
229 229346
230 229000
231 228660
232 228908
233 229468
234 228671
235 229218
236 228648
237 229188
238 229268
239 228932
240 229698
241 228961
242 228859
243 228834
244 228813
245 229103
246 229039
247 229580
248 228967
249 228358
250 228753
251 229109
252 228381
253 228819
254 228289
255 228930
256 228994
257 228798
258 228533
259 228902
260 228973
261 228629
262 228909
263 228974
264 228176
265 228706
266 228579
267 228481
268 228834
269 228971
270 228674
271 228515
272 228416
273 229177
274 228689
275 228911
276 228578
277 229198
278 228246
279 229052
280 228862
281 228660
282 229159
283 229029
284 229009
285 229344
286 228681
287 229438
288 229133
289 228739
290 228438
291 228987
292 228677
293 228874
294 228942
295 228906
296 228821
297 228980
298 228691
299 228620
300 228542
301 228662
302 228789
303 228775
304 229241
305 228737
306 228607
307 228852
308 228822
309 228708
310 228819
311 228957
312 228718
313 229007
314 229004
315 228620
316 229141
317 229190
318 229110
319 229039
320 228773
321 228950
322 228606
323 229136
324 228964
325 228588
326 228776
327 228799
328 228926
329 228879
330 228475
331 228367
332 228402
333 229019
334 228385
335 228763
336 228392
337 228372
338 229121
339 228737
340 228488
341 228346
342 228982
343 228957
344 228529
345 228217
346 228355
347 228620
348 228791
349 228381
350 228735
351 228630
352 229358
353 228244
354 228737
355 228246
356 228446
357 228487
358 228450
359 228377
360 227981
361 228372
362 228332
363 228373
364 228330
365 228606
366 228704
367 227976
368 227895
369 228510
370 227789
371 228491
372 228688
373 228351
374 228075
375 228139
376 228352
377 228983
378 228469
379 228571
380 228475
381 228014
382 228244
383 228234
384 228570
385 228463
386 228159
387 228553
388 228373
389 228705
390 228598
391 228590
392 228342
393 228697
394 228750
395 228275
396 228625
397 228962
398 228367
399 229083
400 229058
401 228667
402 229394
403 229016
404 228362
405 228787
406 228526
407 228689
408 228317
409 228289
410 228089
411 228151
412 228362
413 228527
414 228849
415 228152
416 227511
417 228406
418 228631
419 228474
420 228387
421 228130
422 228624
423 228209
424 228482
425 228455
426 228768
427 227956
428 228607
429 228632
430 228948
431 228309
432 228375
433 228488
434 228807
435 228950
436 228479
437 228557
438 228531
439 228582
440 228780
441 228911
442 228570
443 228310
444 228594
445 228620
446 228643
447 228995
448 228546
449 229223
450 228735
451 229005
452 228996
453 229312
454 228500
455 229319
456 228841
457 228780
458 228802
459 229557
460 229053
461 228510
462 228812
463 228765
464 228545
465 228839
466 228880
467 228873
468 228993
469 229049
470 229535
471 229297
472 228939
473 228794
474 228325
475 229413
476 229033
477 228495
478 228506
479 228934
480 228056
481 228728
482 228948
483 229051
484 228804
485 228528
486 228998
487 228829
488 228718
489 228808
490 228721
491 229087
492 228928
493 228960
494 228693
495 229229
496 229235
497 228537
498 229057
499 229229
500 229080
501 228734
502 229372
503 229053
504 229047
505 229334
506 228769
507 228967
508 229463
509 229220
510 229480
511 229020
512 229085
513 229813
514 229744
515 229071
516 229168
517 228886
518 229227
519 229647
520 229356
521 228726
522 229012
523 228941
524 228921
525 228874
526 228885
527 228273
528 228931
529 228942
530 229358
531 229123
532 228911
533 229333
534 228886
535 229325
536 229185
537 229054
538 229130
539 229532
540 229085
541 229004
542 229164
543 229518
544 229362
545 229357
546 229802
547 229767
548 229224
549 229615
550 229121
551 229289
552 229405
553 229343
554 228765
555 228901
556 228825
557 229491
558 228888
559 229577
560 229341
561 229336
562 228900
563 229330
564 228595
565 229549
566 229114
567 229179
568 229442
569 229668
570 229260
571 229016
572 229183
573 229559
574 229602
575 229342
576 229489
577 229350
578 228952
579 229655
580 229213
581 229096
582 229794
583 229841
584 229601
585 229986
586 229549
587 230110
588 229642
589 229708
590 229838
591 230317
592 229909
593 229968
594 230067
595 229915
596 229558
597 229814
598 230023
599 230081
600 230096
601 230081
602 229642
603 230328
604 229312
605 229421
606 229796
607 229534
608 229953
609 229812
610 229692
611 229669
612 229483
613 229822
614 230055
615 229722
616 229841
617 230079
618 230153
619 230343
620 230615
621 230198
622 230527
623 230481
624 230277
625 230772
626 230289
627 230634
628 230391
629 230658
630 230544
631 230269
632 230685
633 231073
634 230633
635 230637
636 231132
637 231732
638 231366
639 231345
640 231567
641 231612
642 231443
643 231482
644 232036
645 232350
646 232046
647 232063
648 231986
649 232489
650 232346
651 232506
652 232874
653 233228
654 233055
655 233052
656 232802
657 232756
658 233307
659 233207
660 233287
661 233359
662 233134
663 233534
664 233533
665 233243
666 233447
667 233401
668 232968
669 232711
670 233295
671 232327
672 232657
673 232965
674 233106
675 232739
676 232292
677 231970
678 232355
679 232198
680 231401
681 232273
682 231825
683 232562
684 232210
685 231791
686 231634
687 231767
688 231164
689 231333
690 231191
691 230679
692 231320
693 231449
694 230809
695 231125
696 231126
697 230863
698 230949
699 231132
700 231270
701 230911
702 230939
703 230867
704 230442
705 231063
706 230622
707 230674
708 231362
709 231057
710 230638
711 230558
712 230675
713 231385
714 230847
715 230627
716 231513
717 231437
718 231312
719 231462
720 231652
721 231424
722 231224
723 231075
724 230647
725 230842
726 230609
727 230782
728 230567
729 230915
730 230666
731 230524
732 230477
733 229908
734 230569
735 230522
736 230903
737 230382
738 230227
739 229953
740 230023
741 230219
742 230169
743 230158
744 230150
745 230443
746 230110
747 230391
748 230177
749 230072
750 229584
751 229962
752 229604
753 229740
754 229603
755 229593
756 230030
757 229910
758 230109
759 229968
760 229423
761 229392
762 229833
763 229754
764 229521
765 229257
766 229471
767 229486
768 229743
769 230062
770 229572
771 229670
772 229744
773 229814
774 229695
775 229363
776 229871
777 229729
778 229938
779 229331
780 229689
781 230146
782 229368
783 229984
784 230044
785 229683
786 229989
787 230240
788 229742
789 230022
790 229891
791 229984
792 230116
793 230027
794 229830
795 229505
796 229604
797 230030
798 229593
799 229466
800 229787
801 229966
802 229880
803 230449
804 229998
805 230066
806 229511
807 229516
808 229115
809 229678
810 229787
811 230041
812 229458
813 229938
814 229921
815 229835
816 229992
817 229519
818 229693
819 229439
820 230280
821 229542
822 230013
823 230085
824 229931
825 229855
826 229654
827 229982
828 230244
829 230428
830 229520
831 230307
832 230229
833 230123
834 230163
835 230307
836 230106
837 230109
838 230221
839 230122
840 229872
841 229968
842 230135
843 230826
844 229630
845 230019
846 229895
847 230309
848 230200
849 230329
850 230237
851 229938
852 229924
853 230589
854 230120
855 229666
856 229982
857 229758
858 230068
859 229926
860 230216
861 229720
862 230152
863 230003
864 229935
865 229881
866 229822
867 230461
868 229704
869 229794
870 229704
871 229610
872 229895
873 230120
874 230222
875 230026
876 229709
877 229891
878 230064
879 229861
880 230416
881 230114
882 230367
883 229953
884 230418
885 229965
886 229281
887 230023
888 230367
889 229907
890 230652
891 229925
892 229918
893 230369
894 229978
895 230496
896 230411
897 230137
898 230072
899 230647
900 230273
901 230583
902 230281
903 230495
904 230527
905 230462
906 230629
907 230307
908 230136
909 230359
910 230142
911 230618
912 230098
913 230090
914 230659
915 230267
916 230497
917 230566
918 230740
919 230326
920 230546
921 230342
922 230342
923 230338
924 230640
925 229913
926 229846
927 230324
928 229933
929 230242
930 230536
931 230372
932 230204
933 230145
934 230253
935 230649
936 229810
937 230133
938 230401
939 230369
940 230237
941 229993
942 230626
943 229726
944 230328
945 230273
946 230362
947 230213
948 230355
949 230431
950 230122
951 230311
952 230040
953 229996
954 230454
955 230539
956 230427
957 230384
958 229816
959 230408
960 230091
961 230092
962 230190
963 230131
964 230083
965 230133
966 230174
967 230186
968 230871
969 230076
970 230296
971 230876
972 230172
973 230204
974 229771
975 230379
976 230100
977 229757
978 230320
979 230287
980 230197
981 230403
982 229827
983 230225
984 230031
985 230299
986 230439
987 229942
988 230053
989 229912
990 230711
991 230401
992 230211
993 230336
994 229738
995 229682
996 229894
997 230000
998 230146
999 229900
1000 230108
1001 230301
1002 229781
1003 230301
1004 229867
1005 230462
1006 230220
1007 230055
1008 230111
1009 229859
1010 229954
1011 229981
1012 229660
1013 230325
1014 230020
1015 229789
1016 229971
1017 230408
1018 229741
1019 230159
1020 230110
1021 229797
1022 230237
1023 229683
1024 230062
1025 230115
1026 229816
1027 229996
1028 229681
1029 230076
1030 230276
1031 229579
1032 229441
1033 230064
1034 229796
1035 230064
1036 230043
1037 230160
1038 229866
1039 230082
1040 229832
1041 229980
1042 230062
1043 230021
1044 230094
1045 230035
1046 230222
1047 230391
1048 230013
1049 229824
1050 229803
1051 230263
1052 230089
1053 230081
1054 230161
1055 230084
1056 230193
1057 229696
1058 230266
1059 229848
1060 229796
1061 230198
1062 230392
1063 230097
1064 230770
1065 230263
1066 230538
1067 230279
1068 230379
1069 230000
1070 229784
1071 229940
1072 229763
1073 230368
1074 230173
1075 230391
1076 230317
1077 231063
1078 230332
1079 230351
1080 229977
1081 231058
1082 230611
1083 230640
1084 230966
1085 230727
1086 230810
1087 230260
1088 230924
1089 230403
1090 230759
1091 230432
1092 230645
1093 230664
1094 230945
1095 231049
1096 230865
1097 230712
1098 231206
1099 231246
1100 231490
1101 231254
1102 230970
1103 231353
1104 231515
1105 231719
1106 231034
1107 231479
1108 231323
1109 232065
1110 232179
1111 231341
1112 231762
1113 232322
1114 232130
1115 231962
1116 232255
1117 232463
1118 232439
1119 232616
1120 232609
1121 232646
1122 232578
1123 232914
1124 232983
1125 232850
1126 232890
1127 233005
1128 233513
1129 232907
1130 232637
1131 232905
1132 232965
1133 233000
1134 232899
1135 232742
1136 232670
1137 232661
1138 232335
1139 232407
1140 232500
1141 232732
1142 232774
1143 232305
1144 232319
1145 231976
1146 231692
1147 231790
1148 231596
1149 231767
1150 231572
1151 231580
1152 231454
1153 231302
1154 231793
1155 230897
1156 231119
1157 230810
1158 230632
1159 230802
1160 230983
1161 230524
1162 230429
1163 230799
1164 230611
1165 230644
1166 230351
1167 230172
1168 230583
1169 230308
1170 230206
1171 230565
1172 229618
1173 229993
1174 230182
1175 230710
1176 230256
1177 229973
1178 229951
1179 229565
1180 230136
1181 229629
1182 229942
1183 229656
1184 229529
1185 230059
1186 230292
1187 230231
1188 229726
1189 229690
1190 229745
1191 229932
1192 229545
1193 230038
1194 229770
1195 229827
1196 229573
1197 229529
1198 229500
1199 229946
1200 229742
1201 229319
1202 229592
1203 229265
1204 229533
1205 229606
1206 229284
1207 229336
1208 229583
1209 229320
1210 229575
1211 229620
1212 229332
1213 229402
1214 229720
1215 229269
1216 229731
1217 229790
1218 229685
1219 229800
1220 229915
1221 229603
1222 230301
1223 229650
1224 230111
1225 229893
1226 229926
1227 230020
1228 229971
1229 229928
1230 229703
1231 229973
1232 229614
1233 230048
1234 229619
1235 229542
1236 229757
1237 229095
1238 230032
1239 229772
1240 229178
1241 229249
1242 229346
1243 229200
1244 228503
1245 228965
1246 228971
1247 228870
1248 229083
1249 229277
1250 229255
1251 229168
1252 229092
1253 228988
1254 229081
1255 229226
1256 229182
1257 228920
1258 228777
1259 229174
1260 228508
1261 228865
1262 229066
1263 228857
1264 228799
1265 228692
1266 229187
1267 229158
1268 229082
1269 228314
1270 228697
1271 228853
1272 228869
1273 228661
1274 228487
1275 228822
1276 228595
1277 228986
1278 228540
1279 228824
1280 229155
1281 228967
1282 229135
1283 228939
1284 229044
1285 228450
1286 228438
1287 228351
1288 228561
1289 229074
1290 229071
1291 228960
1292 228571
1293 228486
1294 229021
1295 228685
1296 228966
1297 228383
1298 228857
1299 228228
1300 228466
1301 228450
1302 228579
1303 228783
1304 228041
1305 229044
1306 228761
1307 228433
1308 228485
1309 228279
1310 228230
1311 228159
1312 228727
1313 227906
1314 228621
1315 228435
1316 228510
1317 228612
1318 228605
1319 228244
1320 228302
1321 228560
1322 228591
1323 228266
1324 228380
1325 228725
1326 227824
1327 228549
1328 228949
1329 228688
1330 228505
1331 228254
1332 228247
1333 228374
1334 228309
1335 228115
1336 228180
1337 228650
1338 228397
1339 228743
1340 229014
1341 228594
1342 228583
1343 228349
1344 228561
1345 228457
1346 228628
1347 228435
1348 228250
1349 228737
1350 228398
1351 228503
1352 228505
1353 228333
1354 228455
1355 228461
1356 228502
1357 228862
1358 228701
1359 228476
1360 228481
1361 228946
1362 228146
1363 228811
1364 228706
1365 228441
1366 228423
1367 228483
1368 229059
1369 228441
1370 228723
1371 228378
1372 228740
1373 228084
1374 228367
1375 228273
1376 228355
1377 228776
1378 228584
1379 228655
1380 228347
1381 228694
1382 228718
1383 227793
1384 228359
1385 228639
1386 228494
1387 228115
1388 228670
1389 228251
1390 228342
1391 228124
1392 228225
1393 228049
1394 228207
1395 228446
1396 228346
1397 228650
1398 228417
1399 228211
1400 228186
1401 228437
1402 228179
1403 228419
1404 228883
1405 227941
1406 228230
1407 228060
1408 228249
1409 228617
1410 228192
1411 228677
1412 228711
1413 229083
1414 229047
1415 229048
1416 228244
1417 228725
1418 228768
1419 228960
1420 228888
1421 228599
1422 228765
1423 228580
1424 228610
1425 228416
1426 228895
1427 229015
1428 229062
1429 228824
1430 228859
1431 228695
1432 228739
1433 228648
1434 228860
1435 229065
1436 228980
1437 229091
1438 228419
1439 228766
1440 228677
1441 228464
1442 228839
1443 228687
1444 228581
1445 228310
1446 228955
1447 228516
1448 228938
1449 228823
1450 229088
1451 228848
1452 228479
1453 228611
1454 228518
1455 228160
1456 228826
1457 228703
1458 228632
1459 228491
1460 228702
1461 228663
1462 229154
1463 228579
1464 228577
1465 228842
1466 228652
1467 228797
1468 228803
1469 228864
1470 229164
1471 228917
1472 228946
1473 228496
1474 229104
1475 229280
1476 228728
1477 229264
1478 228496
1479 228710
1480 229134
1481 228854
1482 228886
1483 229277
1484 229475
1485 229128
1486 229183
1487 229513
1488 229395
1489 229061
1490 229371
1491 228991
1492 229751
1493 228986
1494 228967
1495 229231
1496 229063
1497 229153
1498 229126
1499 228720
1500 228806
1501 228432
1502 228908
1503 228918
1504 229783
1505 228788
1506 228498
1507 229194
1508 228811
1509 229005
1510 229284
1511 229339
1512 229343
1513 229287
1514 228777
1515 229013
1516 228768
1517 228557
1518 228800
1519 229244
1520 228900
1521 229019
1522 228730
1523 229561
1524 228854
1525 228973
1526 228747
1527 228865
1528 228660
1529 229221
1530 229286
1531 228939
1532 229455
1533 228607
1534 229330
1535 229513
1536 228773
1537 229050
1538 228516
1539 229268
1540 229332
1541 229167
1542 229064
1543 229357
1544 228876
1545 228910
1546 229345
1547 229011
1548 229548
1549 229014
1550 229400
1551 229089
1552 229531
1553 228857
1554 229207
1555 229148
1556 229686
1557 229162
1558 229503
1559 229198
1560 228974
1561 229425
1562 229266
1563 229136
1564 229421
1565 229653
1566 229189
1567 229013
1568 229104
1569 228883
1570 229256
1571 229671
1572 229820
1573 229219
1574 229608
1575 229315
1576 229278
1577 229145
1578 229610
1579 228895
1580 229042
1581 228991
1582 229360
1583 229172
1584 230037
1585 229355
1586 229106
1587 229953
1588 229763
1589 229166
1590 229431
1591 229351
1592 229609
1593 229538
1594 229077
1595 229424
1596 229628
1597 229115
1598 229295
1599 229399
1600 229505
1601 229854
1602 229106
1603 230245
1604 229723
1605 229819
1606 229433
1607 229338
1608 230036
1609 230116
1610 230501
1611 229940
1612 229980
1613 229864
1614 229883
1615 230176
1616 230071
1617 230182
1618 230066
1619 230236
1620 230028
1621 230193
1622 230632
1623 230820
1624 230156
1625 230084
1626 230247
1627 230337
1628 230557
1629 231058
1630 231251
1631 231333
1632 231201
1633 231228
1634 231297
1635 231464
1636 231500
1637 231182
1638 231525
1639 232275
1640 231918
1641 231733
1642 232051
1643 231223
1644 232484
1645 231945
1646 232271
1647 232353
1648 232791
1649 232378
1650 233049
1651 233273
1652 233328
1653 232776
1654 233266
1655 233021
1656 233265
1657 233338
1658 233282
1659 233443
1660 233171
1661 233758
1662 233461
1663 233261
1664 233488
1665 233086
1666 233652
1667 232709
1668 233125
1669 232919
1670 233085
1671 232925
1672 232397
1673 232261
1674 232291
1675 231891
1676 232280
1677 232071
1678 232039
1679 231614
1680 232039
1681 232082
1682 231550
1683 231532
1684 231613
1685 231756
1686 231671
1687 230822
1688 231415
1689 231656
1690 231145
1691 230821
1692 230804
1693 231173
1694 231435
1695 231187
1696 231281
1697 231074
1698 230767
1699 230091
1700 230992
1701 230485
1702 230313
1703 230858
1704 230269
1705 230301
1706 230338
1707 230143
1708 230430
1709 230473
1710 230185
1711 230030
1712 230224
1713 229801
1714 230598
1715 230271
1716 229453
1717 229874
1718 230639
1719 230080
1720 229875
1721 229953
1722 230454
1723 230486
1724 229615
1725 230213
1726 230083
1727 229792
1728 230073
1729 230165
1730 230124
1731 230161
1732 230170
1733 229944
1734 229854
1735 230423
1736 229925
1737 230462
1738 230180
1739 229664
1740 230143
1741 230192
1742 230152
1743 230070
1744 229894
1745 230253
1746 229849
1747 229679
1748 229544
1749 230503
1750 229624
1751 229992
1752 229989
1753 229686
1754 230087
1755 230023
1756 230198
1757 229745
1758 230254
1759 229955
1760 230136
1761 230039
1762 230127
1763 230166
1764 230385
1765 230123
1766 230144
1767 230096
1768 230027
1769 230442
1770 230585
1771 230036
1772 230188
1773 230789
1774 230418
1775 230758
1776 230556
1777 230198
1778 230471
1779 230285
1780 230232
1781 230322
1782 230597
1783 229927
1784 230548
1785 230833
1786 230304
1787 230680
1788 230414
1789 230895
1790 230440
1791 230684
1792 230485
1793 230651
1794 230428
1795 230558
1796 230530
1797 230619
1798 230483
1799 230687
1800 230633
1801 230731
1802 230716
1803 230563
1804 231092
1805 230711
1806 230374
1807 231136
1808 230260
1809 231197
1810 231012
1811 231079
1812 231167
1813 231362
1814 231411
1815 231355
1816 230753
1817 230779
1818 230977
1819 230689
1820 230661
1821 230910
1822 230772
1823 230546
1824 230768
1825 230848
1826 230324
1827 230668
1828 230821
1829 230693
1830 230671
1831 230791
1832 231142
1833 230373
1834 230267
1835 230748
1836 230708
1837 230528
1838 230533
1839 229953
1840 229975
1841 230966
1842 230672
1843 230314
1844 230249
1845 230389
1846 229973
1847 230255
1848 230393
1849 230352
1850 230885
1851 229679
1852 229904
1853 230205
1854 229492
1855 230361
1856 230080
1857 230065
1858 230532
1859 229912
1860 229950
1861 230300
1862 230360
1863 229354
1864 230035
1865 229623
1866 230108
1867 230159
1868 230266
1869 229833
1870 230150
1871 230435
1872 230294
1873 229767
1874 229644
1875 230597
1876 230650
1877 229993
1878 229576
1879 230074
1880 230191
1881 229206
1882 229900
1883 230317
1884 230227
1885 230119
1886 230158
1887 230094
1888 229804
1889 229709
1890 230232
1891 229920
1892 229926
1893 229768
1894 230106
1895 229751
1896 230049
1897 229871
1898 229590
1899 230098
1900 230043
1901 230035
1902 229985
1903 229913
1904 230265
1905 229821
1906 230282
1907 230012
1908 230538
1909 230400
1910 229645
1911 229663
1912 229924
1913 229611
1914 230384
1915 229910
1916 229889
1917 229800
1918 229934
1919 229847
1920 229914
1921 229676
1922 229424
1923 229692
1924 230102
1925 230065
1926 229954
1927 230034
1928 230055
1929 230146
1930 229673
1931 229669
1932 229907
1933 229785
1934 229810
1935 229756
1936 230040
1937 229549
1938 229587
1939 229797
1940 229720
1941 229795
1942 230081
1943 229579
1944 229663
1945 229999
1946 229754
1947 229647
1948 230171
1949 230151
1950 229456
1951 230037
1952 230460
1953 229405
1954 229682
1955 229771
1956 229685
1957 229997
1958 229699
1959 229644
1960 229592
1961 229903
1962 229740
1963 229742
1964 230029
1965 229875
1966 230296
1967 230044
1968 229665
1969 229910
1970 229919
1971 229795
1972 230191
1973 229981
1974 229453
1975 230013
1976 229793
1977 229849
1978 229901
1979 229193
1980 229345
1981 229757
1982 229927
1983 229596
1984 229027
1985 229923
1986 228973
1987 229460
1988 229488
1989 229784
1990 229994
1991 229850
1992 229585
1993 229717
1994 229144
1995 230084
1996 230176
1997 229543
1998 229326
1999 230426
2000 229698
2001 229515
2002 229999
2003 229371
2004 229541
2005 229435
2006 229830
2007 230044
2008 229778
2009 229508
2010 229698
2011 229735
2012 229642
2013 229973
2014 229554
2015 230146
2016 229482
2017 229889
2018 229511
2019 229471
2020 229507
2021 229238
2022 229231
2023 229781
2024 229939
2025 229401
2026 229686
2027 229588
2028 229679
2029 229661
2030 228997
2031 229170
2032 229934
2033 229627
2034 228847
2035 229967
2036 229412
2037 229581
2038 229586
2039 229499
2040 229648
2041 229324
2042 229651
2043 229529
2044 229286
2045 229275
2046 229737
2047 229187
2048 229966
2049 229276
2050 229629
2051 229467
2052 229306
2053 230016
2054 229367
2055 229638
2056 230050
2057 229716
2058 229286
2059 229591
2060 229624
2061 229235
2062 229879
2063 229605
2064 229891
2065 229490
2066 229830
2067 230121
2068 229734
2069 229327
2070 229607
2071 230161
2072 229868
2073 230203
2074 230207
2075 230015
2076 229919
2077 229681
2078 230187
2079 229725
2080 230278
2081 229954
2082 229501
2083 230441
2084 230466
2085 230412
2086 230220
2087 230217
2088 229704
2089 230382
2090 230469
2091 230595
2092 230235
2093 230324
2094 230208
2095 230618
2096 230242
2097 230584
2098 230873
2099 230651
2100 230809
2101 231058
2102 230674
2103 231124
2104 231169
2105 231086
2106 230667
2107 231430
2108 230938
2109 231457
2110 231404
2111 231719
2112 231774
2113 231517
2114 232323
2115 231740
2116 231963
2117 232290
2118 232621
2119 232284
2120 232797
2121 232402
2122 232549
2123 232343
2124 232700
2125 232805
2126 232507
2127 233095
2128 232904
2129 232965
2130 232519
2131 232650
2132 232548
2133 232615
2134 232883
2135 232724
2136 232487
2137 232576
2138 232758
2139 232358
2140 233000
2141 232332
2142 232419
2143 232257
2144 231970
2145 232077
2146 232023
2147 231838
2148 231749
2149 231361
2150 231091
2151 231260
2152 231138
2153 231149
2154 231238
2155 231053
2156 231104
2157 231026
2158 230447
2159 230244
2160 230789
2161 230243
2162 230371
2163 230545
2164 230521
2165 230085
2166 230429
2167 229901
2168 230232
2169 230547
2170 230251
2171 230266
2172 230240
2173 229501
2174 230426
2175 229993
2176 229787
2177 230009
2178 229843
2179 230216
2180 230207
2181 229483
2182 230052
2183 230068
2184 229318
2185 230041
2186 229872
2187 229397
2188 229341
2189 229724
2190 229582
2191 229023
2192 229581
2193 229810
2194 229368
2195 229718
2196 229538
2197 229896
2198 228945
2199 229337
2200 229382
2201 229428
2202 229750
2203 229642
2204 229436
2205 229098
2206 229484
2207 229747
2208 229558
2209 228824
2210 229623
2211 229176
2212 229325
2213 229488
2214 229556
2215 229098
2216 228879
2217 229178
2218 228950
2219 229516
2220 229431
2221 229194
2222 229330
2223 229366
2224 229095
2225 229111
2226 228931
2227 229303
2228 229456
2229 229172
2230 229157
2231 228654
2232 228696
2233 228554
2234 229131
2235 229329
2236 228569
2237 229441
2238 228972
2239 229170
2240 228804
2241 229277
2242 228368
2243 229456
2244 229288
2245 228659
2246 229002
2247 228651
2248 228994
2249 228788
2250 228245
2251 228982
2252 229212
2253 228920
2254 228799
2255 228878
2256 228482
2257 228659
2258 228418
2259 228404
2260 228791
2261 228590
2262 229025
2263 228737
2264 228303
2265 229079
2266 229083
2267 229006
2268 228921
2269 228638
2270 228473
2271 228647
2272 228826
2273 228636
2274 228992
2275 228824
2276 228253
2277 229224
2278 228429
2279 228521
2280 229162
2281 228606
2282 228567
2283 228794
2284 228357
2285 228401
2286 228192
2287 228707
2288 228142
2289 228541
2290 228997
2291 228904
2292 228214
2293 228554
2294 228451
2295 229111
2296 228891
2297 228259
2298 228880
2299 228644
2300 228148
2301 228174
2302 228098
2303 228256
2304 228591
2305 228438
2306 228385
2307 228540
2308 228575
2309 227774
2310 228380
2311 228520
2312 228159
2313 228576
2314 228123
2315 228571
2316 228211
2317 228724
2318 228542
2319 228663
2320 227925
2321 227651
2322 228255
2323 228439
2324 228484
2325 228292
2326 228387
2327 228757
2328 228152
2329 228186
2330 228519
2331 228992
2332 228427
2333 228411
2334 228154
2335 227883
2336 228792
2337 227817
2338 228371
2339 228497
2340 228740
2341 227915
2342 228073
2343 227759
2344 228842
2345 228225
2346 228658
2347 228216
2348 229097
2349 228378
2350 228657
2351 228926
2352 228514
2353 228549
2354 228068
2355 228634
2356 228681
2357 228379
2358 227997
2359 228207
2360 228942
2361 228053
2362 228540
2363 228435
2364 228642
2365 228350
2366 228673
2367 228355
2368 228590
2369 228641
2370 228024
2371 228743
2372 228323
2373 228587
2374 228411
2375 228289
2376 228438
2377 228401
2378 228459
2379 228494
2380 228587
2381 228783
2382 228714
2383 228313
2384 228038
2385 228151
2386 228649
2387 228578
2388 228539
2389 228273
2390 228600
2391 227878
2392 228357
2393 228312
2394 228512
2395 228465
2396 228448
2397 228658
2398 228516
2399 228512
2400 228179
2401 228239
2402 228239
2403 228114
2404 228397
2405 228569
2406 228601
2407 227944
2408 228388
2409 228659
2410 228442
2411 228555
2412 228400
2413 228755
2414 228444
2415 228447
2416 228086
2417 228126
2418 228482
2419 228048
2420 228735
2421 228805
2422 228468
2423 228404
2424 228378
2425 228112
2426 228674
2427 228528
2428 228836
2429 228493
2430 228418
2431 228094
2432 228146
2433 228376
2434 228120
2435 228652
2436 228238
2437 228141
2438 228513
2439 228160
2440 228968
2441 227882
2442 228430
2443 228083
2444 228221
2445 227698
2446 228826
2447 228149
2448 228812
2449 228076
2450 228739
2451 228664
2452 228660
2453 227955
2454 228001
2455 228099
2456 228369
2457 228529
2458 227832
2459 228589
2460 228236
2461 228465
2462 228272
2463 228833
2464 228551
2465 228166
2466 228341
2467 228343
2468 228132
2469 228277
2470 228137
2471 228041
2472 228278
2473 228263
2474 228395
2475 228587
2476 227988
2477 228171
2478 228687
2479 228411
2480 228725
2481 228618
2482 228117
2483 228651
2484 228599
2485 228413
2486 228634
2487 228366
2488 228818
2489 228287
2490 228521
2491 228234
2492 228408
2493 228393
2494 228441
2495 228773
2496 228468
2497 228379
2498 228692
2499 228750
2500 228001
2501 228730
2502 228641
2503 228608
2504 228923
2505 228840
2506 228551
2507 227904
2508 228715
2509 228325
2510 228299
2511 229025
2512 228545
2513 229052
2514 228402
2515 228178
2516 228180
2517 228720
2518 228311
2519 229070
2520 228627
2521 228596
2522 228756
2523 228674
2524 227828
2525 228759
2526 228522
2527 228847
2528 228076
2529 228425
2530 228917
2531 228743
2532 228923
2533 228717
2534 228586
2535 228464
2536 228711
2537 229208
2538 229027
2539 228346
2540 228463
2541 228639
2542 228631
2543 228676
2544 229100
2545 228715
2546 228797
2547 228988
2548 228444
2549 228597
2550 229344
2551 228736
2552 229489
2553 228749
2554 228824
2555 228966
2556 228829
2557 229163
2558 228766
2559 229375
2560 229430
2561 229317
2562 229032
2563 228925
2564 229102
2565 229009
2566 228756
2567 229249
2568 229030
2569 229129
2570 229227
2571 228726
2572 229402
2573 229064
2574 228916
2575 229449
2576 229292
2577 228810
2578 228814
2579 228952
2580 229221
2581 229256
2582 228973
2583 229279
2584 229828
2585 229531
2586 229088
2587 229413
2588 229086
2589 228998
2590 229111
2591 229762
2592 229115
2593 229265
2594 229215
2595 229426
2596 229399
2597 229037
2598 228633
2599 229049
2600 229254
2601 228747
2602 229007
2603 229621
2604 229429
2605 229773
2606 229349
2607 228952
2608 229811
2609 229645
2610 229293
2611 229542
2612 229357
2613 229632
2614 229691
2615 229477
2616 229635
2617 229729
2618 229322
2619 229665
2620 229584
2621 229515
2622 229935
2623 229815
2624 229753
2625 229717
2626 230289
2627 230042
2628 230089
2629 230463
2630 230441
2631 230147
2632 230412
2633 230256
2634 230530
2635 230297
2636 230888
2637 230654
2638 231001
2639 230692
2640 230995
2641 231105
2642 231080
2643 231776
2644 232017
2645 232033
2646 231898
2647 231590
2648 231626
2649 231911
2650 231774
2651 231313
2652 232309
2653 231881
2654 232032
2655 232286
2656 232845
2657 232947
2658 232879
2659 232372
2660 232311
2661 232477
2662 232956
2663 232231
2664 232413
2665 232557
2666 232435
2667 232479
2668 232138
2669 231984
2670 231888
2671 231464
2672 231826
2673 231191
2674 231877
2675 231624
2676 231676
2677 231028
2678 231439
2679 231048
2680 230940
2681 230997
2682 230617
2683 230644
2684 230676
2685 230761
2686 231029
2687 230521
2688 230273
2689 230620
2690 229927
2691 230155
2692 229860
2693 230007
2694 229828
2695 230165
2696 229974
2697 230028
2698 230177
2699 229376
2700 229633
2701 230134
2702 230010
2703 229744
2704 229798
2705 229444
2706 230230
2707 229866
2708 229554
2709 229505
2710 230013
2711 229379
2712 229601
2713 229365
2714 229424
2715 229854
2716 229490
2717 229767
2718 229635
2719 228762
2720 229675
2721 229215
2722 229385
2723 229075
2724 229571
2725 228980
2726 229754
2727 229298
2728 229541
2729 229272
2730 229058
2731 229052
2732 228938
2733 229044
2734 229134
2735 229291
2736 229077
2737 228501
2738 229142
2739 229096
2740 229188
2741 228756
2742 228378
2743 228640
2744 229234
2745 229099
2746 229203
2747 228683
2748 228377
2749 228783
2750 228956
2751 229278
2752 228837
2753 229026
2754 228740
2755 229023
2756 229067
2757 228689
2758 228446
2759 228898
2760 228967
2761 229654
2762 228561
2763 228804
2764 228705
2765 228399
2766 228820
2767 228985
2768 228400
2769 228825
2770 228772
2771 228394
2772 228965
2773 228566
2774 228317
2775 229029
2776 229091
2777 228997
2778 228767
2779 229134
2780 228770
2781 228663
2782 228723
2783 228495
2784 228910
2785 228792
2786 228969
2787 229093
2788 228468
2789 229029
2790 228989
2791 228750
2792 228437
2793 228877
2794 229034
2795 228944
2796 229058
2797 228726
2798 228919
2799 228514
2800 229155
2801 228422
2802 229014
2803 228260
2804 228399
2805 228449
2806 228603
2807 228652
2808 228602
2809 228644
2810 228930
2811 229221
2812 229046
2813 229293
2814 228372
2815 228698
2816 228889
2817 228684
2818 228886
2819 228672
2820 228150
2821 228707
2822 228953
2823 228841
2824 228089
2825 228667
2826 228696
2827 228752
2828 228824
2829 228313
2830 228802
2831 228075
2832 228206
2833 229095
2834 228578
2835 228796
2836 229107
2837 228802
2838 228705
2839 228185
2840 228769
2841 228986
2842 228319
2843 228341
2844 228694
2845 228975
2846 228826
2847 228356
2848 228836
2849 228498
2850 229092
2851 228329
2852 228803
2853 229071
2854 228031
2855 228715
2856 228802
2857 228710
2858 228286
2859 228852
2860 229346
2861 228973
2862 227849
2863 228497
2864 228245
2865 228757
2866 228385
2867 228554
2868 228961
2869 228695
2870 228450
2871 228985
2872 228721
2873 228609
2874 228906
2875 228516
2876 228723
2877 228345
2878 228578
2879 228014
2880 228137
2881 227913
2882 228364
2883 228900
2884 228455
2885 228765
2886 228514
2887 228720
2888 228588
2889 228655
2890 228608
2891 228505
2892 228765
2893 228675
2894 228582
2895 228529
2896 228907
2897 228387
2898 228744
2899 227791
2900 227660
2901 228023
2902 228213
2903 229098
2904 228295
2905 228436
2906 228680
2907 228312
2908 228376
2909 228168
2910 228372
2911 228075
2912 228476
2913 228743
2914 228588
2915 228436
2916 228777
2917 228326
2918 228588
2919 228360
2920 228629
2921 228658
2922 228569
2923 228702
2924 228218
2925 228277
2926 228929
2927 228362
2928 228777
2929 228014
2930 229008
2931 228376
2932 228537
2933 228291
2934 228858
2935 228572
2936 228743
2937 228537
2938 228740
2939 228553
2940 228848
2941 228605
2942 228680
2943 228755
2944 229066
2945 228929
2946 228407
2947 228498
2948 228449
2949 228952
2950 228673
2951 228569
2952 228611
2953 228542
2954 228131
2955 229004
2956 228834
2957 228966
2958 228644
2959 228448
2960 228597
2961 228401
2962 228585
2963 228706
2964 228898
2965 228643
2966 228661
2967 228272
2968 228263
2969 228655
2970 228541
2971 229334
2972 228224
2973 228487
2974 228573
2975 228552
2976 228556
2977 228836
2978 228373
2979 228261
2980 228264
2981 228200
2982 228966
2983 228004
2984 228765
2985 228362
2986 228859
2987 228478
2988 229032
2989 228476
2990 228525
2991 228806
2992 228455
2993 228401
2994 228090
2995 228428
2996 228920
2997 228768
2998 228380
2999 228492
3000 228521
3001 228447
3002 228782
3003 228652
3004 228656
3005 228966
3006 228265
3007 228281
3008 228944
3009 228560
3010 228442
3011 228421
3012 228246
3013 228413
3014 228826
3015 228818
3016 229132
3017 228934
3018 228508
3019 228573
3020 228578
3021 228214
3022 228522
3023 228795
3024 228906
3025 227940
3026 228358
3027 228647
3028 228634
3029 228296
3030 228724
3031 227976
3032 228103
3033 228727
3034 228492
3035 228293
3036 229033
3037 228649
3038 228005
3039 228064
3040 228388
3041 228198
3042 228565
3043 228496
3044 229078
3045 228056
3046 228388
3047 228184
3048 228258
3049 228168
3050 228278
3051 229101
3052 228552
3053 228556
3054 228864
3055 228791
3056 228406
3057 228745
3058 228834
3059 228864
3060 228633
3061 228711
3062 229051
3063 228838
3064 228896
3065 228963
3066 228378
3067 228868
3068 228922
3069 228905
3070 228412
3071 228413
3072 228587
3073 228049
3074 228828
3075 228629
3076 228816
3077 228460
3078 228764
3079 228481
3080 228676
3081 228596
3082 228585
3083 229099
3084 229456
3085 228981
3086 229314
3087 229218
3088 229144
3089 229109
3090 229300
3091 229587
3092 229610
3093 229501
3094 229419
3095 229538
3096 229445
3097 229350
3098 228971
3099 229504
3100 230001
3101 229685
3102 229355
3103 230092
3104 229598
3105 229978
3106 230347
3107 229904
3108 230356
3109 230206
3110 230512
3111 230518
3112 230167
3113 230913
3114 230783
3115 230843
3116 231004
3117 231496
3118 231167
3119 231525
3120 232111
3121 231346
3122 232085
3123 231482
3124 231549
3125 232057
3126 232064
3127 231994
3128 232406
3129 232703
3130 232596
3131 232075
3132 232186
3133 232184
3134 232190
3135 232450
3136 231667
3137 231912
3138 232037
3139 231802
3140 231335
3141 231597
3142 231947
3143 231061
3144 231570
3145 231227
3146 231108
3147 231353
3148 231079
3149 231013
3150 230079
3151 230605
3152 230850
3153 230104
3154 230151
3155 230448
3156 230072
3157 229952
3158 229752
3159 229681
3160 229440
3161 229208
3162 229760
3163 229252
3164 229718
3165 229830
3166 229296
3167 229312
3168 229215
3169 229199
3170 228796
3171 228849
3172 228965
3173 228845
3174 228977
3175 229058
3176 228799
3177 228790
3178 228982
3179 228550
3180 229038
3181 228475
3182 228722
3183 228385
3184 228737
3185 228339
3186 228238
3187 228369
3188 228318
3189 228249
3190 228258
3191 228071
3192 227974
3193 228254
3194 228101
3195 228641
3196 229123
3197 228338
3198 228222
3199 228106
3200 228251
3201 228599
3202 228684
3203 228378
3204 228449
3205 227996
3206 227720
3207 228196
3208 227928
3209 228109
3210 227883
3211 227877
3212 228107
3213 227999
3214 228018
3215 228616
3216 227966
3217 228031
3218 228261
3219 227601
3220 227509
3221 228083
3222 228197
3223 227817
3224 227820
3225 227730
3226 227745
3227 227821
3228 227551
3229 227714
3230 227988
3231 227556
3232 228200
3233 228114
3234 227774
3235 227180
3236 227269
3237 228030
3238 227549
3239 227810
3240 227474
3241 227625
3242 227308
3243 227249
3244 227697
3245 227149
3246 227226
3247 227480
3248 227345
3249 227132
3250 228086
3251 227748
3252 227361
3253 227236
3254 227601
3255 227635
3256 227670
3257 227188
3258 227695
3259 227907
3260 227955
3261 227325
3262 226997
3263 227378
3264 227891
3265 227797
3266 227353
3267 227604
3268 228217
3269 227817
3270 227433
3271 227305
3272 227348
3273 227203
3274 227164
3275 227323
3276 227734
3277 227673
3278 227186
3279 227426
3280 226979
3281 227302
3282 227684
3283 227289
3284 227475
3285 227948
3286 227782
3287 227235
3288 227711
3289 227716
3290 226985
3291 227288
3292 227284
3293 227208
3294 227316
3295 227513
3296 227068
3297 227435
3298 227552
3299 227701
3300 227465
3301 227715
3302 227436
3303 227518
3304 227162
3305 227395
3306 227031
3307 227424
3308 227134
3309 227484
3310 227132
3311 227496
3312 227210
3313 227698
3314 227330
3315 227170
3316 226959
3317 227080
3318 227307
3319 227649
3320 227268
3321 227339
3322 227427
3323 227035
3324 227123
3325 227401
3326 227126
3327 227174
3328 227703
3329 227415
3330 226967
3331 227345
3332 227008
3333 227360
3334 227406
3335 227172
3336 226974
3337 227034
3338 227254
3339 227034
3340 227470
3341 227345
3342 227162
3343 227322
3344 226908
3345 227446
3346 227645
3347 227050
3348 227135
3349 227098
3350 227397
3351 227048
3352 227224
3353 227965
3354 226667
3355 227456
3356 227555
3357 227501
3358 227247
3359 227222
3360 227223
3361 227509
3362 227248
3363 227151
3364 226764
3365 226715
3366 226671
3367 227222
3368 227251
3369 226962
3370 226964
3371 226988
3372 227520
3373 226997
3374 226607
3375 226894
3376 226858
3377 226949
3378 226862
3379 226738
3380 226683
3381 226980
3382 226612
3383 226489
3384 226745
3385 226655
3386 226824
3387 227178
3388 226485
3389 226843
3390 226663
3391 226656
3392 226711
3393 226785
3394 227150
3395 227234
3396 226715
3397 226735
3398 226694
3399 226651
3400 227079
3401 226715
3402 226851
3403 227028
3404 227178
3405 226288
3406 226998
3407 226981
3408 226812
3409 226612
3410 226821
3411 227106
3412 227048
3413 227107
3414 226604
3415 227432
3416 227297
3417 226975
3418 227139
3419 226504
3420 226720
3421 226901
3422 227272
3423 226889
3424 226930
3425 226664
3426 227300
3427 226987
3428 227202
3429 226804
3430 227552
3431 226747
3432 227107
3433 227122
3434 227407
3435 227124
3436 227532
3437 227099
3438 227171
3439 227473
3440 227255
3441 227457
3442 227225
3443 226918
3444 227668
3445 227566
3446 227686
3447 226897
3448 227360
3449 227505
3450 227285
3451 227108
3452 226895
3453 226755
3454 227271
3455 226784
3456 227260
3457 227075
3458 227031
3459 227279
3460 227202
3461 226667
3462 227013
3463 226999
3464 227054
3465 226705
3466 226983
3467 226997
3468 227814
3469 226863
3470 226882
3471 227121
3472 226628
3473 227418
3474 226916
3475 226762
3476 227097
3477 227005
3478 227299
3479 226983
3480 226809
3481 226825
3482 227436
3483 227369
3484 227027
3485 227043
3486 227139
3487 227502
3488 227396
3489 227022
3490 227116
3491 227447
3492 227263
3493 227158
3494 227153
3495 227162
3496 227202
3497 227067
3498 226966
3499 227569
3500 226704
3501 227400
3502 227398
3503 227217
3504 227136
3505 226929
3506 227621
3507 227435
3508 227348
3509 227559
3510 227360
3511 227527
3512 227501
3513 227149
3514 227745
3515 227311
3516 227188
3517 227968
3518 226791
3519 227401
3520 227251
3521 227581
3522 227226
3523 227321
3524 227509
3525 227593
3526 226968
3527 227493
3528 228058
3529 227549
3530 227757
3531 227557
3532 227583
3533 227102
3534 227548
3535 227531
3536 227641
3537 227659
3538 227598
3539 228005
3540 227325
3541 227459
3542 227551
3543 227569
3544 227844
3545 227450
3546 227740
3547 227407
3548 227773
3549 227882
3550 227767
3551 227890
3552 228106
3553 227589
3554 227884
3555 227960
3556 227570
3557 228035
3558 227661
3559 228182
3560 228063
3561 227750
3562 227570
3563 227631
3564 227913
3565 228244
3566 228021
3567 228362
3568 228107
3569 228268
3570 228037
3571 228058
3572 228367
3573 228307
3574 227447
3575 228085
3576 227894
3577 228359
3578 228010
3579 228405
3580 228507
3581 228147
3582 228717
3583 228365
3584 227821
3585 228151
3586 228610
3587 228507
3588 228786
3589 228897
3590 228251
3591 228133
3592 228421
3593 228782
3594 228002
3595 228633
3596 228394
3597 228596
3598 228237
3599 228321
3600 228063
3601 227942
3602 228053
3603 228553
3604 228707
3605 229064
3606 228537
3607 228605
3608 228804
3609 228893
3610 228675
3611 228671
3612 228799
3613 229167
3614 229364
3615 228930
3616 229461
3617 229504
3618 229625
3619 229164
3620 229492
3621 229450
3622 229748
3623 229447
3624 229573
3625 229661
3626 229648
3627 229509
3628 229736
3629 230184
3630 230336
3631 230644
3632 230313
3633 230449
3634 230567
3635 230311
3636 230664
3637 231307
3638 231243
3639 230984
3640 230973
3641 231425
3642 231245
3643 230944
3644 231540
3645 231145
3646 232136
3647 232589
3648 232081
3649 231902
3650 233239
3651 232671
3652 232356
3653 232705
3654 232962
3655 232832
3656 232474
3657 232677
3658 233104
3659 232771
3660 232957
3661 232580
3662 232800
3663 232931
3664 233081
3665 232404
3666 232673
3667 232626
3668 232208
3669 232201
3670 232216
3671 232354
3672 232047
3673 231732
3674 231551
3675 231714
3676 231471
3677 231574
3678 231149
3679 231410
3680 231012
3681 230652
3682 229969
3683 230757
3684 230276
3685 230186
3686 230850
3687 230419
3688 230241
3689 230335
3690 230269
3691 229864
3692 229645
3693 229693
3694 229773
3695 230027
3696 229831
3697 229969
3698 229842
3699 230185
3700 229948
3701 229537
3702 229662
3703 230278
3704 228991
3705 229714
3706 229260
3707 229851
3708 229759
3709 230004
3710 229485
3711 229510
3712 229589
3713 229547
3714 229261
3715 229484
3716 229406
3717 229801
3718 229369
3719 229652
3720 229891
3721 229561
3722 229404
3723 229380
3724 229307
3725 229148
3726 229473
3727 229728
3728 229241
3729 229715
3730 229372
3731 229462
3732 229153
3733 229454
3734 228652
3735 229733
3736 229370
3737 229775
3738 229300
3739 229580
3740 229280
3741 229839
3742 229166
3743 229138
3744 229388
3745 229011
3746 228885
3747 229260
3748 228886
3749 229331
3750 229062
3751 229463
3752 229250
3753 228856
3754 229292
3755 229081
3756 229137
3757 228526
3758 228948
3759 228985
3760 229312
3761 228633
3762 229173
3763 229012
3764 229014
3765 228381
3766 228914
3767 228488
3768 228905
3769 228422
3770 228681
3771 229042
3772 229044
3773 228613
3774 228710
3775 228960
3776 228841
3777 228933
3778 228301
3779 228693
3780 228822
3781 228934
3782 228856
3783 229193
3784 228654
3785 229062
3786 228637
3787 228385
3788 228504
3789 228898
3790 228928
3791 228604
3792 228786
3793 228567
3794 228312
3795 228688
3796 229254
3797 228460
3798 229029
3799 228490
3800 228482
3801 228461
3802 228617
3803 228661
3804 228296
3805 228964
3806 228981
3807 228592
3808 228710
3809 228618
3810 228672
3811 228633
3812 228934
3813 228782
3814 228959
3815 228368
3816 228708
3817 229116
3818 228764
3819 228120
3820 228886
3821 228879
3822 228848
3823 228671
3824 228645
3825 229169
3826 228908
3827 228981
3828 228692
3829 228794
3830 228894
3831 228936
3832 228711
3833 229066
3834 229015
3835 228693
3836 228920
3837 228547
3838 228774
3839 228593
3840 228609
3841 228870
3842 228938
3843 228400
3844 229096
3845 229075
3846 228879
3847 228908
3848 228524
3849 229004
3850 228868
3851 228727
3852 228785
3853 228899
3854 229051
3855 228871
3856 228695
3857 228700
3858 228726
3859 229257
3860 229295
3861 228898
3862 229015
3863 228564
3864 229516
3865 228682
3866 229187
3867 229480
3868 228994
3869 229386
3870 229209
3871 229783
3872 229148
3873 228674
3874 229279
3875 229405
3876 228991
3877 229629
3878 229287
3879 228893
3880 229438
3881 229463
3882 228904
3883 228836
3884 229703
3885 229345
3886 229348
3887 229560
3888 229291
3889 229687
3890 229583
3891 229123
3892 229734
3893 229991
3894 229802
3895 229327
3896 229660
3897 229888
3898 229885
3899 229336
3900 229568
3901 229204
3902 229389
3903 229611
3904 229648
3905 229558
3906 229722
3907 229943
3908 229983
3909 229808
3910 229830
3911 229352
3912 229570
3913 230320
3914 229839
3915 229467
3916 229915
3917 229720
3918 229981
3919 229909
3920 230026
3921 229377
3922 229327
3923 229439
3924 229540
3925 229949
3926 229822
3927 229132
3928 229949
3929 229591
3930 229936
3931 229947
3932 230218
3933 230424
3934 229502
3935 229726
3936 229632
3937 229956
3938 230116
3939 229580
3940 229700
3941 229677
3942 229574
3943 229811
3944 230036
3945 229570
3946 229890
3947 229885
3948 229865
3949 230190
3950 229978
3951 229486
3952 230132
3953 229702
3954 230358
3955 229727
3956 230139
3957 230403
3958 229936
3959 230271
3960 230587
3961 230015
3962 229947
3963 229840
3964 230059
3965 230081
3966 230002
3967 229908
3968 229677
3969 229845
3970 229671
3971 230138
3972 230031
3973 230101
3974 230485
3975 231062
3976 230468
3977 230234
3978 230008
3979 230042
3980 230160
3981 230059
3982 230002
3983 230455
3984 230161
3985 230177
3986 230478
3987 230342
3988 230327
3989 230687
3990 230079
3991 229798
3992 230002
3993 229828
3994 230131
3995 230153
3996 229608
3997 230286
3998 230104
3999 229601
4000 229866
4001 229813
4002 229791
4003 229409
4004 229399
4005 230369
4006 229761
4007 230008
4008 229560
4009 229985
4010 229452
4011 229394
4012 229510
4013 229179
4014 229340
4015 229866
4016 229564
4017 229218
4018 229365
4019 228920
4020 229120
4021 229432
4022 229385
4023 229251
4024 229398
4025 229524
4026 229461
4027 229783
4028 229915
4029 228868
4030 229814
4031 229052
4032 229542
4033 229355
4034 229899
4035 229083
4036 229033
4037 229078
4038 229154
4039 229207
4040 229238
4041 229776
4042 229510
4043 229102
4044 229849
4045 229360
4046 229490
4047 229174
4048 229530
4049 229001
4050 229190
4051 229245
4052 229101
4053 229535
4054 229107
4055 229370
4056 228735
4057 229749
4058 229182
4059 229505
4060 229466
4061 229286
4062 229683
4063 229400
4064 229301
4065 229224
4066 229772
4067 229335
4068 229416
4069 229297
4070 229671
4071 229319
4072 230022
4073 229970
4074 229619
4075 230103
4076 229523
4077 230318
4078 229688
4079 229389
4080 230315
4081 230116
4082 230035
4083 229617
4084 230187
4085 229885
4086 229903
4087 230400
4088 230028
4089 230256
4090 229867
4091 230104
4092 230559
4093 230454
4094 230200
4095 230765
4096 230281
4097 230558
4098 230572
4099 230785
4100 231153
4101 230780
4102 231328
4103 230850
4104 231118
4105 231289
4106 231207
4107 230997
4108 231337
4109 231317
4110 231469
4111 231557
4112 231607
4113 231614
4114 231800
4115 232082
4116 232414
4117 232365
4118 232468
4119 232383
4120 232777
4121 232584
4122 232826
4123 233008
4124 233466
4125 233321
4126 233209
4127 233769
4128 233894
4129 233983
4130 234012
4131 233722
4132 233359
4133 233880
4134 233482
4135 233688
4136 233464
4137 233857
4138 233776
4139 233550
4140 233285
4141 233445
4142 233544
4143 233488
4144 232946
4145 233196
4146 232519
4147 232550
4148 232801
4149 232371
4150 232429
4151 232173
4152 232319
4153 231476
4154 231922
4155 231892
4156 231720
4157 231599
4158 231590
4159 231421
4160 231408
4161 231058
4162 231027
4163 231116
4164 231000
4165 231091
4166 230208
4167 231457
4168 230786
4169 230804
4170 231045
4171 230968
4172 230578
4173 230978
4174 230237
4175 230204
4176 230387
4177 230394
4178 230375
4179 230287
4180 230788
4181 230030
4182 230133
4183 230226
4184 229863
4185 229808
4186 230571
4187 230297
4188 230169
4189 229753
4190 230239
4191 230344
4192 229931
4193 230354
4194 229926
4195 229730
4196 230251
4197 229981
4198 229787
4199 229877
4200 229740
4201 229843
4202 230330
4203 229465
4204 229932
4205 229909
4206 230509
4207 229411
4208 229902
4209 229754
4210 229853
4211 229796
4212 229725
4213 229868
4214 230218
4215 229379
4216 229889
4217 230078
4218 229753
4219 229525
4220 229884
4221 230032
4222 230050
4223 229314
4224 229495
4225 229194
4226 229618
4227 229381
4228 229675
4229 230180
4230 230286
4231 229860
4232 229888
4233 229545
4234 230265
4235 229844
4236 229867
4237 229846
4238 230277
4239 230292
4240 229687
4241 229729
4242 230691
4243 230194
4244 229989
4245 229637
4246 230105
4247 230065
4248 230282
4249 230366
4250 230569
4251 230654
4252 230716
4253 230283
4254 230098
4255 229889
4256 230147
4257 230271
4258 230357
4259 230155
4260 230638
4261 230307
4262 230376
4263 230361
4264 230142
4265 230513
4266 230332
4267 230019
4268 230181
4269 230507
4270 230307
4271 230077
4272 229968
4273 229877
4274 229976
4275 230168
4276 229821
4277 230258
4278 229849
4279 229798
4280 229754
4281 230230
4282 229662
4283 229716
4284 229542
4285 229916
4286 230197
4287 229867
4288 230184
4289 230244
4290 229669
4291 229895
4292 229938
4293 230347
4294 229734
4295 229807
4296 229477
4297 229557
4298 230231
4299 229563
4300 229926
4301 229959
4302 229877
4303 229805
4304 229587
4305 229921
4306 229395
4307 229605
4308 229717
4309 229733
4310 230150
4311 229837
4312 229391
4313 229158
4314 229707
4315 229145
4316 229924
4317 229633
4318 229133
4319 229360
4320 229176
4321 229547
4322 229520
4323 229618
4324 229081
4325 228772
4326 229148
4327 229075
4328 229310
4329 229275
4330 229423
4331 228499
4332 229184
4333 229255
4334 228656
4335 228940
4336 229280
4337 228989
4338 229205
4339 229089
4340 228838
4341 229144
4342 228774
4343 228714
4344 228978
4345 229023
4346 229137
4347 228808
4348 228775
4349 228761
4350 228863
4351 229102
4352 228708
4353 228902
4354 228527
4355 228857
4356 228995
4357 228757
4358 228868
4359 228789
4360 228698
4361 228910
4362 228394
4363 228791
4364 229127
4365 229145
4366 229052
4367 229015
4368 229125
4369 228793
4370 228847
4371 228658
4372 228676
4373 228710
4374 228909
4375 229223
4376 228911
4377 228867
4378 228410
4379 228699
4380 229010
4381 228860
4382 229418
4383 228877
4384 229203
4385 228940
4386 229309
4387 228689
4388 229194
4389 228950
4390 228768
4391 229084
4392 229202
4393 228150
4394 228573
4395 229052
4396 229109
4397 229165
4398 228668
4399 228457
4400 229172
4401 229106
4402 228512
4403 228445
4404 229002
4405 228892
4406 228314
4407 228699
4408 228688
4409 229416
4410 228785
4411 228669
4412 228515
4413 228736
4414 228699
4415 228753
4416 228726
4417 228561
4418 228501
4419 228632
4420 228060
4421 228368
4422 228616
4423 228108
4424 228532
4425 228783
4426 228607
4427 228590
4428 228563
4429 228711
4430 228594
4431 228436
4432 228563
4433 228287
4434 228212
4435 228508
4436 228624
4437 228833
4438 228447
4439 228800
4440 228474
4441 228596
4442 228849
4443 228836
4444 228873
4445 228514
4446 228732
4447 228664
4448 228280
4449 228432
4450 228270
4451 228835
4452 228497
4453 228119
4454 228715
4455 228362
4456 228331
4457 228492
4458 228523
4459 228358
4460 228816
4461 228631
4462 228725
4463 228611
4464 228181
4465 228691
4466 228582
4467 227925
4468 228728
4469 228268
4470 228148
4471 228573
4472 228112
4473 228220
4474 228158
4475 228233
4476 228543
4477 228487
4478 228253
4479 228689
4480 228622
4481 228730
4482 228440
4483 228806
4484 228189
4485 228341
4486 228513
4487 228248
4488 228543
4489 228883
4490 228184
4491 228952
4492 228019
4493 228205
4494 228705
4495 228969
4496 228679
4497 228446
4498 228992
4499 228528
4500 228653
4501 228624
4502 228532
4503 229373
4504 228626
4505 228775
4506 228596
4507 229108
4508 228621
4509 229410
4510 228793
4511 228145
4512 228810
4513 228248
4514 228651
4515 228864
4516 228959
4517 229161
4518 229334
4519 229217
4520 228770
4521 228615
4522 229115
4523 229608
4524 228999
4525 228698
4526 229097
4527 229891
4528 229419
4529 228956
4530 229108
4531 229446
4532 228635
4533 229125
4534 229083
4535 229404
4536 228788
4537 229509
4538 229501
4539 229287
4540 229035
4541 228910
4542 228758
4543 229137
4544 229141
4545 229548
4546 229338
4547 229291
4548 229595
4549 229192
4550 229437
4551 228631
4552 228766
4553 228797
4554 229243
4555 228919
4556 229659
4557 229339
4558 229413
4559 228840
4560 229175
4561 228906
4562 228872
4563 228935
4564 229192
4565 228865
4566 229315
4567 229148
4568 229222
4569 229335
4570 228475
4571 228757
4572 229219
4573 229317
4574 228733
4575 229045
4576 229122
4577 229112
4578 229219
4579 229290
4580 228844
4581 229057
4582 229086
4583 229908
4584 229459
4585 229091
4586 229216
4587 229228
4588 229816
4589 229174
4590 229075
4591 229411
4592 229358
4593 229475
4594 229076
4595 229894
4596 229892
4597 229530
4598 229754
4599 230044
4600 229479
4601 229344
4602 229704
4603 229620
4604 229423
4605 229746
4606 229390
4607 229767
4608 229498
4609 229286
4610 229787
4611 229672
4612 229686
4613 229681
4614 229939
4615 229927
4616 229977
4617 229867
4618 229968
4619 230207
4620 230484
4621 230150
4622 229850
4623 230281
4624 230583
4625 230668
4626 230369
4627 231036
4628 230577
4629 230852
4630 230830
4631 230779
4632 230842
4633 231355
4634 231553
4635 231466
4636 231525
4637 231524
4638 231226
4639 231917
4640 231578
4641 231528
4642 231915
4643 231317
4644 231433
4645 231739
4646 231757
4647 232189
4648 231838
4649 231903
4650 232320
4651 232253
4652 232296
4653 232554
4654 232044
4655 232016
4656 231937
4657 232366
4658 232263
4659 232812
4660 231921
4661 232677
4662 232311
4663 232921
4664 231328
4665 232040
4666 231859
4667 232274
4668 231651
4669 231435
4670 231513
4671 231622
4672 231428
4673 231248
4674 230841
4675 231472
4676 230999
4677 230833
4678 231213
4679 230676
4680 231011
4681 230966
4682 230701
4683 230522
4684 230630
4685 230830
4686 231198
4687 230597
4688 230474
4689 230136
4690 229907
4691 230282
4692 229926
4693 230368
4694 229813
4695 230299
4696 230135
4697 230362
4698 230077
4699 230192
4700 229908
4701 229612
4702 229963
4703 229838
4704 229523
4705 230165
4706 229964
4707 229453
4708 230178
4709 229813
4710 229919
4711 229438
4712 229618
4713 229728
4714 229964
4715 229823
4716 230161
4717 229799
4718 229844
4719 230295
4720 229337
4721 229957
4722 229757
4723 229961
4724 229390
4725 229653
4726 229729
4727 229610
4728 229619
4729 229610
4730 228830
4731 229514
4732 229233
4733 229564
4734 229700
4735 229402
4736 229936
4737 229833
4738 229797
4739 229394
4740 229558
4741 229714
4742 229465
4743 229408
4744 229074
4745 229431
4746 230333
4747 229647
4748 230009
4749 229708
4750 229465
4751 229299
4752 229878
4753 229649
4754 229584
4755 229658
4756 230014
4757 229630
4758 229285
4759 229097
4760 229989
4761 229785
4762 229210
4763 229463
4764 229489
4765 228999
4766 229997
4767 229379
4768 229308
4769 229548
4770 229423
4771 229436
4772 229802
4773 228783
4774 229313
4775 229822
4776 229213
4777 229525
4778 229288
4779 228830
4780 229407
4781 229458
4782 229209
4783 229652
4784 229529
4785 229401
4786 229148
4787 229933
4788 229228
4789 229131
4790 228959
4791 229110
4792 229335
4793 229730
4794 229655
4795 229938
4796 229558
4797 229523
4798 229401
4799 229423
4800 229039
4801 229123
4802 229673
4803 229388
4804 229810
4805 229088
4806 229595
4807 229857
4808 229001
4809 229662
4810 229323
4811 229380
4812 229613
4813 229383
4814 229546
4815 229543
4816 229382
4817 229206
4818 230011
4819 230007
4820 229984
4821 229962
4822 229849
4823 229847
4824 229682
4825 229757
4826 230019
4827 229893
4828 229660
4829 229791
4830 229615
4831 229574
4832 229457
4833 229618
4834 229756
4835 229421
4836 229914
4837 229925
4838 229856
4839 230198
4840 229552
4841 229972
4842 229509
4843 229637
4844 229052
4845 229995
4846 229389
4847 229494
4848 229590
4849 229311
4850 229498
4851 229051
4852 229467
4853 229975
4854 229791
4855 230013
4856 229722
4857 229280
4858 229802
4859 229755
4860 229283
4861 229628
4862 229669
4863 229492
4864 229465
4865 229835
4866 230097
4867 229792
4868 230269
4869 229865
4870 229656
4871 230366
4872 230101
4873 229621
4874 230365
4875 230122
4876 230379
4877 230074
4878 229486
4879 229525
4880 230326
4881 229319
4882 230171
4883 230062
4884 230151
4885 229949
4886 229956
4887 229811
4888 230321
4889 229724
4890 229846
4891 229754
4892 230117
4893 229620
4894 229391
4895 229657
4896 229992
4897 229622
4898 229599
4899 230146
4900 229569
4901 229867
4902 229932
4903 229812
4904 229643
4905 230237
4906 229620
4907 230194
4908 230132
4909 230386
4910 229687
4911 229964
4912 229948
4913 229604
4914 230094
4915 229797
4916 230256
4917 229156
4918 229916
4919 229847
4920 230241
4921 229885
4922 229551
4923 230205
4924 230007
4925 229899
4926 230207
4927 229777
4928 230203
4929 229961
4930 230239
4931 230310
4932 230330
4933 230060
4934 230151
4935 229441
4936 229924
4937 230120
4938 229541
4939 229772
4940 230200
4941 229814
4942 230363
4943 229691
4944 230142
4945 230017
4946 229847
4947 229650
4948 230057
4949 229587
4950 229828
4951 229488
4952 229914
4953 229940
4954 229967
4955 229806
4956 230066
4957 229334
4958 229527
4959 229920
4960 229884
4961 229341
4962 229690
4963 230145
4964 229350
4965 229893
4966 230311
4967 229809
4968 229552
4969 229834
4970 229519
4971 229260
4972 230079
4973 229282
4974 229354
4975 229563
4976 229893
4977 229467
4978 229382
4979 229658
4980 229366
4981 229496
4982 229868
4983 229641
4984 229753
4985 229451
4986 229827
4987 230020
4988 229440
4989 229465
4990 230277
4991 229336
4992 229465
4993 229577
4994 229682
4995 229728
4996 229426
4997 229867
4998 229779
4999 229684
5000 229440
5001 229471
5002 229830
5003 229520
5004 229799
5005 230041
5006 229933
5007 229773
5008 229852
5009 229750
5010 229947
5011 229705
5012 229941
5013 229946
5014 230040
5015 229783
5016 230281
5017 230252
5018 229770
5019 229978
5020 230208
5021 229896
5022 230151
5023 229920
5024 229460
5025 229237
5026 229472
5027 229361
5028 229643
5029 229856
5030 229831
5031 229871
5032 229618
5033 229857
5034 229403
5035 229393
5036 229989
5037 229687
5038 229762
5039 229621
5040 229841
5041 229833
5042 229765
5043 229760
5044 229786
5045 230220
5046 229571
5047 229557
5048 229973
5049 229763
5050 229731
5051 230002
5052 230022
5053 229944
5054 230161
5055 229302
5056 230035
5057 230206
5058 229907
5059 229680
5060 229629
5061 229268
5062 230275
5063 229683
5064 230291
5065 229483
5066 229741
5067 229606
5068 230059
5069 230202
5070 230191
5071 229825
5072 230057
5073 229890
5074 229663
5075 230044
5076 229860
5077 229988
5078 230399
5079 230420
5080 229686
5081 230217
5082 230550
5083 230365
5084 230201
5085 230462
5086 230228
5087 230043
5088 230045
5089 230455
5090 230763
5091 230247
5092 230015
5093 230281
5094 230181
5095 230542
5096 230500
5097 230632
5098 230243
5099 230814
5100 230641
5101 230042
5102 230257
5103 231114
5104 231273
5105 230694
5106 230843
5107 231187
5108 230819
5109 230702
5110 230716
5111 231807
5112 231222
5113 230569
5114 231275
5115 230769
5116 231620
5117 231053
5118 231490
5119 231656
5120 231418
5121 231271
5122 231367
5123 231824
5124 232322
5125 231523
5126 231704
5127 231913
5128 232164
5129 231720
5130 232464
5131 232897
5132 232044
5133 232710
5134 232913
5135 233020
5136 232870
5137 232845
5138 232482
5139 232809
5140 232674
5141 232761
5142 233056
5143 232883
5144 232434
5145 232984
5146 232845
5147 231874
5148 232173
5149 232323
5150 232669
5151 232466
5152 232031
5153 231900
5154 232062
5155 230968
5156 231759
5157 231289
5158 231624
5159 231596
5160 231740
5161 231629
5162 230997
5163 231317
5164 231308
5165 230898
5166 230669
5167 230932
5168 230750
5169 230422
5170 230904
5171 230547
5172 230699
5173 230463
5174 230388
5175 230222
5176 230232
5177 230239
5178 230002
5179 230085
5180 230016
5181 230125
5182 230366
5183 230101
5184 230186
5185 230166
5186 230045
5187 230173
5188 230258
5189 230246
5190 229735
5191 229748
5192 229838
5193 229926
5194 230188
5195 230030
5196 229985
5197 230025
5198 229912
5199 229756
5200 230100
5201 229820
5202 229339
5203 230287
5204 229226
5205 229988
5206 229826
5207 229540
5208 229371
5209 229978
5210 229655
5211 229960
5212 229940
5213 230013
5214 229486
5215 229715
5216 229970
5217 229811
5218 229611
5219 229544
5220 229380
5221 230336
5222 229727
5223 229626
5224 229520
5225 229581
5226 229826
5227 229355
5228 229955
5229 229288
5230 229923
5231 230311
5232 229394
5233 229677
5234 229677
5235 229716
5236 230110
5237 230431
5238 229591
5239 229513
5240 230320
5241 229965
5242 229983
5243 230201
5244 230209
5245 230583
5246 230410
5247 230011
5248 230057
5249 229972
5250 229956
5251 229702
5252 230446
5253 230452
5254 229684
5255 230167
5256 229578
5257 229920
5258 229890
5259 229961
5260 230052
5261 229702
5262 230226
5263 230124
5264 229875
5265 229432
5266 229541
5267 230305
5268 230178
5269 229988
5270 230152
5271 229601
5272 229658
5273 230136
5274 229893
5275 230044
5276 230008
5277 230612
5278 230376
5279 229910
5280 229696
5281 229548
5282 230179
5283 229355
5284 229338
5285 229388
5286 229549
5287 229902
5288 229057
5289 229804
5290 229162
5291 229153
5292 229279
5293 228991
5294 229091
5295 228792
5296 229268
5297 228871
5298 229003
5299 228831
5300 229010
5301 228751
5302 229492
5303 228573
5304 229353
5305 228702
5306 229215
5307 229219
5308 228882
5309 228698
5310 228776
5311 229546
5312 228739
5313 229227
5314 229033
5315 229540
5316 228533
5317 229442
5318 229112
5319 228954
5320 228782
5321 228621
5322 228870
5323 229378
5324 229478
5325 229019
5326 229031
5327 229235
5328 229073
5329 229165
5330 229288
5331 229753
5332 229199
5333 229608
5334 229757
5335 229345
5336 229588
5337 229324
5338 229623
5339 229176
5340 229387
5341 229462
5342 229662
5343 229331
5344 229244
5345 229267
5346 229485
5347 229849
5348 228625
5349 229403
5350 228719
5351 229440
5352 229262
5353 229275
5354 229234
5355 229440
5356 229316
5357 228981
5358 229184
5359 229982
5360 229088
5361 229009
5362 229461
5363 229020
5364 229382
5365 230038
5366 229771
5367 229513
5368 229794
5369 228871
5370 229066
5371 229380
5372 228654
5373 228492
5374 228259
5375 228531
5376 228747
5377 228035
5378 227717
5379 228426
5380 228795
5381 228609
5382 228619
5383 228346
5384 228213
5385 228342
5386 228506
5387 228423
5388 228805
5389 228767
5390 228489
5391 228902
5392 228917
5393 228396
5394 228524
5395 228652
5396 228993
5397 228310
5398 228285
5399 228797
5400 228849
5401 228028
5402 228170
5403 228346
5404 228497
5405 228148
5406 228318
5407 228053
5408 228466
5409 228451
5410 228799
5411 228337
5412 228445
5413 228206
5414 228531
5415 228490
5416 228506
5417 228723
5418 229001
5419 228774
5420 228524
5421 228680
5422 228510
5423 229246
5424 229316
5425 229176
5426 228786
5427 229580
5428 228858
5429 228592
5430 229056
5431 229694
5432 229468
5433 229594
5434 229720
5435 229519
5436 230012
5437 229580
5438 229547
5439 230018
5440 230118
5441 229895
5442 230003
5443 229819
5444 230094
5445 229587
5446 229989
5447 229761
5448 229843
5449 229737
5450 229689
5451 229479
5452 229223
5453 229467
5454 229286
5455 229469
5456 229004
5457 228637
5458 228861
5459 229274
5460 228639
5461 228957
5462 229047
5463 228424
5464 229116
5465 228715
5466 228448
5467 228504
5468 228599
5469 228859
5470 229046
5471 228548
5472 229304
5473 228828
5474 228313
5475 228716
5476 228213
5477 228400
5478 228375
5479 229075
5480 228217
5481 228215
5482 228573
5483 228250
5484 228257
5485 228613
5486 228019
5487 227791
5488 228297
5489 228310
5490 228151
5491 227774
5492 227967
5493 228624
5494 228640
5495 228502
5496 228592
5497 227773
5498 227656
5499 228121
5500 227926
5501 228306
5502 228548
5503 228054
5504 227941
5505 228515
5506 227914
5507 228531
5508 228127
5509 228229
5510 227860
5511 228036
5512 228378
5513 228205
5514 228119
5515 228651
5516 228770
5517 227991
5518 228327
5519 228422
5520 228304
5521 228447
5522 228317
5523 227936
5524 228395
5525 228005
5526 228421
5527 228562
5528 228016
5529 228345
5530 228665
5531 228624
5532 228144
5533 228549
5534 228694
5535 229015
5536 228712
5537 228831
5538 228616
5539 229338
5540 228712
5541 228697
5542 228874
5543 228906
5544 229219
5545 229117
5546 228506
5547 228885
5548 228743
5549 228410
5550 229412
5551 229053
5552 229128
5553 229046
5554 228403
5555 229120
5556 229471
5557 228808
5558 229071
5559 229133
5560 229096
5561 229542
5562 229365
5563 229110
5564 229520
5565 228913
5566 228504
5567 229523
5568 229316
5569 229242
5570 229428
5571 229668
5572 229479
5573 229301
5574 229129
5575 229314
5576 229444
5577 229430
5578 229463
5579 229256
5580 229391
5581 229108
5582 229443
5583 229131
5584 229679
5585 229303
5586 229360
5587 229274
5588 229604
5589 229556
5590 229423
5591 230105
5592 229548
5593 229291
5594 230007
5595 229807
5596 230079
5597 229401
5598 229244
5599 229717
5600 230001
5601 229616
5602 229759
5603 229717
5604 229984
5605 230060
5606 230279
5607 229614
5608 230212
5609 229921
5610 230107
5611 229928
5612 230306
5613 230266
5614 230453
5615 229943
5616 230139
5617 230070
5618 230441
5619 230355
5620 230555
5621 230804
5622 230954
5623 231103
5624 230728
5625 230786
5626 231274
5627 231361
5628 231402
5629 232105
5630 231285
5631 231672
5632 231928
5633 232079
5634 231645
5635 231599
5636 231877
5637 232368
5638 232299
5639 232215
5640 232430
5641 232520
5642 232992
5643 233483
5644 233249
5645 233690
5646 233782
5647 233648
5648 233780
5649 233837
5650 233231
5651 233749
5652 233387
5653 233956
5654 233753
5655 233809
5656 233493
5657 233203
5658 233447
5659 233448
5660 233177
5661 232978
5662 232930
5663 232830
5664 233066
5665 233205
5666 232834
5667 232414
5668 232317
5669 232510
5670 232158
5671 232790
5672 232058
5673 231659
5674 231502
5675 231802
5676 231929
5677 232655
5678 231540
5679 231781
5680 231646
5681 231305
5682 231286
5683 231665
5684 231370
5685 231221
5686 231359
5687 231195
5688 231573
5689 231239
5690 231435
5691 231573
5692 230921
5693 231077
5694 230965
5695 231085
5696 231192
5697 231079
5698 231177
5699 230912
5700 231086
5701 230808
5702 230785
5703 230730
5704 230531
5705 230785
5706 230970
5707 229993
5708 230959
5709 230136
5710 230220
5711 230281
5712 229939
5713 230203
5714 229989
5715 230054
5716 229747
5717 229893
5718 230303
5719 230145
5720 229861
5721 230352
5722 230193
5723 229862
5724 229882
5725 229486
5726 229802
5727 230404
5728 230176
5729 229820
5730 230414
5731 229911
5732 229993
5733 229892
5734 229572
5735 229466
5736 229949
5737 229951
5738 229906
5739 229608
5740 229848
5741 229883
5742 229612
5743 229816
5744 229433
5745 229924
5746 229897
5747 230089
5748 229589
5749 229798
5750 229662
5751 229206
5752 229134
5753 230226
5754 229547
5755 229676
5756 229532
5757 230136
5758 229479
5759 229242
5760 229584
5761 230224
5762 229594
5763 229897
5764 229345
5765 229547
5766 229805
5767 229984
5768 229780
5769 229986
5770 230079
5771 230295
5772 230167
5773 229621
5774 230285
5775 230316
5776 230153
5777 230222
5778 229663
5779 229636
5780 230134
5781 229908
5782 229576
5783 230040
5784 229483
5785 230078
5786 230038
5787 229690
5788 230226
5789 229731
5790 230216
5791 229696
5792 229446
5793 230189
5794 229693
5795 230084
5796 230127
5797 229875
5798 230296
5799 229697
5800 229437
5801 229925
5802 230009
5803 230211
5804 229603
5805 230059
5806 229668
5807 230060
5808 230377
5809 229327
5810 230055
5811 230175
5812 230111
5813 229942
5814 230224
5815 230505
5816 230163
5817 230150
5818 230018
5819 229888
5820 230146
5821 230006
5822 229711
5823 229775
5824 230245
5825 230195
5826 230114
5827 229937
5828 230506
5829 230107
5830 229988
5831 230112
5832 230397
5833 230150
5834 229769
5835 230381
5836 230415
5837 230509
5838 229955
5839 229945
5840 230515
5841 230193
5842 230275
5843 230539
5844 230352
5845 230537
5846 230288
5847 230777
5848 230823
5849 230696
5850 230367
5851 230889
5852 230773
5853 230426
5854 230686
5855 230674
5856 231008
5857 231022
5858 230847
5859 230981
5860 231167
5861 230969
5862 230679
5863 231050
5864 231211
5865 231059
5866 230938
5867 230915
5868 230622
5869 230794
5870 230045
5871 230992
5872 230997
5873 230490
5874 230524
5875 230628
5876 230575
5877 230501
5878 230510
5879 231016
5880 230703
5881 230669
5882 230850
5883 230438
5884 230768
5885 229969
5886 230346
5887 230392
5888 229917
5889 230449
5890 230141
5891 230689
5892 230504
5893 230072
5894 230201
5895 230288
5896 230019
5897 230084
5898 230551
5899 229972
5900 229937
5901 230284
5902 230141
5903 229869
5904 229775
5905 229962
5906 230312
5907 230099
5908 229669
5909 229975
5910 229935
5911 230005
5912 230141
5913 229603
5914 229836
5915 229562
5916 229864
5917 229789
5918 230325
5919 230164
5920 229920
5921 229756
5922 229691
5923 230177
5924 229976
5925 229703
5926 229664
5927 229853
5928 229609
5929 229596
5930 230063
5931 229748
5932 229653
5933 230000
5934 229857
5935 230269
5936 229848
5937 230161
5938 230069
5939 229659
5940 229422
5941 229511
5942 229668
5943 229356
5944 229288
5945 229370
5946 229643
5947 229331
5948 229303
5949 229926
5950 229208
5951 229247
5952 229151
5953 229560
5954 229367
5955 229575
5956 229193
5957 229625
5958 230609
5959 229365
5960 230547
5961 229462
5962 230126
5963 229533
5964 229813
5965 229519
5966 229742
5967 230114
5968 229804
5969 229698
5970 229169
5971 229778
5972 229339
5973 229478
5974 229799
5975 229765
5976 229090
5977 230175
5978 229318
5979 229593
5980 229590
5981 229793
5982 229568
5983 229746
5984 229998
5985 230054
5986 229613
5987 230212
5988 229645
5989 229868
5990 230339
5991 229588
5992 229762
5993 229564
5994 229997
5995 229839
5996 230146
5997 229968
5998 229571
5999 230514
6000 229651
6001 229807
6002 229590
6003 229501
6004 229740
6005 229945
6006 229521
6007 229767
6008 229641
6009 229889
6010 229334
6011 229243
6012 229634
6013 229922
6014 229369
6015 229420
6016 229450
6017 229420
6018 229703
6019 229842
6020 229790
6021 230179
6022 229809
6023 230397
6024 230080
6025 230097
6026 229449
6027 230252
6028 230075
6029 229687
6030 229949
6031 229833
6032 229912
6033 230706
6034 229612
6035 229991
6036 230287
6037 229723
6038 229665
6039 230310
6040 229994
6041 230373
6042 230156
6043 229903
6044 229990
6045 230324
6046 229464
6047 229951
6048 229967
6049 229872
6050 229424
6051 229958
6052 229691
6053 229961
6054 230256
6055 230041
6056 229750
6057 229969
6058 229772
6059 229682
6060 230070
6061 230107
6062 229722
6063 230120
6064 230003
6065 229869
6066 229639
6067 229859
6068 229745
6069 230295
6070 230107
6071 230132
6072 229800
6073 230311
6074 230119
6075 230137
6076 230255
6077 230630
6078 230057
6079 229645
6080 229905
6081 229835
6082 230388
6083 229735
6084 229672
6085 229570
6086 229908
6087 229577
6088 230179
6089 230211
6090 229821
6091 230471
6092 230516
6093 230116
6094 230756
6095 230428
6096 231020
6097 230308
6098 230439
6099 231025
6100 230641
6101 231001
6102 230849
6103 231321
6104 230890
6105 230855
6106 231111
6107 231271
6108 231165
6109 231696
6110 231302
6111 231419
6112 231485
6113 231391
6114 231721
6115 231701
6116 232280
6117 232463
6118 231745
6119 232391
6120 232626
6121 232403
6122 232612
6123 232949
6124 232842
6125 233096
6126 232537
6127 232718
6128 233159
6129 233209
6130 232976
6131 233490
6132 233299
6133 232700
6134 232624
6135 233146
6136 233064
6137 233411
6138 233423
6139 232748
6140 232859
6141 232796
6142 232860
6143 232300
6144 233090
6145 231722
6146 232170
6147 232498
6148 231954
6149 232333
6150 231788
6151 231649
6152 231948
6153 231151
6154 231417
6155 231131
6156 231846
6157 231121
6158 231514
6159 230798
6160 230765
6161 230592
6162 230030
6163 230715
6164 230880
6165 230084
6166 230510
6167 229937
6168 229853
6169 230154
6170 230114
6171 229967
6172 229560
6173 229593
6174 229717
6175 229964
6176 229354
6177 230270
6178 229472
6179 230002
6180 229251
6181 229617
6182 230007
6183 229651
6184 229794
6185 229462
6186 229269
6187 229556
6188 229225
6189 229560
6190 229686
6191 228817
6192 229392
6193 229799
6194 229634
6195 229446
6196 229615
6197 229875
6198 229963
6199 229138
6200 229403
6201 229395
6202 229463
6203 228916
6204 229613
6205 228765
6206 229131
6207 229432
6208 229416
6209 228926
6210 229032
6211 228487
6212 228836
6213 229406
6214 229336
6215 228836
6216 228945
6217 228447
6218 228746
6219 228904
6220 228664
6221 228992
6222 229072
6223 229375
6224 229085
6225 229220
6226 228828
6227 229087
6228 229012
6229 228948
6230 229045
6231 229393
6232 229034
6233 228646
6234 229218
6235 229134
6236 229042
6237 228804
6238 228949
6239 229067
6240 228422
6241 229150
6242 229308
6243 228946
6244 228962
6245 228725
6246 228454
6247 229069
6248 229096
6249 229021
6250 228629
6251 228782
6252 228708
6253 228827
6254 228890
6255 229021
6256 229027
6257 229315
6258 228605
6259 228817
6260 228823
6261 228931
6262 229063
6263 228960
6264 228644
6265 229001
6266 228255
6267 228570
6268 229216
6269 228312
6270 229289
6271 228463
6272 228668
6273 228783
6274 228684
6275 228469
6276 228628
6277 228967
6278 228480
6279 229230
6280 228234
6281 228729
6282 228728
6283 228961
6284 228631
6285 229236
6286 228856
6287 229114
6288 229221
6289 228770
6290 228855
6291 228529
6292 228839
6293 228397
6294 228970
6295 228117
6296 228616
6297 229039
6298 228975
6299 228188
6300 228969
6301 228288
6302 228369
6303 228676
6304 228257
6305 228492
6306 228931
6307 228200
6308 228253
6309 228731
6310 228244
6311 228997
6312 228617
6313 228357
6314 228530
6315 228680
6316 228783
6317 228468
6318 228342
6319 228926
6320 228394
6321 228457
6322 228653
6323 228544
6324 228810
6325 228887
6326 228387
6327 228812
6328 228546
6329 228566
6330 228353
6331 228809
6332 228419
6333 228530
6334 228313
6335 228489
6336 228480
6337 228097
6338 228410
6339 228301
6340 228622
6341 228186
6342 228760
6343 228390
6344 228708
6345 229028
6346 227983
6347 228191
6348 228488
6349 228639
6350 228016
6351 228564
6352 228387
6353 228302
6354 228169
6355 228229
6356 227900
6357 228575
6358 228151
6359 228257
6360 228449
6361 228632
6362 229357
6363 228736
6364 228499
6365 228087
6366 228713
6367 228612
6368 228063
6369 228701
6370 228163
6371 228800
6372 228430
6373 228409
6374 228397
6375 228294
6376 228473
6377 228812
6378 228184
6379 228863
6380 228661
6381 228618
6382 228758
6383 228604
6384 228371
6385 228174
6386 228534
6387 228311
6388 228491
6389 227880
6390 228888
6391 228250
6392 228406
6393 228228
6394 228288
6395 228563
6396 228389
6397 228134
6398 228186
6399 228495
6400 228392
6401 228466
6402 228528
6403 228283
6404 228094
6405 228061
6406 228175
6407 228295
6408 228876
6409 228584
6410 228213
6411 228526
6412 228526
6413 228384
6414 227970
6415 228280
6416 228596
6417 228361
6418 228254
6419 228544
6420 228434
6421 228389
6422 228344
6423 228399
6424 228295
6425 228591
6426 228792
6427 228646
6428 228865
6429 228232
6430 228385
6431 227886
6432 228561
6433 228490
6434 228475
6435 227718
6436 228391
6437 228506
6438 228825
6439 228161
6440 228794
6441 228133
6442 228490
6443 228563
6444 228544
6445 228188
6446 229083
6447 228374
6448 228192
6449 229372
6450 228217
6451 228504
6452 228862
6453 228036
6454 228859
6455 228267
6456 228836
6457 228257
6458 228984
6459 228787
6460 228932
6461 228706
6462 228228
6463 228477
6464 228464
6465 228900
6466 229187
6467 228380
6468 228440
6469 228837
6470 228899
6471 228784
6472 228754
6473 228754
6474 228609
6475 228724
6476 228730
6477 228842
6478 228787
6479 228579
6480 228559
6481 228753
6482 228544
6483 228954
6484 228838
6485 228803
6486 228689
6487 228392
6488 228618
6489 228640
6490 228619
6491 228404
6492 229048
6493 229056
6494 228272
6495 229016
6496 228502
6497 228457
6498 228913
6499 228820
6500 228648
6501 229021
6502 229016
6503 228645
6504 228847
6505 228717
6506 228990
6507 228912
6508 228639
6509 228607
6510 228792
6511 229394
6512 229438
6513 229022
6514 228964
6515 229148
6516 229511
6517 229018
6518 229479
6519 229032
6520 229272
6521 229287
6522 229511
6523 229083
6524 229255
6525 229200
6526 229147
6527 229394
6528 229240
6529 228517
6530 229441
6531 229196
6532 229320
6533 229404
6534 229467
6535 229529
6536 229525
6537 229386
6538 229437
6539 229559
6540 229078
6541 229508
6542 229154
6543 228792
6544 229290
6545 229713
6546 229553
6547 229370
6548 229158
6549 229523
6550 229105
6551 229412
6552 229460
6553 229721
6554 229508
6555 228739
6556 229378
6557 229403
6558 229171
6559 229658
6560 229122
6561 229223
6562 229321
6563 229384
6564 229363
6565 229525
6566 229845
6567 229150
6568 229485
6569 229218
6570 229350
6571 229307
6572 229304
6573 228312
6574 229435
6575 229198
6576 228596
6577 228997
6578 228689
6579 228865
6580 229281
6581 229220
6582 229314
6583 229191
6584 228839
6585 229335
6586 229558
6587 229085
6588 228990
6589 229240
6590 229452
6591 228869
6592 228698
6593 228887
6594 229245
6595 229071
6596 228553
6597 229400
6598 229414
6599 229063
6600 229709
6601 229204
6602 229104
6603 229206
6604 229184
6605 229208
6606 229325
6607 229392
6608 229653
6609 229384
6610 229463
6611 229115
6612 229468
6613 230122
6614 229422
6615 229331
6616 229934
6617 229984
6618 229778
6619 229734
6620 229846
6621 229714
6622 229830
6623 229608
6624 230287
6625 229936
6626 229908
6627 229949
6628 229932
6629 230591
6630 230287
6631 230021
6632 230690
6633 230625
6634 230444
6635 230619
6636 230749
6637 230229
6638 231055
6639 230817
6640 231200
6641 231633
6642 231858
6643 231822
6644 231807
6645 231824
6646 232532
6647 232008
6648 232317
6649 232161
6650 232838
6651 232316
6652 232406
6653 232771
6654 232754
6655 232994
6656 233545
6657 232410
6658 233385
6659 232556
6660 232036
6661 233296
6662 232766
6663 232750
6664 232560
6665 232879
6666 232856
6667 232809
6668 232608
6669 232227
6670 232264
6671 232154
6672 232533
6673 232293
6674 231805
6675 231668
6676 231890
6677 231160
6678 231636
6679 231278
6680 231221
6681 231074
6682 231030
6683 231043
6684 230810
6685 230816
6686 230533
6687 230626
6688 230651
6689 230693
6690 230581
6691 230830
6692 230672
6693 230779
6694 230140
6695 230198
6696 229959
6697 230208
6698 229964
6699 230522
6700 230491
6701 230552
6702 230449
6703 230346
6704 230432
6705 230241
6706 230226
6707 229851
6708 230481
6709 230334
6710 230363
6711 230091
6712 230101
6713 230365
6714 230259
6715 230025
6716 229597
6717 229787
6718 230120
6719 229996
6720 230555
6721 230447
6722 230013
6723 230114
6724 230024
6725 230485
6726 229800
6727 230380
6728 230119
6729 230102
6730 230496
6731 230260
6732 230056
6733 230171
6734 230123
6735 230072
6736 230292
6737 230461
6738 229933
6739 229953
6740 229854
6741 230238
6742 229998
6743 230286
6744 229989
6745 230057
6746 229858
6747 229968
6748 229679
6749 230382
6750 230392
6751 230263
6752 229836
6753 230258
6754 229749
6755 230156
6756 229534
6757 229681
6758 229669
6759 229983
6760 229763
6761 229465
6762 229782
6763 229808
6764 229762
6765 229792
6766 229514
6767 229401
6768 230145
6769 229753
6770 229664
6771 229783
6772 229998
6773 229770
6774 230039
6775 229861
6776 230152
6777 230247
6778 229884
6779 229948
6780 229395
6781 229731
6782 229818
6783 229838
6784 229450
6785 229610
6786 229694
6787 229175
6788 229422
6789 230023
6790 229505
6791 229183
6792 229600
6793 229685
6794 229038
6795 229804
6796 230061
6797 229874
6798 229798
6799 229383
6800 229742
6801 229151
6802 229468
6803 229729
6804 229871
6805 229763
6806 229685
6807 229818
6808 229716
6809 229695
6810 229321
6811 229860
6812 229662
6813 229146
6814 229478
6815 229390
6816 229651
6817 229493
6818 229588
6819 229565
6820 230312
6821 229778
6822 229905
6823 229734
6824 229687
6825 229593
6826 229809
6827 229960
6828 229907
6829 230095
6830 230293
6831 229845
6832 229726
6833 230195
6834 229709
6835 229724
6836 229965
6837 230052
6838 229949
6839 229890
6840 229518
6841 229650
6842 229749
6843 229998
6844 229983
6845 229656
6846 229544
6847 229498
6848 229830
6849 230153
6850 229893
6851 229950
6852 229826
6853 229269
6854 229796
6855 230090
6856 230254
6857 229722
6858 230057
6859 229952
6860 229574
6861 229769
6862 229696
6863 230228
6864 229792
6865 229394
6866 229850
6867 229894
6868 229253
6869 230188
6870 230009
6871 230119
6872 230231
6873 229769
6874 229612
6875 230042
6876 229736
6877 229802
6878 229672
6879 229656
6880 229574
6881 229675
6882 229854
6883 229979
6884 229982
6885 229813
6886 229797
6887 229753
6888 230134
6889 229199
6890 229855
6891 229766
6892 229950
6893 229850
6894 229614
6895 229777
6896 229704
6897 229681
6898 230427
6899 229616
6900 229736
6901 230018
6902 229934
6903 230020
6904 229684
6905 229547
6906 230257
6907 230166
6908 230093
6909 229681
6910 229541
6911 230074
6912 229842
6913 230201
6914 230240
6915 229769
6916 230357
6917 230112
6918 229281
6919 230263
6920 229766
6921 229980
6922 230373
6923 230168
6924 230208
6925 230320
6926 230073
6927 229768
6928 229815
6929 230190
6930 230008
6931 229787
6932 230127
6933 230170
6934 230249
6935 230104
6936 230369
6937 229857
6938 230446
6939 230230
6940 229886
6941 230358
6942 229585
6943 229839
6944 229866
6945 230279
6946 230225
6947 230045
6948 230133
6949 230366
6950 230393
6951 229863
6952 230333
6953 230452
6954 230128
6955 230335
6956 229581
6957 229854
6958 230073
6959 230268
6960 229997
6961 229283
6962 229393
6963 229835
6964 229386
6965 229432
6966 230086
6967 230220
6968 229754
6969 230182
6970 229497
6971 229627
6972 229892
6973 229386
6974 229581
6975 229781
6976 229508
6977 229917
6978 230134
6979 229358
6980 229300
6981 228933
6982 229332
6983 229802
6984 229377
6985 229602
6986 229836
6987 229575
6988 229871
6989 229937
6990 229097
6991 229745
6992 229541
6993 229709
6994 229644
6995 229897
6996 230079
6997 230199
6998 229757
6999 229803
7000 230168
7001 229559
7002 229807
7003 229802
7004 229719
7005 229908
7006 230208
7007 230296
7008 230499
7009 230543
7010 230199
7011 230665
7012 230913
7013 230589
7014 230762
7015 230494
7016 230402
7017 230743
7018 230535
7019 230679
7020 231070
7021 231161
7022 230910
7023 230878
7024 230970
7025 230586
7026 231246
7027 230896
7028 230609
7029 231523
7030 231243
7031 231252
7032 231291
7033 231782
7034 231559
7035 231261
7036 231384
7037 231602
7038 231310
7039 231414
7040 231405
7041 231353
7042 231256
7043 231447
7044 231593
7045 231820
7046 231386
7047 231630
7048 230826
7049 231556
7050 231317
7051 230656
7052 231009
7053 230852
7054 231095
7055 231090
7056 230577
7057 230718
7058 231092
7059 230817
7060 230806
7061 231069
7062 231208
7063 230888
7064 231269
7065 230722
7066 231018
7067 230998
7068 230500
7069 230817
7070 231264
7071 231017
7072 230775
7073 230317
7074 230708
7075 230665
7076 230905
7077 230402
7078 230058
7079 231176
7080 230718
7081 230491
7082 230350
7083 230722
7084 230993
7085 230552
7086 230179
7087 230707
7088 230887
7089 230576
7090 231103
7091 231042
7092 230929
7093 230765
7094 230189
7095 230697
7096 230915
7097 230866
7098 230900
7099 231091
7100 230727
7101 231203
7102 230910
7103 231021
7104 230963
7105 230962
7106 231208
7107 231122
7108 231335
7109 231534
7110 230822
7111 230441
7112 231269
7113 231180
7114 231194
7115 231481
7116 232125
7117 231231
7118 231960
7119 232328
7120 232169
7121 231841
7122 232073
7123 232503
7124 232671
7125 232354
7126 232217
7127 232648
7128 232237
7129 233073
7130 232459
7131 232169
7132 232310
7133 232754
7134 233175
7135 232126
7136 233187
7137 232822
7138 232937
7139 232726
7140 232564
7141 232558
7142 232507
7143 232568
7144 232446
7145 232256
7146 232644
7147 231960
7148 231746
7149 231844
7150 231787
7151 231636
7152 231827
7153 231954
7154 231755
7155 231452
7156 231406
7157 231391
7158 231519
7159 231726
7160 231391
7161 230919
7162 231052
7163 231209
7164 230863
7165 230810
7166 231342
7167 230537
7168 231012
7169 230015
7170 230828
7171 231126
7172 230863
7173 230800
7174 230419
7175 230954
7176 230965
7177 230526
7178 230477
7179 230426
7180 230560
7181 230734
7182 230626
7183 230645
7184 230873
7185 230654
7186 231179
7187 230254
7188 230212
7189 230376
7190 230390
7191 230295
7192 230558
7193 230433
7194 230470
7195 230243
7196 230507
7197 230089
7198 229851
7199 230130
7200 230007
7201 229778
7202 230324
7203 229462
7204 229475
7205 229734
7206 229942
7207 229743
7208 230350
7209 229468
7210 229411
7211 230296
7212 229713
7213 229028
7214 229168
7215 229825
7216 229736
7217 229551
7218 230105
7219 229210
7220 229626
7221 229518
7222 229267
7223 229376
7224 229446
7225 229877
7226 229450
7227 229368
7228 229483
7229 229768
7230 229224
7231 229300
7232 229512
7233 229388
7234 229569
7235 229255
7236 229193
7237 229334
7238 229225
7239 229264
7240 229390
7241 229912
7242 229923
7243 229573
7244 229164
7245 229002
7246 229308
7247 229202
7248 230208
7249 229940
7250 229216
7251 229634
7252 229510
7253 229201
7254 229501
7255 229899
7256 229788
7257 229603
7258 229708
7259 229718
7260 229659
7261 229931
7262 229689
7263 230278
7264 230197
7265 230081
7266 229296
7267 229902
7268 229571
7269 229885
7270 229680
7271 229426
7272 230009
7273 229558
7274 229280
7275 229885
7276 229612
7277 229740
7278 229220
7279 229278
7280 230080
7281 229259
7282 229441
7283 229769
7284 228947
7285 229218
7286 228721
7287 228918
7288 229114
7289 229264
7290 229665
7291 229109
7292 229380
7293 228254
7294 229286
7295 228878
7296 228838
7297 228639
7298 228739
7299 229162
7300 229057
7301 228791
7302 228762
7303 228360
7304 228603
7305 228546
7306 228439
7307 228465
7308 228660
7309 229241
7310 228770
7311 228718
7312 228699
7313 228774
7314 228924
7315 228598
7316 228630
7317 228629
7318 228562
7319 228440
7320 228859
7321 228568
7322 228352
7323 228538
7324 228196
7325 228076
7326 228557
7327 228920
7328 228211
7329 228687
7330 228507
7331 228098
7332 228468
7333 228420
7334 227932
7335 227944
7336 228285
7337 228093
7338 228160
7339 228099
7340 228363
7341 227433
7342 227930
7343 227450
7344 227926
7345 227835
7346 228032
7347 227837
7348 228319
7349 227245
7350 227986
7351 227928
7352 228189
7353 228458
7354 227891
7355 227762
7356 227952
7357 227719
7358 228014
7359 227902
7360 228646
7361 228133
7362 228449
7363 228596
7364 228572
7365 228529
7366 228033
7367 228312
7368 228077
7369 228068
7370 227774
7371 228532
7372 228228
7373 228192
7374 228142
7375 227445
7376 227759
7377 228208
7378 227726
7379 228560
7380 228517
7381 227991
7382 228354
7383 228245
7384 227798
7385 228116
7386 228073
7387 227889
7388 228304
7389 227682
7390 227613
7391 227972
7392 228047
7393 228444
7394 228677
7395 227663
7396 228457
7397 228004
7398 228004
7399 228562
7400 227860
7401 228492
7402 227961
7403 228092
7404 228354
7405 228599
7406 227857
7407 228165
7408 227870
7409 228064
7410 228239
7411 228095
7412 227848
7413 228576
7414 228014
7415 227832
7416 228233
7417 228164
7418 227673
7419 228464
7420 228109
7421 228040
7422 228203
7423 227408
7424 228273
7425 227912
7426 228135
7427 228258
7428 228394
7429 228106
7430 227778
7431 227938
7432 228068
7433 228143
7434 227897
7435 228026
7436 227514
7437 228692
7438 227828
7439 228174
7440 228435
7441 228673
7442 228442
7443 228369
7444 227918
7445 228216
7446 228689
7447 228390
7448 229072
7449 228145
7450 228122
7451 227962
7452 228312
7453 228591
7454 228367
7455 228542
7456 228701
7457 228416
7458 228077
7459 228578
7460 227994
7461 228379
7462 228141
7463 228560
7464 228787
7465 228596
7466 228816
7467 228243
7468 228593
7469 228164
7470 228240
7471 228617
7472 228816
7473 228397
7474 228585
7475 228945
7476 228082
7477 228784
7478 228634
7479 228180
7480 228818
7481 227891
7482 228579
7483 228455
7484 228964
7485 228589
7486 228499
7487 228103
7488 228211
7489 228484
7490 228434
7491 229348
7492 228254
7493 228667
7494 228403
7495 228806
7496 228564
7497 228490
7498 228569
7499 228707
7500 228806
7501 228257
7502 228830
7503 228561
7504 228286
7505 228807
7506 229251
7507 229045
7508 228179
7509 228225
7510 228346
7511 228171
7512 228356
7513 228488
7514 229367
7515 228568
7516 228163
7517 228643
7518 228280
7519 228276
7520 228648
7521 228503
7522 228325
7523 228415
7524 228362
7525 228384
7526 228581
7527 228292
7528 228464
7529 228477
7530 228365
7531 228597
7532 228575
7533 228750
7534 228883
7535 228769
7536 228854
7537 229117
7538 229476
7539 228995
7540 229041
7541 229085
7542 229373
7543 229058
7544 228419
7545 229099
7546 228534
7547 228656
7548 228950
7549 228971
7550 228659
7551 228648
7552 228637
7553 228894
7554 228980
7555 228616
7556 228908
7557 228761
7558 228189
7559 228821
7560 228958
7561 228595
7562 228659
7563 228449
7564 228869
7565 227991
7566 228531
7567 228652
7568 228593
7569 228256
7570 227777
7571 228235
7572 228375
7573 228340
7574 228259
7575 228359
7576 229140
7577 228377
7578 228607
7579 228553
7580 228277
7581 228651
7582 228245
7583 228737
7584 228797
7585 228756
7586 228592
7587 228956
7588 228262
7589 227971
7590 228368
7591 228274
7592 227860
7593 228673
7594 228228
7595 228775
7596 228238
7597 228453
7598 228114
7599 228581
7600 228402
7601 227930
7602 228050
7603 227748
7604 229256
7605 228464
7606 228745
7607 228676
7608 228545
7609 228806
7610 228981
7611 228466
7612 229202
7613 229048
7614 228746
7615 228069
7616 228205
7617 228248
7618 228411
7619 229108
7620 228919
7621 228459
7622 229071
7623 228453
7624 229189
7625 228871
7626 228604
7627 229226
7628 228905
7629 229379
7630 229028
7631 229740
7632 229408
7633 229919
7634 230046
7635 229643
7636 229877
7637 229508
7638 230176
7639 230053
7640 230217
7641 230486
7642 230504
7643 229764
7644 230475
7645 230494
7646 230563
7647 230198
7648 230271
7649 230526
7650 230329
7651 230070
7652 230569
7653 229777
7654 230322
7655 231021
7656 230726
7657 230094
7658 230437
7659 231032
7660 230408
7661 230440
7662 230433
7663 231058
7664 230970
7665 230942
7666 230632
7667 230780
7668 230835
7669 230233
7670 230390
7671 230732
7672 230901
7673 230392
7674 230174
7675 230428
7676 229697
7677 230163
7678 229765
7679 229958
7680 230069
7681 229624
7682 229105
7683 229562
7684 229959
7685 229535
7686 229196
7687 229768
7688 229483
7689 228945
7690 229497
7691 229454
7692 229456
7693 229615
7694 229700
7695 229110
7696 228810
7697 228797
7698 228987
7699 228916
7700 229165
7701 229207
7702 228781
7703 229509
7704 229405
7705 229585
7706 228884
7707 228828
7708 228987
7709 229086
7710 228871
7711 229121
7712 229017
7713 228760
7714 229245
7715 228998
7716 228913
7717 228828
7718 229310
7719 229032
7720 228973
7721 229010
7722 229248
7723 228894
7724 229425
7725 228958
7726 228619
7727 228844
7728 228496
7729 228885
7730 228737
7731 228863
7732 228614
7733 228884
7734 228873
7735 228877
7736 228765
7737 228612
7738 228800
7739 228988
7740 229070
7741 228567
7742 228666
7743 228794
7744 228740
7745 228679
7746 229771
7747 228793
7748 229085
7749 228583
7750 228861
7751 229178
7752 229207
7753 229176
7754 228917
7755 229270
7756 228676
7757 228945
7758 229186
7759 229350
7760 229131
7761 229428
7762 229079
7763 229395
7764 229326
7765 228788
7766 229498
7767 229801
7768 229361
7769 229194
7770 229088
7771 229625
7772 230085
7773 229102
7774 229989
7775 229683
7776 230132
7777 229743
7778 230164
7779 230073
7780 230103
7781 230246
7782 230543
7783 230110
7784 230494
7785 230561
7786 230327
7787 230781
7788 230173
7789 230465
7790 230269
7791 230274
7792 230605
7793 230506
7794 229956
7795 230419
7796 229748
7797 229650
7798 229446
7799 229719
7800 229511
7801 229747
7802 229259
7803 229750
7804 229717
7805 229100
7806 229677
7807 228927
7808 228810
7809 228733
7810 229327
7811 229214
7812 229062
7813 228929
7814 228977
7815 229489
7816 228923
7817 228922
7818 229019
7819 229349
7820 228995
7821 229347
7822 228978
7823 229341
7824 229277
7825 229634
7826 229284
7827 229035
7828 228896
7829 228891
7830 228706
7831 229199
7832 228897
7833 229383
7834 229312
7835 228941
7836 229211
7837 228334
7838 228815
7839 229194
7840 229005
7841 228793
7842 229194
7843 228844
7844 229084
7845 228836
7846 229053
7847 229383
7848 229193
7849 229153
7850 229113
7851 228973
7852 229299
7853 229547
7854 229235
7855 229350
7856 229470
7857 228935
7858 229192
7859 228963
7860 228926
7861 229194
7862 229143
7863 228910
7864 228925
7865 228863
7866 229393
7867 229034
7868 228753
7869 229202
7870 229752
7871 229094
7872 229149
7873 229153
7874 228686
7875 229741
7876 229098
7877 229584
7878 229547
7879 229422
7880 229420
7881 229214
7882 229458
7883 229745
7884 229954
7885 230216
7886 229877
7887 229486
7888 229721
7889 229644
7890 230262
7891 230060
7892 230147
7893 230236
7894 230336
7895 230293
7896 230256
7897 229757
7898 230066
7899 229728
7900 230103
7901 229779
7902 229705
7903 230014
7904 229743
7905 229332
7906 229824
7907 229012
7908 229578
7909 229526
7910 229801
7911 229555
7912 229507
7913 229310
7914 229668
7915 229644
7916 229340
7917 229495
7918 229404
7919 229383
7920 229612
7921 229921
7922 229633
7923 229917
7924 230000
7925 230197
7926 229476
7927 229547
7928 229490
7929 229306
7930 229367
7931 229206
7932 229246
7933 229194
7934 229285
7935 228948
7936 228903
7937 229361
7938 228670
7939 229164
7940 228491
7941 228566
7942 229157
7943 228688
7944 228809
7945 228524
7946 228651
7947 228680
7948 228618
7949 229011
7950 228876
7951 229033
7952 228755
7953 228771
7954 228531
7955 228368
7956 228759
7957 228611
7958 229235
7959 229177
7960 228487
7961 228707
7962 228627
7963 229304
7964 228797
7965 228747
7966 228919
7967 228690
7968 228600
7969 228960
7970 228301
7971 228622
7972 228894
7973 228895
7974 228467
7975 229021
7976 228427
7977 229072
7978 228622
7979 229160
7980 228245
7981 229406
7982 229134
7983 228494
7984 229198
7985 228603
7986 228885
7987 228682
7988 228744
7989 228578
7990 228719
7991 228812
7992 229022
7993 228451
7994 229043
7995 228471
7996 229438
7997 228578
7998 228686
7999 228951
8000 228776
8001 228954
8002 228555
8003 229058
8004 229321
8005 228768
8006 229123
8007 228693
8008 228587
8009 229238
8010 229071
8011 228916
8012 228808
8013 229244
8014 229627
8015 229619
8016 229663
8017 229095
8018 230015
8019 229842
8020 229303
8021 230095
8022 229838
8023 229720
8024 229523
8025 229384
8026 229355
8027 229709
8028 229206
8029 228692
8030 228847
8031 229214
8032 229063
8033 228714
8034 228216
8035 228822
8036 228334
8037 228261
8038 228348
8039 228686
8040 227928
8041 228466
8042 228409
8043 228054
8044 228383
8045 227933
8046 228480
8047 228375
8048 227886
8049 227866
8050 227726
8051 227703
8052 228164
8053 228023
8054 228143
8055 227971
8056 229011
8057 228399
8058 228153
8059 228564
8060 228182
8061 228531
8062 228599
8063 228550
8064 227561
8065 228302
8066 228170
8067 228322
8068 228599
8069 228208
8070 227860
8071 228239
8072 228684
8073 228267
8074 228136
8075 228584
8076 228497
8077 227905
8078 228254
8079 228391
8080 228702
8081 228979
8082 228535
8083 228193
8084 228235
8085 228245
8086 228297
8087 228671
8088 228690
8089 228636
8090 228393
8091 228581
8092 228237
8093 228428
8094 228490
8095 228958
8096 228512
8097 229223
8098 228558
8099 228929
8100 229109
8101 229013
8102 228861
8103 228757
8104 229017
8105 228744
8106 229288
8107 228835
8108 229088
8109 229532
8110 229407
8111 229487
8112 228739
8113 229456
8114 229034
8115 229297
8116 229381
8117 229955
8118 229133
8119 229407
8120 229745
8121 229761
8122 229835
8123 230037
8124 229821
8125 230437
8126 229942
8127 229874
8128 230325
8129 230089
8130 230146
8131 230438
8132 230281
8133 230581
8134 230402
8135 230103
8136 230618
8137 230048
8138 231247
8139 230650
8140 230648
8141 230071
8142 230003
8143 229791
8144 230156
8145 230184
8146 230433
8147 230509
8148 230779
8149 230672
8150 230300
8151 229802
8152 230538
8153 229814
8154 229785
8155 229568
8156 230169
8157 229647
8158 229574
8159 229478
8160 229375
8161 229884
8162 229264
8163 229543
8164 229187
8165 229228
8166 229451
8167 229015
8168 228561
8169 229023
8170 228972
8171 229303
8172 228145
8173 228910
8174 228861
8175 228674
8176 228353
8177 228391
8178 228893
8179 228173
8180 229047
8181 229110
8182 228503
8183 228830
8184 228724
8185 228616
8186 228847
8187 228616
8188 228005
8189 228747
8190 228369
8191 228168
8192 228491
8193 228570
8194 228401
8195 228226
8196 228184
8197 227672
8198 227789
8199 228024
8200 227964
8201 227895
8202 228149
8203 228646
8204 228422
8205 227755
8206 228165
8207 227574
8208 227692
8209 228211
8210 228245
8211 227803
8212 228183
8213 227767
8214 227911
8215 228677
8216 228306
8217 228062
8218 227827
8219 227867
8220 227892
8221 228356
8222 227882
8223 227929
8224 228173
8225 228103
8226 228099
8227 228745
8228 227784
8229 228294
8230 228148
8231 227778
8232 228207
8233 228569
8234 228397
8235 227761
8236 228265
8237 228515
8238 228311
8239 228321
8240 228342
8241 228411
8242 228287
8243 227732
8244 228311
8245 228428
8246 228110
8247 228003
8248 228746
8249 227737
8250 228258
8251 228259
8252 228460
8253 228236
8254 227447
8255 227945
8256 227801
8257 227673
8258 227715
8259 228278
8260 228350
8261 228389
8262 227829
8263 228338
8264 227592
8265 227844
8266 227634
8267 228507
8268 227755
8269 227733
8270 227804
8271 227860
8272 227816
8273 227673
8274 228193
8275 227853
8276 227149
8277 228132
8278 227543
8279 228390
8280 227560
8281 227852
8282 228023
8283 227978
8284 227835
8285 227611
8286 227390
8287 227976
8288 228062
8289 227987
8290 227564
8291 228019
8292 227636
8293 227655
8294 227649
8295 227598
8296 227841
8297 227483
8298 227945
8299 227740
8300 227645
8301 227944
8302 227614
8303 227799
8304 227529
8305 228219
8306 228376
8307 227668
8308 228112
8309 227952
8310 228328
8311 228230
8312 227827
8313 227919
8314 227812
8315 227749
8316 227856
8317 228134
8318 227574
8319 228243
8320 227819
8321 228143
8322 227955
8323 227609
8324 227895
8325 227920
8326 227777
8327 227848
8328 227980
8329 227674
8330 228300
8331 228233
8332 227990
8333 228477
8334 228150
8335 227865
8336 227994
8337 227382
8338 227879
8339 228621
8340 228144
8341 227958
8342 227837
8343 228272
8344 228176
8345 228618
8346 227552
8347 228185
8348 227553
8349 228339
8350 227867
8351 228229
8352 228144
8353 227783
8354 227593
8355 227935
8356 227872
8357 228295
8358 228243
8359 227879
8360 228106
8361 228047
8362 228579
8363 227630
8364 227847
8365 228188
8366 227685
8367 228067
8368 227966
8369 227580
8370 227950
8371 227405
8372 227998
8373 227999
8374 227861
8375 228105
8376 228106
8377 228071
8378 227597
8379 227531
8380 227129
8381 227920
8382 227582
8383 227884
8384 228325
8385 227591
8386 228220
8387 228593
8388 227852
8389 227840
8390 228210
8391 228233
8392 228011
8393 227869
8394 228249
8395 227869
8396 228037
8397 228234
8398 228095
8399 228230
8400 228060
8401 228013
8402 228109
8403 228140
8404 228190
8405 227641
8406 228381
8407 228482
8408 228736
8409 228512
8410 228261
8411 228026
8412 228491
8413 228087
8414 228859
8415 228485
8416 228246
8417 228460
8418 228146
8419 228446
8420 228186
8421 228301
8422 227423
8423 228601
8424 228329
8425 228177
8426 227998
8427 227995
8428 228336
8429 227680
8430 227720
8431 227695
8432 228073
8433 228102
8434 227990
8435 228567
8436 228078
8437 228351
8438 227959
8439 227783
8440 227955
8441 228403
8442 228075
8443 228204
8444 228114
8445 228383
8446 228566
8447 227967
8448 228202
8449 228044
8450 227462
8451 228319
8452 228092
8453 228220
8454 227858
8455 227776
8456 227958
8457 227310
8458 227827
8459 227899
8460 227480
8461 227920
8462 227981
8463 228321
8464 228119
8465 228312
8466 227794
8467 228074
8468 227887
8469 227577
8470 227889
8471 227789
8472 228423
8473 228003
8474 227881
8475 228171
8476 228024
8477 228062
8478 227925
8479 228405
8480 228405
8481 227724
8482 228102
8483 227904
8484 228443
8485 228617
8486 227675
8487 228058
8488 228532
8489 227855
8490 228581
8491 228319
8492 227656
8493 228763
8494 228222
8495 228691
8496 228798
8497 227840
8498 228227
8499 228096
8500 228473
8501 228763
8502 228482
8503 227685
8504 229060
8505 228651
8506 228426
8507 228750
8508 228421
8509 229122
8510 228160
8511 229106
8512 228528
8513 228993
8514 228963
8515 228639
8516 228350
8517 229079
8518 228246
8519 228779
8520 228268
8521 229059
8522 228928
8523 228872
8524 228295
8525 229034
8526 228556
8527 229212
8528 228637
8529 228705
8530 228708
8531 228971
8532 228961
8533 229064
8534 228700
8535 228506
8536 229341
8537 228814
8538 228905
8539 229330
8540 228755
8541 228871
8542 229194
8543 229119
8544 228635
8545 228948
8546 228890
8547 229173
8548 229079
8549 229405
8550 228907
8551 228788
8552 229026
8553 228723
8554 228780
8555 229045
8556 229066
8557 229093
8558 229181
8559 229126
8560 229232
8561 228467
8562 229125
8563 228949
8564 228711
8565 229195
8566 229104
8567 228621
8568 228874
8569 228874
8570 228796
8571 229081
8572 229085
8573 229018
8574 228657
8575 228737
8576 229793
8577 228578
8578 228741
8579 229308
8580 229644
8581 229098
8582 228872
8583 228844
8584 228774
8585 229194
8586 228733
8587 229247
8588 229555
8589 228310
8590 228557
8591 228778
8592 229552
8593 229061
8594 228865
8595 228881
8596 229540
8597 229302
8598 228835
8599 229274
8600 229033
8601 229306
8602 229278
8603 229627
8604 229278
8605 229298
8606 229426
8607 230041
8608 229491
8609 229935
8610 229676
8611 230025
8612 229543
8613 229854
8614 229548
8615 229940
8616 229670
8617 229646
8618 229586
8619 229366
8620 230062
8621 229921
8622 229736
8623 230163
8624 229656
8625 229933
8626 229971
8627 229714
8628 230304
8629 229710
8630 230119
8631 230246
8632 230114
8633 230067
8634 230697
8635 230545
8636 230946
8637 230653
8638 230695
8639 231094
8640 230397
8641 231293
8642 231259
8643 231639
8644 231612
8645 231937
8646 232137
8647 231372
8648 231596
8649 232206
8650 232180
8651 232227
8652 232223
8653 232135
8654 231886
8655 232506
8656 231767
8657 231740
8658 232028
8659 232284
8660 232078
8661 231897
8662 231879
8663 231857
8664 232044
8665 232138
8666 231966
8667 231731
8668 231846
8669 231258
8670 231315
8671 231464
8672 231479
8673 230940
8674 230924
8675 231201
8676 231023
8677 230712
8678 230825
8679 230938
8680 231031
8681 230900
8682 230745
8683 230580
8684 230522
8685 230733
8686 230476
8687 230577
8688 230474
8689 230568
8690 230695
8691 229704
8692 230560
8693 230426
8694 230306
8695 230214
8696 229816
8697 229967
8698 229819
8699 230536
8700 230155
8701 229970
8702 229919
8703 230270
8704 230193
8705 230193
8706 229777
8707 229983
8708 230183
8709 230181
8710 229579
8711 229528
8712 230014
8713 229343
8714 229895
8715 230023
8716 229828
8717 229568
8718 229940
8719 230061
8720 230036
8721 229549
8722 229730
8723 230050
8724 229572
8725 229671
8726 230337
8727 230073
8728 230164
8729 229373
8730 229576
8731 229580
8732 229454
8733 229706
8734 229524
8735 229654
8736 229566
8737 229894
8738 229445
8739 230132
8740 229254
8741 229423
8742 229368
8743 229333
8744 229767
8745 229549
8746 229748
8747 229664
8748 229651
8749 229291
8750 229490
8751 229642
8752 229798
8753 229917
8754 229626
8755 229537
8756 228830
8757 229597
8758 229454
8759 229647
8760 229864
8761 229422
8762 229445
8763 229651
8764 229554
8765 229655
8766 229438
8767 229567
8768 229920
8769 229316
8770 229590
8771 229970
8772 229833
8773 230203
8774 229425
8775 229477
8776 229846
8777 229628
8778 229526
8779 229884
8780 229552
8781 229458
8782 229353
8783 230038
8784 229473
8785 229590
8786 229621
8787 229687
8788 229765
8789 229481
8790 229501
8791 229750
8792 229880
8793 229253
8794 229828
8795 229903
8796 230122
8797 229762
8798 229735
8799 230197
8800 229585
8801 229642
8802 229788
8803 229578
8804 229336
8805 229570
8806 230093
8807 229786
8808 229716
8809 230513
8810 229912
8811 230031
8812 229857
8813 230341
8814 229484
8815 229949
8816 229933
8817 230177
8818 229983
8819 230366
8820 230803
8821 230420
8822 230355
8823 230281
8824 229824
8825 230159
8826 229757
8827 230379
8828 230244
8829 230150
8830 230614
8831 230327
8832 230199
8833 229926
8834 230328
8835 230185
8836 230009
8837 229824
8838 230438
8839 230616
8840 230147
8841 230081
8842 229651
8843 229974
8844 229791
8845 229971
8846 230238
8847 230016
8848 230203
8849 229914
8850 229973
8851 229963
8852 230047
8853 230122
8854 230033
8855 229726
8856 230336
8857 230312
8858 230146
8859 230729
8860 229937
8861 230381
8862 230110
8863 230007
8864 230215
8865 230261
8866 230236
8867 230003
8868 230273
8869 230180
8870 229786
8871 229457
8872 229631
8873 229737
8874 229662
8875 229733
8876 229525
8877 230320
8878 229572
8879 229481
8880 230084
8881 229927
8882 229619
8883 230082
8884 229970
8885 230352
8886 230106
8887 229879
8888 230083
8889 230403
8890 229964
8891 229918
8892 230022
8893 230077
8894 229656
8895 230366
8896 230169
8897 230037
8898 230092
8899 229333
8900 230164
8901 229981
8902 229910
8903 230058
8904 229612
8905 229644
8906 230589
8907 230199
8908 229588
8909 229851
8910 229925
8911 229708
8912 229865
8913 229464
8914 229863
8915 230256
8916 229788
8917 229605
8918 230072
8919 229829
8920 230152
8921 229958
8922 230058
8923 229363
8924 230051
8925 229797
8926 230217
8927 229897
8928 230074
8929 229868
8930 229977
8931 230035
8932 229514
8933 229985
8934 229719
8935 229729
8936 230082
8937 230000
8938 230209
8939 229781
8940 230120
8941 230191
8942 229894
8943 229958
8944 230422
8945 229857
8946 230329
8947 230211
8948 229928
8949 230273
8950 229900
8951 229830
8952 230466
8953 229745
8954 230477
8955 230214
8956 229640
8957 230162
8958 229668
8959 229752
8960 229865
8961 230464
8962 229732
8963 229729
8964 229763
8965 229927
8966 229791
8967 230279
8968 229449
8969 230326
8970 229384
8971 229895
8972 229696
8973 230262
8974 229679
8975 229749
8976 229880
8977 230056
8978 230448
8979 230041
8980 229986
8981 229786
8982 230232
8983 230041
8984 229908
8985 229289
8986 229950
8987 230288
8988 229385
8989 229757
8990 230458
8991 230156
8992 230030
8993 230573
8994 230668
8995 230516
8996 230361
8997 230298
8998 230151
8999 230225
9000 229761
9001 230277
9002 229373
9003 230263
9004 230288
9005 230030
9006 230154
9007 230316
9008 230135
9009 230455
9010 230158
9011 229895
9012 230383
9013 229775
9014 230096
9015 230344
9016 230000
9017 230010
9018 230283
9019 229608
9020 230090
9021 229665
9022 229823
9023 230104
9024 229678
9025 229704
9026 229519
9027 229845
9028 229601
9029 229841
9030 229996
9031 229984
9032 229725
9033 230261
9034 229814
9035 230218
9036 230044
9037 230039
9038 230185
9039 229597
9040 229813
9041 229926
9042 230126
9043 229786
9044 229651
9045 229853
9046 229523
9047 229935
9048 229867
9049 230042
9050 230147
9051 229630
9052 230310
9053 229900
9054 229399
9055 229506
9056 229652
9057 229747
9058 229749
9059 229750
9060 230059
9061 229539
9062 230190
9063 230085
9064 230137
9065 230209
9066 229518
9067 230120
9068 229966
9069 230442
9070 229863
9071 230391
9072 230220
9073 229888
9074 230558
9075 230104
9076 230156
9077 230526
9078 230456
9079 230338
9080 230782
9081 230531
9082 230758
9083 230211
9084 230949
9085 230357
9086 230687
9087 230604
9088 230232
9089 230895
9090 230696
9091 230441
9092 229922
9093 231233
9094 230346
9095 230340
9096 230383
9097 230959
9098 231259
9099 230439
9100 230256
9101 230840
9102 230733
9103 230755
9104 231084
9105 231114
9106 231773
9107 231340
9108 231049
9109 231458
9110 231693
9111 231720
9112 232301
9113 232023
9114 231661
9115 230964
9116 231367
9117 231782
9118 231738
9119 231774
9120 232290
9121 232469
9122 231721
9123 232142
9124 232755
9125 232072
9126 232388
9127 232538
9128 232669
9129 232505
9130 232683
9131 232597
9132 232252
9133 232835
9134 233217
9135 233045
9136 233400
9137 233474
9138 233847
9139 232638
9140 233323
9141 232837
9142 232642
9143 233166
9144 233575
9145 232570
9146 232619
9147 232522
9148 232585
9149 232613
9150 232947
9151 232465
9152 231956
9153 232236
9154 231950
9155 231946
9156 231492
9157 232030
9158 231156
9159 231186
9160 231605
9161 231509
9162 230806
9163 231112
9164 231358
9165 230519
9166 230731
9167 231284
9168 230382
9169 230778
9170 230002
9171 230302
9172 230807
9173 231004
9174 231167
9175 230654
9176 230311
9177 230243
9178 230457
9179 230572
9180 230194
9181 230333
9182 230395
9183 229552
9184 230571
9185 229576
9186 229906
9187 229647
9188 230418
9189 230237
9190 230582
9191 229154
9192 229844
9193 229850
9194 229517
9195 229920
9196 229272
9197 229250
9198 229806
9199 229917
9200 229571
9201 229389
9202 229628
9203 229056
9204 229193
9205 229419
9206 228814
9207 229433
9208 229013
9209 230087
9210 228880
9211 229178
9212 229498
9213 229001
9214 229316
9215 229142
9216 229542
9217 229275
9218 229480
9219 229386
9220 229097
9221 229439
9222 229150
9223 228864
9224 229119
9225 229305
9226 228945
9227 229299
9228 229169
9229 229258
9230 229073
9231 229331
9232 228848
9233 229085
9234 229007
9235 228986
9236 228969
9237 228818
9238 228936
9239 229083
9240 228817
9241 228726
9242 228924
9243 228899
9244 228595
9245 228899
9246 228489
9247 228694
9248 229034
9249 228853
9250 228421
9251 228567
9252 228517
9253 229253
9254 229360
9255 229079
9256 228404
9257 228688
9258 228355
9259 229014
9260 229075
9261 229117
9262 228937
9263 228651
9264 228562
9265 228895
9266 228685
9267 228890
9268 228475
9269 228950
9270 229122
9271 228841
9272 229357
9273 229306
9274 229337
9275 228595
9276 229094
9277 229010
9278 228923
9279 228471
9280 228749
9281 228430
9282 228830
9283 228911
9284 229008
9285 228580
9286 229048
9287 228421
9288 228692
9289 228400
9290 228611
9291 228451
9292 228898
9293 228545
9294 228562
9295 228648
9296 228188
9297 229170
9298 229177
9299 228390
9300 228851
9301 228269
9302 228654
9303 228504
9304 228233
9305 228706
9306 229158
9307 228364
9308 228728
9309 228796
9310 227973
9311 228309
9312 228945
9313 228556
9314 228606
9315 228550
9316 228227
9317 228728
9318 227860
9319 228410
9320 228593
9321 228236
9322 228458
9323 228902
9324 228259
9325 227985
9326 228327
9327 228114
9328 227997
9329 228616
9330 228443
9331 228305
9332 228678
9333 228274
9334 228580
9335 228903
9336 228025
9337 228203
9338 228379
9339 228851
9340 228884
9341 227864
9342 228580
9343 228512
9344 228341
9345 228223
9346 228383
9347 228651
9348 228978
9349 228828
9350 228488
9351 227938
9352 228603
9353 228992
9354 228712
9355 228419
9356 228250
9357 228354
9358 228608
9359 228157
9360 228688
9361 228456
9362 228573
9363 229315
9364 228882
9365 228512
9366 228438
9367 228058
9368 228276
9369 228687
9370 228162
9371 228720
9372 228142
9373 228852
9374 228289
9375 228445
9376 228551
9377 228085
9378 227808
9379 227932
9380 228000
9381 228146
9382 228033
9383 227991
9384 228346
9385 228071
9386 228250
9387 228585
9388 228363
9389 228247
9390 228887
9391 227933
9392 228251
9393 227989
9394 228532
9395 228223
9396 228274
9397 228575
9398 227958
9399 228529
9400 227906
9401 228684
9402 228565
9403 228853
9404 228587
9405 228952
9406 227879
9407 228501
9408 228607
9409 228562
9410 228807
9411 227697
9412 228338
9413 228703
9414 227594
9415 228293
9416 228398
9417 228316
9418 228418
9419 228439
9420 228539
9421 227972
9422 227796
9423 228366
9424 228368
9425 228035
9426 227948
9427 228589
9428 228524
9429 228458
9430 228025
9431 228366
9432 229055
9433 228584
9434 228536
9435 228383
9436 228225
9437 228080
9438 228659
9439 228126
9440 228392
9441 228294
9442 227977
9443 228311
9444 227950
9445 228260
9446 228128
9447 228543
9448 228175
9449 228094
9450 228445
9451 228284
9452 227877
9453 228273
9454 228334
9455 228022
9456 228453
9457 227871
9458 228049
9459 228029
9460 228750
9461 227733
9462 228465
9463 228343
9464 228456
9465 228247
9466 228148
9467 227918
9468 228602
9469 228117
9470 228592
9471 227900
9472 228014
9473 228105
9474 228117
9475 227990
9476 228101
9477 227878
9478 228340
9479 227749
9480 227652
9481 227326
9482 227692
9483 228270
9484 228114
9485 228038
9486 227625
9487 227614
9488 228502
9489 227906
9490 228046
9491 227801
9492 227813
9493 227961
9494 227844
9495 228139
9496 227692
9497 228718
9498 227735
9499 228133
9500 228181
9501 228244
9502 227988
9503 228212
9504 228017
9505 228419
9506 227667
9507 228227
9508 228456
9509 227978
9510 228339
9511 228270
9512 227995
9513 228133
9514 228429
9515 228203
9516 227912
9517 228265
9518 228268
9519 227817
9520 228247
9521 228279
9522 228122
9523 228651
9524 228073
9525 228144
9526 227911
9527 228699
9528 228564
9529 228185
9530 228034
9531 228653
9532 228366
9533 228468
9534 228456
9535 228956
9536 227795
9537 228186
9538 227427
9539 228062
9540 227978
9541 227852
9542 227941
9543 228250
9544 228033
9545 228239
9546 228232
9547 228343
9548 228405
9549 227918
9550 227957
9551 227692
9552 228165
9553 228061
9554 228243
9555 228290
9556 228324
9557 227937
9558 228053
9559 228336
9560 228615
9561 228114
9562 228219
9563 228434
9564 228478
9565 228696
9566 228999
9567 227975
9568 228236
9569 228243
9570 229070
9571 228513
9572 227955
9573 227854
9574 227503
9575 227903
9576 228113
9577 228637
9578 228235
9579 228282
9580 228006
9581 228353
9582 227630
9583 228106
9584 228123
9585 228016
9586 227694
9587 228191
9588 227528
9589 228102
9590 228089
9591 228313
9592 227818
9593 228287
9594 228328
9595 228230
9596 228463
9597 228126
9598 228160
9599 228044
9600 228420
9601 228191
9602 228298
9603 228938
9604 228415
9605 228633
9606 228317
9607 228303
9608 228584
9609 228318
9610 228198
9611 228149
9612 228616
9613 228538
9614 228563
9615 229189
9616 228697
9617 228649
9618 229285
9619 228921
9620 228632
9621 229153
9622 229121
9623 228560
9624 229186
9625 229380
9626 229831
9627 229257
9628 229720
9629 229563
9630 229705
9631 229478
9632 229792
9633 229619
9634 229431
9635 229852
9636 230185
9637 230063
9638 230278
9639 229963
9640 230556
9641 230089
9642 230411
9643 230523
9644 230821
9645 230630
9646 231019
9647 230943
9648 230841
9649 231189
9650 231027
9651 230928
9652 231344
9653 232024
9654 231694
9655 231973
9656 231887
9657 231560
9658 232089
9659 231710
9660 232018
9661 231649
9662 232175
9663 231612
9664 231767
9665 231639
9666 231938
9667 231672
9668 231343
9669 231234
9670 231223
9671 230765
9672 230851
9673 231018
9674 230450
9675 229939
9676 230513
9677 230132
9678 230467
9679 230149
9680 229734
9681 229427
9682 229361
9683 229884
9684 229468
9685 229137
9686 229736
9687 229292
9688 229152
9689 229130
9690 228694
9691 228919
9692 228956
9693 228308
9694 228602
9695 228894
9696 228494
9697 228551
9698 228676
9699 228674
9700 228111
9701 228418
9702 228093
9703 228210
9704 228267
9705 228027
9706 227833
9707 228398
9708 228183
9709 227907
9710 227628
9711 228676
9712 227729
9713 228036
9714 228037
9715 227988
9716 227784
9717 227919
9718 228181
9719 228357
9720 227979
9721 228162
9722 227748
9723 227915
9724 228098
9725 228389
9726 227526
9727 227988
9728 227713
9729 227608
9730 227808
9731 226980
9732 228026
9733 227110
9734 227935
9735 228174
9736 227433
9737 228001
9738 228038
9739 228118
9740 228093
9741 228118
9742 227927
9743 227810
9744 227974
9745 227684
9746 227964
9747 228194
9748 227258
9749 227895
9750 228213
9751 228050
9752 227938
9753 227461
9754 227753
9755 227630
9756 227711
9757 227642
9758 227764
9759 227762
9760 227665
9761 227129
9762 227707
9763 227611
9764 227685
9765 227575
9766 227777
9767 227523
9768 227028
9769 227249
9770 227405
9771 227297
9772 227919
9773 227465
9774 227528
9775 227180
9776 227225
9777 227129
9778 226985
9779 227483
9780 227354
9781 227539
9782 227605
9783 227477
9784 227478
9785 227727
9786 227632
9787 227850
9788 227486
9789 227163
9790 228178
9791 227787
9792 227919
9793 228054
9794 227916
9795 227215
9796 227313
9797 227329
9798 227336
9799 227643
9800 228031
9801 227893
9802 227669
9803 227816
9804 227295
9805 227956
9806 227294
9807 227140
9808 227243
9809 227675
9810 227049
9811 227487
9812 227410
9813 227490
9814 227630
9815 227289
9816 227659
9817 227332
9818 227287
9819 227509
9820 227483
9821 227559
9822 227503
9823 227262
9824 227182
9825 227242
9826 227283
9827 227824
9828 227711
9829 227418
9830 227439
9831 227551
9832 227649
9833 227490
9834 227795
9835 227398
9836 227488
9837 227924
9838 227384
9839 227352
9840 227624
9841 227189
9842 227518
9843 227574
9844 227382
9845 227208
9846 227069
9847 227027
9848 228100
9849 226800
9850 227486
9851 227044
9852 227550
9853 227256
9854 227032
9855 227431
9856 227635
9857 227682
9858 227883
9859 227634
9860 227616
9861 228116
9862 227520
9863 227482
9864 227539
9865 227396
9866 227401
9867 227458
9868 227485
9869 227432
9870 227308
9871 227167
9872 227514
9873 227191
9874 227392
9875 227008
9876 227515
9877 227274
9878 226936
9879 227340
9880 227640
9881 227617
9882 227255
9883 227214
9884 227521
9885 227503
9886 227291
9887 227108
9888 227325
9889 227100
9890 228117
9891 227719
9892 227503
9893 227411
9894 227918
9895 227203
9896 227830
9897 227488
9898 227697
9899 227416
9900 227420
9901 227790
9902 227628
9903 227871
9904 227827
9905 227956
9906 227783
9907 227797
9908 227921
9909 227508
9910 227206
9911 227505
9912 228118
9913 227980
9914 227555
9915 227686
9916 227795
9917 227384
9918 228010
9919 227763
9920 228026
9921 227591
9922 227299
9923 227616
9924 227673
9925 227625
9926 226970
9927 227469
9928 227218
9929 227527
9930 227660
9931 227865
9932 227285
9933 227833
9934 227588
9935 227503
9936 227349
9937 226976
9938 227382
9939 227381
9940 227885
9941 228241
9942 227396
9943 227072
9944 226998
9945 227020
9946 227257
9947 227538
9948 227519
9949 227416
9950 227024
9951 227305
9952 227050
9953 227633
9954 227556
9955 227188
9956 227461
9957 227183
9958 227260
9959 226693
9960 227403
9961 227486
9962 227456
9963 227049
9964 228192
9965 227514
9966 227299
9967 227652
9968 227258
9969 227496
9970 227514
9971 227232
9972 227729
9973 227078
9974 227130
9975 227444
9976 227435
9977 227260
9978 227423
9979 227039
9980 227292
9981 227639
9982 227464
9983 227820
9984 227493
9985 227848
9986 227648
9987 227446
9988 227592
9989 227599
9990 227702
9991 227747
9992 227690
9993 227436
9994 227452
9995 227508
9996 227517
9997 228023
9998 228079
9999 227155
10000 227527
10001 227576
10002 227771
10003 227536
10004 227844
10005 227962
10006 227706
10007 227381
10008 227603
10009 227744
10010 227702
10011 227909
10012 227651
10013 227537
10014 228221
10015 228254
10016 227415
10017 227932
10018 228016
10019 227497
10020 227893
10021 227354
10022 228191
10023 227793
10024 227044
10025 227620
10026 228015
10027 228211
10028 227532
10029 227888
10030 227647
10031 227162
10032 227514
10033 227551
10034 227648
10035 227535
10036 227175
10037 227492
10038 227589
10039 227225
10040 227142
10041 227158
10042 227495
10043 227587
10044 227141
10045 227328
10046 227114
10047 227123
10048 227061
10049 227815
10050 227501
10051 227673
10052 227606
10053 227465
10054 227291
10055 227633
10056 227800
10057 227474
10058 227404
10059 227126
10060 227339
10061 227256
10062 227617
10063 226907
10064 227650
10065 227452
10066 227298
10067 226924
10068 226995
10069 227475
10070 227503
10071 227749
10072 227084
10073 227053
10074 227282
10075 227695
10076 227567
10077 227121
10078 227522
10079 227814
10080 227842
10081 227565
10082 227468
10083 228104
10084 227791
10085 227434
10086 228038
10087 227048
10088 228034
10089 227732
10090 228153
10091 227586
10092 228017
10093 227686
10094 228181
10095 228224
10096 228208
10097 227581
10098 228377
10099 228084
10100 228147
10101 228297
10102 228541
10103 228087
10104 228607
10105 228406
10106 228329
10107 228897
10108 228160
10109 228674
10110 229109
10111 228471
10112 229258
10113 229204
10114 229278
10115 229726
10116 229563
10117 229470
10118 230129
10119 229617
10120 229563
10121 229510
10122 230105
10123 230411
10124 230573
10125 231334
10126 231112
10127 230363
10128 230715
10129 230960
10130 231085
10131 231530
10132 231217
10133 231242
10134 231299
10135 231297
10136 231421
10137 231318
10138 231392
10139 231870
10140 231815
10141 231046
10142 231662
10143 231062
10144 231019
10145 231123
10146 231212
10147 230605
10148 230544
10149 230196
10150 230535
10151 230221
10152 230340
10153 230209
10154 229782
10155 229425
10156 229422
10157 230283
10158 229673
10159 229242
10160 229206
10161 229170
10162 229322
10163 228940
10164 228784
10165 229064
10166 229363
10167 228576
10168 228203
10169 227989
10170 228373
10171 229374
10172 228248
10173 228401
10174 228166
10175 227998
10176 227895
10177 227856
10178 227809
10179 228390
10180 227664
10181 227808
10182 228766
10183 227916
10184 228002
10185 228303
10186 227765
10187 227328
10188 227916
10189 227132
10190 228174
10191 227814
10192 227609
10193 227492
10194 227436
10195 227253
10196 227559
10197 227325
10198 227110
10199 227822
10200 227314
10201 227449
10202 227524
10203 227785
10204 227244
10205 227098
10206 227294
10207 227582
10208 227152
10209 227362
10210 226948
10211 227568
10212 226928
10213 227357
10214 226961
10215 227107
10216 227381
10217 227384
10218 226954
10219 227123
10220 227244
10221 227507
10222 226945
10223 226791
10224 227460
10225 227113
10226 227271
10227 227145
10228 226578
10229 227115
10230 226393
10231 226810
10232 227233
10233 226735
10234 227341
10235 226824
10236 226649
10237 226982
10238 227010
10239 226599
10240 227379
10241 227084
10242 227122
10243 227014
10244 226485
10245 227127
10246 226849
10247 227142
10248 226516
10249 226850
10250 226678
10251 227101
10252 226823
10253 226822
10254 227371
10255 226611
10256 226884
10257 227217
10258 226872
10259 227009
10260 226921
10261 226737
10262 226734
10263 226528
10264 226789
10265 227225
10266 227111
10267 226790
10268 226101
10269 226488
10270 226744
10271 226315
10272 226230
10273 226471
10274 226454
10275 226421
10276 226691
10277 225903
10278 226455
10279 226665
10280 226679
10281 226217
10282 226368
10283 226192
10284 226749
10285 226242
10286 226012
10287 225870
10288 226586
10289 226357
10290 226350
10291 226062
10292 225956
10293 226452
10294 226640
10295 226343
10296 225893
10297 225823
10298 226306
10299 226107
10300 225932
10301 226368
10302 226698
10303 226434
10304 226388
10305 226693
10306 227058
10307 226433
10308 226145
10309 226202
10310 226114
10311 226131
10312 226245
10313 226245
10314 226181
10315 226438
10316 225775
10317 226280
10318 226078
10319 225932
10320 226018
10321 226282
10322 226530
10323 226405
10324 226434
10325 226452
10326 226232
10327 226179
10328 226025
10329 226671
10330 226516
10331 226351
10332 226233
10333 226609
10334 225907
10335 225853
10336 226533
10337 226298
10338 225934
10339 226106
10340 226360
10341 226173
10342 226093
10343 226407
10344 226183
10345 226178
10346 225803
10347 226464
10348 226423
10349 225805
10350 226238
10351 225818
10352 226336
10353 225844
10354 225714
10355 225755
10356 226449
10357 226247
10358 225894
10359 226567
10360 225862
10361 226334
10362 226144
10363 226355
10364 226012
10365 225946
10366 225550
10367 225778
10368 225928
10369 225867
10370 226039
10371 226213
10372 226179
10373 226424
10374 226404
10375 226495
10376 226160
10377 225898
10378 225663
10379 226048
10380 226122
10381 226368
10382 225592
10383 226221
10384 226276
10385 226581
10386 226114
10387 226508
10388 226504
10389 226265
10390 226269
10391 226028
10392 226058
10393 226560
10394 226512
10395 226949
10396 226399
10397 226790
10398 226404
10399 226995
10400 226700
10401 226888
10402 226312
10403 226365
10404 226526
10405 226558
10406 226138
10407 226638
10408 226181
10409 226393
10410 226193
10411 226506
10412 226078
10413 226298
10414 226575
10415 226214
10416 226770
10417 226965
10418 226691
10419 226595
10420 226698
10421 226612
10422 226589
10423 226542
10424 226000
10425 226949
10426 226916
10427 226452
10428 226142
10429 227051
10430 226475
10431 226699
10432 226114
10433 226412
10434 226959
10435 226123
10436 225989
10437 226227
10438 226185
10439 225920
10440 226258
10441 226332
10442 226184
10443 226206
10444 225706
10445 226104
10446 225586
10447 225864
10448 226124
10449 225764
10450 225734
10451 226040
10452 225589
10453 225766
10454 226367
10455 226260
10456 225999
10457 226632
10458 226403
10459 226406
10460 226129
10461 226103
10462 226082
10463 226381
10464 226331
10465 226264
10466 226167
10467 226485
10468 226630
10469 226422
10470 227119
10471 226940
10472 226901
10473 227227
10474 226934
10475 227014
10476 226513
10477 227091
10478 226548
10479 226848
10480 226726
10481 226774
10482 226461
10483 227230
10484 226618
10485 226960
10486 226877
10487 226632
10488 227165
10489 227371
10490 227028
10491 226804
10492 227340
10493 226592
10494 226748
10495 226926
10496 226494
10497 226620
10498 226746
10499 226602
10500 226786
10501 226397
10502 226742
10503 226889
10504 225821
10505 226746
10506 226514
10507 226452
10508 226450
10509 226184
10510 226465
10511 226747
10512 226453
10513 226120
10514 226713
10515 226746
10516 226303
10517 226199
10518 226541
10519 226058
10520 227106
10521 226114
10522 227200
10523 225500
10524 226897
10525 226166
10526 226491
10527 226862
10528 226522
10529 227015
10530 226975
10531 226652
10532 226736
10533 227372
10534 226552
10535 226905
10536 226957
10537 227053
10538 227070
10539 226600
10540 226909
10541 226954
10542 226603
10543 226545
10544 226919
10545 226448
10546 226166
10547 226452
10548 226945
10549 227333
10550 227070
10551 227358
10552 226634
10553 227134
10554 226934
10555 227150
10556 227278
10557 227031
10558 227245
10559 227270
10560 227505
10561 227597
10562 227477
10563 227387
10564 226876
10565 227155
10566 227477
10567 226723
10568 226882
10569 226959
10570 226748
10571 227060
10572 227197
10573 227107
10574 226892
10575 226765
10576 226706
10577 226609
10578 226894
10579 227073
10580 226823
10581 227187
10582 227033
10583 227016
10584 226898
10585 227224
10586 226935
10587 227522
10588 226955
10589 226730
10590 227524
10591 227260
10592 227256
10593 227627
10594 227186
10595 226865
10596 227628
10597 226858
10598 227422
10599 227741
10600 227385
10601 227482
10602 227487
10603 227749
10604 227631
10605 227865
10606 228386
10607 227211
10608 227609
10609 227781
10610 227848
10611 227714
10612 227742
10613 227848
10614 227998
10615 228106
10616 228032
10617 227978
10618 228053
10619 228285
10620 228255
10621 228561
10622 228302
10623 227982
10624 228340
10625 228234
10626 228480
10627 228364
10628 228860
10629 228591
10630 228842
10631 229014
10632 229365
10633 229496
10634 229193
10635 229423
10636 229378
10637 229695
10638 229656
10639 229453
10640 229589
10641 229826
10642 230131
10643 230095
10644 230091
10645 230164
10646 230403
10647 230299
10648 230367
10649 230691
10650 230499
10651 230675
10652 230868
10653 231144
10654 230916
10655 231015
10656 230806
10657 231735
10658 231095
10659 231284
10660 231536
10661 230833
10662 231064
10663 231610
10664 231574
10665 231014
10666 231412
10667 231021
10668 231027
10669 230780
10670 231162
10671 230456
10672 230411
10673 229611
10674 230344
10675 230142
10676 230386
10677 230192
10678 229559
10679 229819
10680 229603
10681 228857
10682 229524
10683 229194
10684 228972
10685 228654
10686 228835
10687 228915
10688 229158
10689 229068
10690 228464
10691 228746
10692 228561
10693 228187
10694 228488
10695 228370
10696 228244
10697 228254
10698 227685
10699 228086
10700 227950
10701 228051
10702 227742
10703 227651
10704 228115
10705 227268
10706 228396
10707 228065
10708 227339
10709 227727
10710 227403
10711 228092
10712 227994
10713 228014
10714 227926
10715 227908
10716 227232
10717 227595
10718 227344
10719 227616
10720 227598
10721 227747
10722 227810
10723 227773
10724 227776
10725 227480
10726 227918
10727 227982
10728 227500
10729 227449
10730 227751
10731 228172
10732 227711
10733 227646
10734 227726
10735 227798
10736 227238
10737 227323
10738 227694
10739 227411
10740 227382
10741 227113
10742 227485
10743 227146
10744 226817
10745 227161
10746 227304
10747 227210
10748 227429
10749 226943
10750 226915
10751 227399
10752 227254
10753 226902
10754 227611
10755 227570
10756 227784
10757 227391
10758 227593
10759 228033
10760 227415
10761 227326
10762 226736
10763 227690
10764 226891
10765 227553
10766 226830
10767 227184
10768 226650
10769 226778
10770 227349
10771 227339
10772 227176
10773 227153
10774 226774
10775 226775
10776 227338
10777 226726
10778 227005
10779 226903
10780 227203
10781 227100
10782 226808
10783 227279
10784 227103
10785 227317
10786 226945
10787 227100
10788 227015
10789 227221
10790 226624
10791 226604
10792 226871
10793 227329
10794 227506
10795 227018
10796 227057
10797 226855
10798 226920
10799 227267
10800 226944
10801 227463
10802 226750
10803 226988
10804 226992
10805 226587
10806 226617
10807 227223
10808 227072
10809 226925
10810 226873
10811 227131
10812 226526
10813 227002
10814 226334
10815 227189
10816 226866
10817 226926
10818 227509
10819 226774
10820 227073
10821 226990
10822 226650
10823 226873
10824 227077
10825 227180
10826 226720
10827 226980
10828 226453
10829 227038
10830 227204
10831 227270
10832 226831
10833 227172
10834 226841
10835 226648
10836 227126
10837 227101
10838 226826
10839 226985
10840 226628
10841 226721
10842 227007
10843 227016
10844 227347
10845 227320
10846 227450
10847 227302
10848 227278
10849 226986
10850 227232
10851 227107
10852 227314
10853 226951
10854 227517
10855 227111
10856 227137
10857 226681
10858 227160
10859 226743
10860 226887
10861 227355
10862 226920
10863 227352
10864 227027
10865 226969
10866 227230
10867 226889
10868 226920
10869 226852
10870 226835
10871 226627
10872 227169
10873 226954
10874 226885
10875 227072
10876 226839
10877 226898
10878 226745
10879 226808
10880 227296
10881 226961
10882 227126
10883 226940
10884 226315
10885 227068
10886 226613
10887 226543
10888 226551
10889 226911
10890 226829
10891 227458
10892 226677
10893 227056
10894 227022
10895 227046
10896 226747
10897 226557
10898 226734
10899 227201
10900 226836
10901 227275
10902 226928
10903 227221
10904 226629
10905 226961
10906 226986
10907 227149
10908 227091
10909 226858
10910 227102
10911 226624
10912 226714
10913 226745
10914 226794
10915 226176
10916 226748
10917 226805
10918 226703
10919 226831
10920 226795
10921 226282
10922 226870
10923 226939
10924 226699
10925 226639
10926 226829
10927 227146
10928 227113
10929 227124
10930 226338
10931 227373
10932 227056
10933 226119
10934 226464
10935 226717
10936 226658
10937 227186
10938 226440
10939 226700
10940 226689
10941 226412
10942 226496
10943 226688
10944 226800
10945 226632
10946 226478
10947 226573
10948 226228
10949 225958
10950 226604
10951 226343
10952 226724
10953 226701
10954 226219
10955 226374
10956 226167
10957 226852
10958 226586
10959 226793
10960 226466
10961 226943
10962 226772
10963 226461
10964 226270
10965 226445
10966 226620
10967 225864
10968 226724
10969 226621
10970 226638
10971 226321
10972 226241
10973 227084
10974 226525
10975 226569
10976 226344
10977 226753
10978 226461
10979 226488
10980 226821
10981 226736
10982 226553
10983 227203
10984 226644
10985 226464
10986 226510
10987 226544
10988 226720
10989 226541
10990 226718
10991 226358
10992 226627
10993 226565
10994 226521
10995 226515
10996 226556
10997 226635
10998 226488
10999 226772
11000 226187
11001 226332
11002 226418
11003 226355
11004 226666
11005 226606
11006 226621
11007 226415
11008 226281
11009 226372
11010 226726
11011 226342
11012 226600
11013 226196
11014 226320
11015 226820
11016 226252
11017 226704
11018 226383
11019 226070
11020 226575
11021 226451
11022 226291
11023 226404
11024 226350
11025 226291
11026 226425
11027 226499
11028 226064
11029 226285
11030 226617
11031 225863
11032 226506
11033 226405
11034 226378
11035 227023
11036 226746
11037 225876
11038 226650
11039 226275
11040 226015
11041 226778
11042 226233
11043 226917
11044 226716
11045 226486
11046 226578
11047 226200
11048 226656
11049 226592
11050 226671
11051 226488
11052 226754
11053 226486
11054 226656
11055 226884
11056 226485
11057 226945
11058 226220
11059 226904
11060 226268
11061 226746
11062 226750
11063 226746
11064 226364
11065 226543
11066 226292
11067 226925
11068 226525
11069 226746
11070 227362
11071 226387
11072 226193
11073 226229
11074 226677
11075 226264
11076 226322
11077 226772
11078 226819
11079 227026
11080 226524
11081 226169
11082 226500
11083 227233
11084 226984
11085 226852
11086 226699
11087 226842
11088 226649
11089 227182
11090 227240
11091 227039
11092 226570
11093 226517
11094 227176
11095 227187
11096 226758
11097 226609
11098 226893
11099 227186
11100 227613
11101 226552
11102 227374
11103 227485
11104 227339
11105 227245
11106 227367
11107 227085
11108 227775
11109 227126
11110 227949
11111 227268
11112 227361
11113 227512
11114 227939
11115 228044
11116 227945
11117 227998
11118 228358
11119 228130
11120 228517
11121 228625
11122 228826
11123 228967
11124 228668
11125 228966
11126 229739
11127 229178
11128 229727
11129 229481
11130 229568
11131 229411
11132 229972
11133 229578
11134 229981
11135 230302
11136 230017
11137 230053
11138 229780
11139 230159
11140 229860
11141 229968
11142 229769
11143 229692
11144 229929
11145 229518
11146 229583
11147 229459
11148 229335
11149 229196
11150 228694
11151 229293
11152 229122
11153 229298
11154 229031
11155 228174
11156 228029
11157 228410
11158 228324
11159 228303
11160 228143
11161 227818
11162 227625
11163 227180
11164 227581
11165 227521
11166 228172
11167 227806
11168 227693
11169 227474
11170 227098
11171 226655
11172 227246
11173 226522
11174 226531
11175 226449
11176 226217
11177 226662
11178 226506
11179 226291
11180 226353
11181 226289
11182 225563
11183 226336
11184 226423
11185 225983
11186 226181
11187 226057
11188 226397
11189 225968
11190 225361
11191 225933
11192 225668
11193 226254
11194 225568
11195 225444
11196 225597
11197 225230
11198 225528
11199 226170
11200 225602
11201 225722
11202 225421
11203 225837
11204 225257
11205 225372
11206 225762
11207 225166
11208 225758
11209 225444
11210 225375
11211 225686
11212 226159
11213 225349
11214 225546
11215 226139
11216 225609
11217 225799
11218 225207
11219 225700
11220 225719
11221 225530
11222 225798
11223 225396
11224 225318
11225 225839
11226 225256
11227 225392
11228 225342
11229 225565
11230 224716
11231 224754
11232 225350
11233 225627
11234 225373
11235 225521
11236 225472
11237 225372
11238 225355
11239 225407
11240 225520
11241 225764
11242 225884
11243 225632
11244 225447
11245 225305
11246 225352
11247 225030
11248 225526
11249 225522
11250 225172
11251 225157
11252 225493
11253 224764
11254 224796
11255 225183
11256 225143
11257 225048
11258 225286
11259 224913
11260 224766
11261 225430
11262 224830
11263 224817
11264 225642
11265 225134
11266 225035
11267 225362
11268 225148
11269 225545
11270 225881
11271 224874
11272 225349
11273 225863
11274 225067
11275 224876
11276 225455
11277 224594
11278 225309
11279 225255
11280 224805
11281 225179
11282 225089
11283 224577
11284 225331
11285 225225
11286 225144
11287 225141
11288 225400
11289 225493
11290 225050
11291 224775
11292 224965
11293 225015
11294 224994
11295 224672
11296 225051
11297 224576
11298 225132
11299 224703
11300 224668
11301 224756
11302 225093
11303 224908
11304 225181
11305 225484
11306 225197
11307 225327
11308 225384
11309 224992
