H11890
GateTime 100
GateNumber 0
SN 30430302
0 2835911
1 2837117
2 2837666
3 2832620
4 2830903
5 2828898
6 2830686
7 2827920
8 2829031
9 2829683
10 2829088
11 2827768
12 2830290
13 2834223
14 2839006
15 2844473
16 2850722
17 2850914
18 2853660
19 2853968
20 2852190
21 2852477
22 2848908
23 2850863
24 2848794
25 2853219
26 2851683
27 2852157
28 2850979
29 2849909
30 2845734
31 2848991
32 2848737
33 2847347
34 2847120
35 2848081
36 2847394
37 2848053
38 2847053
39 2847663
40 2847842
41 2847571
42 2847119
43 2848230
44 2848871
45 2847118
46 2846845
47 2846386
48 2845666
49 2846553
50 2845167
51 2845615
52 2844162
53 2843201
54 2844597
55 2843197
56 2843101
57 2839870
58 2841147
59 2839856
60 2841933
61 2841204
62 2839399
63 2840801
64 2842419
65 2839955
66 2840375
67 2840953
68 2838999
69 2839318
70 2841527
71 2842145
72 2841347
73 2839970
74 2836897
75 2837117
76 2836078
77 2833399
78 2833665
79 2831836
80 2831692
81 2831306
82 2832485
83 2832210
84 2832177
85 2830404
86 2826816
87 2826475
88 2827942
89 2826399
90 2825374
91 2825581
92 2825801
93 2823822
94 2822018
95 2821807
96 2821932
97 2822594
98 2821707
99 2820972
100 2818365
101 2818511
102 2817609
103 2816760
104 2815578
105 2812451
106 2812605
107 2812195
108 2808763
109 2808868
110 2805952
111 2803177
112 2801058
113 2799539
114 2798124
115 2795959
116 2797132
117 2794384
118 2790967
119 2789938
120 2789184
121 2788332
122 2787064
123 2782990
124 2782452
125 2778710
126 2778163
127 2777674
128 2777366
129 2775477
130 2773529
131 2768966
132 2764716
133 2761192
134 2759525
135 2754896
136 2752774
137 2749060
138 2745338
139 2743308
140 2739511
141 2736071
142 2732007
143 2728332
144 2727090
145 2724062
146 2719705
147 2718781
148 2714202
149 2711685
150 2703707
151 2699720
152 2696163
153 2692624
154 2689861
155 2685285
156 2681156
157 2676551
158 2673274
159 2670646
160 2669108
161 2669808
162 2665835
163 2659294
164 2654742
165 2650764
166 2649824
167 2648380
168 2643907
169 2641861
170 2637958
171 2634047
172 2629968
173 2628191
174 2625453
175 2620427
176 2618170
177 2618009
178 2615139
179 2613434
180 2609742
181 2609473
182 2608124
183 2606586
184 2605054
185 2603542
186 2603157
187 2602466
188 2598843
189 2598600
190 2595196
191 2592808
192 2593427
193 2591124
194 2589751
195 2586928
196 2585600
197 2583016
198 2579827
199 2580101
200 2579992
201 2578838
202 2577424
203 2574475
204 2573430
205 2570076
206 2568806
207 2566454
208 2566901
209 2565082
210 2562858
211 2558942
212 2555424
213 2553559
214 2551056
215 2548525
216 2545710
217 2542659
218 2541487
219 2540257
220 2539312
221 2537812
222 2537943
223 2539074
224 2537766
225 2538903
226 2538772
227 2537521
228 2539908
229 2540265
230 2540688
231 2540118
232 2545016
233 2544676
234 2544646
235 2546689
236 2549421
237 2553590
238 2554041
239 2554896
240 2557426
241 2559561
242 2562211
243 2565417
244 2566041
245 2569753
246 2569905
247 2572116
248 2572773
249 2574275
250 2576529
251 2576932
252 2578718
253 2580750
254 2583182
255 2587331
256 2587390
257 2589124
258 2591000
259 2595352
260 2595542
261 2594885
262 2595876
263 2598964
264 2599918
265 2600752
266 2610835
267 2610811
268 2613174
269 2614666
270 2612384
271 2616805
272 2621195
273 2628474
274 2626993
275 2629813
276 2632764
277 2635262
278 2637555
279 2641429
280 2644141
281 2647514
282 2649817
283 2649567
284 2651765
285 2652314
286 2655059
287 2658100
288 2662619
289 2662663
290 2661933
291 2662534
292 2665637
293 2665682
294 2670301
295 2671781
296 2671213
297 2674888
298 2676985
299 2676601
300 2680081
301 2679902
302 2683051
303 2682637
304 2686012
305 2688135
306 2686535
307 2685930
308 2685675
309 2685856
310 2688223
311 2689707
312 2689687
313 2689436
314 2692588
315 2692732
316 2694539
317 2694977
318 2695084
319 2696315
320 2695744
321 2696555
322 2694496
323 2693091
324 2693278
325 2691083
326 2691274
327 2691249
328 2690112
329 2689496
330 2688624
331 2689492
332 2687893
333 2690112
334 2688430
335 2686835
336 2686997
337 2684956
338 2683904
339 2684758
340 2686468
341 2691700
342 2690395
343 2689190
344 2690550
345 2688710
346 2688871
347 2688832
348 2687187
349 2684337
350 2686160
351 2685797
352 2687272
353 2687391
354 2687023
355 2686515
356 2688501
357 2688063
358 2689117
359 2689360
360 2689549
361 2690668
362 2691130
363 2690709
364 2691265
365 2691792
366 2692930
367 2695822
368 2699268
369 2699651
370 2698493
371 2694895
372 2695887
373 2694634
374 2697030
375 2696585
376 2698140
377 2699195
378 2698500
379 2697866
380 2698154
381 2701672
382 2702013
383 2703618
384 2706530
385 2706884
386 2706808
387 2705746
388 2705251
389 2707057
390 2708161
391 2709182
392 2709433
393 2709457
394 2710254
395 2710506
396 2713646
397 2713016
398 2715477
399 2716819
400 2720069
401 2718224
402 2717520
403 2717949
404 2720652
405 2719042
406 2717368
407 2718385
408 2721913
409 2720927
410 2720902
411 2723478
412 2721433
413 2722737
414 2724653
415 2725762
416 2727458
417 2729139
418 2730199
419 2732934
420 2733917
421 2735451
422 2736730
423 2739402
424 2740320
425 2739608
426 2739372
427 2742850
428 2742064
429 2742685
430 2743594
431 2746683
432 2750662
433 2751527
434 2753424
435 2753319
436 2752131
437 2754759
438 2757731
439 2758641
440 2760828
441 2759601
442 2759945
443 2761007
444 2763485
445 2765667
446 2763392
447 2763527
448 2766038
449 2767492
450 2766476
451 2765895
452 2768301
453 2767892
454 2768477
455 2771127
456 2771173
457 2772601
458 2771310
459 2773161
460 2773269
461 2773051
462 2769731
463 2773045
464 2773104
465 2771490
466 2773586
467 2775176
468 2778385
469 2779483
470 2780843
471 2780522
472 2783999
473 2785015
474 2790022
475 2791650
476 2788958
477 2787636
478 2791618
479 2791041
480 2794678
481 2795875
482 2796965
483 2799857
484 2797882
485 2801659
486 2801615
487 2801339
488 2800014
489 2801241
490 2804233
491 2809027
492 2808174
493 2806391
494 2808246
495 2813371
496 2815458
497 2810742
498 2810887
499 2816206
500 2811126
501 2811657
502 2814644
503 2820434
504 2818879
505 2817818
506 2820718
507 2822416
508 2820381
509 2821874
510 2821473
511 2823164
512 2822101
513 2822772
514 2825776
515 2824594
516 2825886
517 2825903
518 2825486
519 2825909
520 2825234
521 2823205
522 2824141
523 2825139
524 2823387
525 2824562
526 2824397
527 2823745
528 2824755
529 2825126
530 2824588
531 2822165
532 2820333
533 2821677
534 2826418
535 2824893
536 2825753
537 2824471
538 2821909
539 2822216
540 2822924
541 2824384
542 2824331
543 2822087
544 2822353
545 2824185
546 2822748
547 2826405
548 2829572
549 2826177
550 2828171
551 2829079
552 2824697
553 2822369
554 2820345
555 2823082
556 2822710
557 2822004
558 2823101
559 2822229
560 2823055
561 2822634
562 2823257
563 2822708
564 2820971
565 2821276
566 2819423
567 2820143
568 2821349
569 2820208
570 2817464
571 2816765
572 2816408
573 2816852
574 2814407
575 2814692
576 2813374
577 2813863
578 2810568
579 2811795
580 2813935
581 2813223
582 2813753
583 2813052
584 2812656
585 2814149
586 2814334
587 2814105
588 2812643
589 2815603
590 2815367
591 2816562
592 2817075
593 2816526
594 2816156
595 2816084
596 2817259
597 2818774
598 2817517
599 2819478
600 2819147
601 2820150
602 2821136
603 2822486
604 2822637
605 2822996
606 2823669
607 2822644
608 2824874
609 2826489
610 2827207
611 2829544
612 2826653
613 2825811
614 2827510
615 2827245
616 2827855
617 2828406
618 2827891
619 2831027
620 2830984
621 2831332
622 2831424
623 2831617
624 2833493
625 2830604
626 2831874
627 2829661
628 2832063
629 2833037
630 2833183
631 2834714
632 2834905
633 2833687
634 2834824
635 2837789
636 2836262
637 2834152
638 2836240
639 2839231
640 2840058
641 2839555
642 2837666
643 2838094
644 2842583
645 2842948
646 2843453
647 2841125
648 2839355
649 2835124
650 2834379
651 2835932
652 2835416
653 2836895
654 2835642
655 2836713
656 2837293
657 2835872
658 2837669
659 2838813
660 2841225
661 2843066
662 2843201
663 2842889
664 2844579
665 2846247
666 2847598
667 2848455
668 2846088
669 2845224
670 2841925
671 2842576
672 2841567
673 2840883
674 2841146
675 2838753
676 2839538
677 2838426
678 2838816
679 2836853
680 2837111
681 2836952
682 2835304
683 2836352
684 2838637
685 2840883
686 2840516
687 2841014
688 2839009
689 2840439
690 2840330
691 2840536
692 2841387
693 2840822
694 2838777
695 2839784
696 2840662
697 2840623
698 2839934
699 2841258
700 2838997
701 2839452
702 2840725
703 2840417
704 2840800
705 2839924
706 2840349
707 2841008
708 2840189
709 2838810
710 2838571
711 2838907
712 2839708
713 2839688
714 2840716
715 2838699
716 2839683
717 2840867
718 2840484
719 2839168
720 2839101
721 2838543
722 2836753
723 2838925
724 2839360
725 2840720
726 2839499
727 2839131
728 2838664
729 2837217
730 2837926
731 2839752
732 2839377
733 2841501
734 2839461
735 2839957
736 2841316
737 2839483
738 2839012
739 2837343
740 2838528
741 2836243
742 2837326
743 2836157
744 2837299
745 2837699
746 2837790
747 2837791
748 2837699
749 2832598
750 2832087
751 2832286
752 2831744
753 2831907
754 2830263
755 2832876
756 2834615
757 2831946
758 2831058
759 2832210
760 2830529
761 2828989
762 2828618
763 2826480
764 2829393
765 2827738
766 2825597
767 2825477
768 2827419
769 2830730
770 2826249
771 2826918
772 2824403
773 2825640
774 2824639
775 2828748
776 2825585
777 2826079
778 2823655
779 2822483
780 2821802
781 2820489
782 2819468
783 2816592
784 2817198
785 2814753
786 2817976
787 2816472
788 2813988
789 2811926
790 2813118
791 2810761
792 2809156
793 2808874
794 2805304
795 2804259
796 2802712
797 2802759
798 2803594
799 2805758
800 2804008
801 2803671
802 2803550
803 2801204
804 2794792
805 2793172
806 2791372
807 2793028
808 2793777
809 2792902
810 2791431
811 2792034
812 2792398
813 2792109
814 2791393
815 2791689
816 2791151
817 2792862
818 2791741
819 2791172
820 2789298
821 2787965
822 2786763
823 2785577
824 2785251
825 2784899
826 2783098
827 2783948
828 2781427
829 2779062
830 2777171
831 2778354
832 2774837
833 2775508
834 2774668
835 2772040
836 2770273
837 2767588
838 2768134
839 2768026
840 2765487
841 2769325
842 2768195
843 2764713
844 2762668
845 2759877
846 2759588
847 2760063
848 2759198
849 2758659
850 2758863
851 2756316
852 2756779
853 2753647
854 2750339
855 2749010
856 2752275
857 2750822
858 2749895
859 2748668
860 2746533
861 2747108
862 2747331
863 2747375
864 2743985
865 2745163
866 2744044
867 2741503
868 2735840
869 2737716
870 2739822
871 2738922
872 2735103
873 2734005
874 2733991
875 2732774
876 2732032
877 2728945
878 2727055
879 2728767
880 2728030
881 2727867
882 2726297
883 2723554
884 2719935
885 2718096
886 2718534
887 2713337
888 2716329
889 2717042
890 2713780
891 2712192
892 2712066
893 2711853
894 2712441
895 2711345
896 2712346
897 2711687
898 2710555
899 2708783
900 2707875
901 2709938
902 2710930
903 2708436
904 2710847
905 2710945
906 2711635
907 2715041
908 2715667
909 2713718
910 2716144
911 2714816
912 2715412
913 2717926
914 2720642
915 2721499
916 2723852
917 2724984
918 2721847
919 2721119
920 2719290
921 2721538
922 2724427
923 2727079
924 2728004
925 2726350
926 2728411
927 2729428
928 2729405
929 2732714
930 2733757
931 2738028
932 2740631
933 2738945
934 2739846
935 2741867
936 2746089
937 2748566
938 2750033
939 2746064
940 2749498
941 2750675
942 2751654
943 2752907
944 2752984
945 2757204
946 2759587
947 2764702
948 2765175
949 2764915
950 2768560
951 2768568
952 2768906
953 2772506
954 2774464
955 2774943
956 2776934
957 2781916
958 2780839
959 2777499
960 2778097
961 2780224
962 2782336
963 2785322
964 2783721
965 2785766
966 2791128
967 2794217
968 2793110
969 2793930
970 2790964
971 2794828
972 2794886
973 2794530
974 2795143
975 2796529
976 2797904
977 2797922
978 2798521
979 2797815
980 2797834
981 2798005
982 2797138
983 2798959
984 2798995
985 2799707
986 2801126
987 2802251
988 2799855
989 2799971
990 2799461
991 2799255
992 2800072
993 2802141
994 2801245
995 2802713
996 2807073
997 2811947
998 2814172
999 2813516
1000 2812690
1001 2811958
1002 2810384
1003 2806543
1004 2807479
1005 2808940
1006 2809481
1007 2810027
1008 2809005
1009 2811181
1010 2812573
1011 2810445
1012 2811656
1013 2813205
1014 2813620
1015 2815020
1016 2816093
1017 2815323
1018 2815009
1019 2815331
1020 2817023
1021 2819753
1022 2818793
1023 2822308
1024 2820900
1025 2822261
1026 2822265
1027 2823676
1028 2824451
1029 2822485
1030 2825080
1031 2825037
1032 2829352
1033 2828623
1034 2827669
1035 2826515
1036 2828176
1037 2827913
1038 2829179
1039 2829098
1040 2830399
1041 2830690
1042 2831375
1043 2831796
1044 2830529
1045 2829564
1046 2831361
1047 2833842
1048 2835535
1049 2834887
1050 2833707
1051 2834583
1052 2836091
1053 2835929
1054 2838160
1055 2839532
1056 2839924
1057 2838674
1058 2839960
1059 2839801
1060 2837754
1061 2838768
1062 2836268
1063 2837750
1064 2836532
1065 2835848
1066 2836866
1067 2836970
1068 2836259
1069 2835426
1070 2837868
1071 2836939
1072 2838123
1073 2839463
1074 2840505
1075 2839698
1076 2838077
1077 2836330
1078 2836269
1079 2837286
1080 2838609
1081 2839086
1082 2840078
1083 2841939
1084 2840555
1085 2835637
1086 2838021
1087 2837692
1088 2834193
1089 2838899
1090 2838731
1091 2837152
1092 2837317
1093 2837702
1094 2839409
1095 2838193
1096 2835733
1097 2836393
1098 2834841
1099 2835488
1100 2837141
1101 2835244
1102 2835550
1103 2836391
1104 2835033
1105 2833662
1106 2832136
1107 2834673
1108 2832456
1109 2833554
1110 2834346
1111 2833413
1112 2832199
1113 2833712
1114 2833122
1115 2830904
1116 2831098
1117 2831425
1118 2829897
1119 2829508
1120 2830438
1121 2831053
1122 2831709
1123 2832965
1124 2834075
1125 2831086
1126 2832057
1127 2829678
1128 2832788
1129 2831580
1130 2831401
1131 2829323
1132 2830148
1133 2828145
1134 2826463
1135 2826008
1136 2825044
1137 2825193
1138 2825651
1139 2824904
1140 2821159
1141 2820815
1142 2820519
1143 2820793
1144 2821449
1145 2821507
1146 2825105
1147 2823815
1148 2822599
1149 2822672
1150 2821459
1151 2824990
1152 2824564
1153 2827107
1154 2825737
1155 2828577
1156 2826478
1157 2826750
1158 2823710
1159 2824658
1160 2823658
1161 2823748
1162 2823416
1163 2821853
1164 2822100
1165 2823948
1166 2823149
1167 2821908
1168 2824393
1169 2828430
1170 2828166
1171 2825709
1172 2829046
1173 2832611
1174 2831901
1175 2827143
1176 2827414
1177 2827310
1178 2827921
1179 2828263
1180 2827754
1181 2827429
1182 2827599
1183 2825634
1184 2825361
1185 2822862
1186 2821603
1187 2822592
1188 2823198
1189 2822622
1190 2820498
1191 2819376
1192 2821367
1193 2822712
1194 2821749
1195 2822635
1196 2822109
1197 2822371
1198 2820304
1199 2820417
1200 2819452
1201 2819470
1202 2820722
1203 2821191
1204 2818958
1205 2818937
1206 2818641
1207 2816801
1208 2817287
1209 2816560
1210 2815841
1211 2816213
1212 2813556
1213 2815109
1214 2813346
1215 2813223
1216 2812963
1217 2813740
1218 2813050
1219 2810048
1220 2808166
1221 2807186
1222 2806109
1223 2810554
1224 2811927
1225 2809990
1226 2805457
1227 2804381
1228 2804074
1229 2802434
1230 2799964
1231 2800922
1232 2799306
1233 2799894
1234 2798199
1235 2796686
1236 2795085
1237 2792997
1238 2796474
1239 2804626
1240 2803570
1241 2798930
1242 2796457
1243 2793014
1244 2786286
1245 2780058
1246 2781586
1247 2783030
1248 2780030
1249 2776083
1250 2777609
1251 2776055
1252 2771512
1253 2772485
1254 2774533
1255 2773248
1256 2772098
1257 2774138
1258 2772124
1259 2770098
1260 2765127
1261 2761493
1262 2760467
1263 2757114
1264 2757785
1265 2751587
1266 2749586
1267 2745578
1268 2746390
1269 2745314
1270 2742995
1271 2741021
1272 2737977
1273 2736560
1274 2735867
1275 2734490
1276 2732161
1277 2729835
1278 2728417
1279 2724068
1280 2723764
1281 2724416
1282 2721408
1283 2720523
1284 2718014
1285 2715606
1286 2713913
1287 2711156
1288 2708301
1289 2709333
1290 2709164
1291 2704816
1292 2705250
1293 2704621
1294 2700766
1295 2697401
1296 2701558
1297 2698938
1298 2700484
1299 2697602
1300 2698871
1301 2701184
1302 2700901
1303 2698781
1304 2698524
1305 2696789
1306 2697912
1307 2696951
1308 2689943
1309 2691118
1310 2692639
1311 2690856
1312 2691340
1313 2690777
1314 2690725
1315 2690869
1316 2690715
1317 2689447
1318 2685274
1319 2687138
1320 2685857
1321 2688923
1322 2691888
1323 2692761
1324 2685866
1325 2687970
1326 2687149
1327 2686073
1328 2683467
1329 2683914
1330 2681657
1331 2680170
1332 2680599
1333 2680454
1334 2682577
1335 2682236
1336 2683599
1337 2685219
1338 2680823
1339 2680393
1340 2681637
1341 2679931
1342 2681225
1343 2682304
1344 2680468
1345 2682734
1346 2681292
1347 2681650
1348 2683456
1349 2683423
1350 2681471
1351 2682158
1352 2682770
1353 2684691
1354 2685052
1355 2683734
1356 2684571
1357 2687576
1358 2685638
1359 2687331
1360 2683196
1361 2680250
1362 2680263
1363 2683217
1364 2683008
1365 2681030
1366 2678902
1367 2674590
1368 2674861
1369 2677573
1370 2675843
1371 2673127
1372 2672608
1373 2671149
1374 2667624
1375 2668265
1376 2669127
1377 2669917
1378 2668837
1379 2665116
1380 2664971
1381 2662924
1382 2660750
1383 2659529
1384 2660860
1385 2658574
1386 2657212
1387 2653126
1388 2655613
1389 2651486
1390 2649645
1391 2647592
1392 2644933
1393 2645138
1394 2646694
1395 2641062
1396 2637991
1397 2633875
1398 2629008
1399 2627729
1400 2624556
1401 2622125
1402 2620377
1403 2618666
1404 2618318
1405 2614588
1406 2611560
1407 2609714
1408 2605820
1409 2603288
1410 2601971
1411 2598350
1412 2596055
1413 2592418
1414 2589523
1415 2584838
1416 2581607
1417 2578978
1418 2578401
1419 2574901
1420 2575429
1421 2571930
1422 2570401
1423 2568724
1424 2566914
1425 2564376
1426 2561872
1427 2559482
1428 2556183
1429 2555318
1430 2552038
1431 2552278
1432 2549945
1433 2545655
1434 2544976
1435 2545906
1436 2544838
1437 2542511
1438 2540447
1439 2540653
1440 2540085
1441 2540934
1442 2541345
1443 2538997
1444 2535648
1445 2538277
1446 2538211
1447 2537312
1448 2541165
1449 2541077
1450 2539309
1451 2536712
1452 2534519
1453 2534594
1454 2532704
1455 2531952
1456 2529132
1457 2528566
1458 2527215
1459 2524666
1460 2525533
1461 2522125
1462 2520198
1463 2520262
1464 2519121
1465 2517111
1466 2515525
1467 2516013
1468 2515140
1469 2513082
1470 2508853
1471 2507629
1472 2504893
1473 2502206
1474 2500657
1475 2497281
1476 2493697
1477 2490019
1478 2487523
1479 2482032
1480 2480097
1481 2477805
1482 2477716
1483 2477381
1484 2474487
1485 2474224
1486 2475171
1487 2473962
1488 2474653
1489 2472988
1490 2471769
1491 2472252
1492 2471186
1493 2470057
1494 2469762
1495 2470221
1496 2468470
1497 2469037
1498 2470501
1499 2468350
1500 2466184
1501 2463936
1502 2463212
1503 2463393
1504 2460808
1505 2459030
1506 2460062
1507 2456587
1508 2455305
1509 2453717
1510 2451764
1511 2451667
1512 2447964
1513 2446130
1514 2442357
1515 2439410
1516 2440838
1517 2441729
1518 2444660
1519 2442976
1520 2442321
1521 2441032
1522 2440413
1523 2441659
1524 2445045
1525 2444253
1526 2446363
1527 2447298
1528 2447600
1529 2450807
1530 2454773
1531 2457089
1532 2459284
1533 2462651
1534 2467390
1535 2469090
1536 2472068
1537 2475328
1538 2481847
1539 2487716
1540 2492837
1541 2495339
1542 2499148
1543 2502735
1544 2508680
1545 2514802
1546 2518890
1547 2522622
1548 2522998
1549 2526228
1550 2534581
1551 2540489
1552 2546082
1553 2552873
1554 2555993
1555 2559466
1556 2569043
1557 2573156
1558 2579828
1559 2581433
1560 2587748
1561 2591988
1562 2597140
1563 2601457
1564 2603900
1565 2608270
1566 2615995
1567 2620703
1568 2625479
1569 2631040
1570 2635252
1571 2640361
1572 2646210
1573 2647197
1574 2650838
1575 2656952
1576 2660305
1577 2664685
1578 2670211
1579 2677143
1580 2678437
1581 2682508
1582 2687712
1583 2691895
1584 2694160
1585 2694220
1586 2695428
1587 2699823
1588 2699689
1589 2702101
1590 2706232
1591 2709015
1592 2710877
1593 2716285
1594 2719262
1595 2721024
1596 2723553
1597 2730638
1598 2733435
1599 2735467
1600 2734892
1601 2738534
1602 2743544
1603 2747640
1604 2748809
1605 2750752
1606 2751858
1607 2753193
1608 2755380
1609 2756483
1610 2757226
1611 2757805
1612 2759573
1613 2758719
1614 2758732
1615 2758655
1616 2759929
1617 2766309
1618 2771393
1619 2770118
1620 2768052
1621 2764551
1622 2766194
1623 2770159
1624 2769511
1625 2770527
1626 2774927
1627 2776541
1628 2774747
1629 2776162
1630 2776499
1631 2772711
1632 2775226
1633 2775721
1634 2777227
1635 2778275
1636 2781025
1637 2779374
1638 2779664
1639 2780586
1640 2783344
1641 2785433
1642 2785622
1643 2788641
1644 2789774
1645 2791933
1646 2791955
1647 2792910
1648 2790327
1649 2790596
1650 2791671
1651 2792953
1652 2793488
1653 2792318
1654 2791688
1655 2791777
1656 2793167
1657 2790984
1658 2792419
1659 2794633
1660 2794750
1661 2792305
1662 2791536
1663 2792910
1664 2791352
1665 2791241
1666 2791246
1667 2792598
1668 2794519
1669 2793161
1670 2790703
1671 2791675
1672 2792943
1673 2788981
1674 2789482
1675 2787058
1676 2786422
1677 2788615
1678 2790234
1679 2787263
1680 2785188
1681 2782908
1682 2784334
1683 2783559
1684 2783802
1685 2779644
1686 2778261
1687 2777517
1688 2778643
1689 2781518
1690 2779756
1691 2780348
1692 2780733
1693 2780366
1694 2776767
1695 2779060
1696 2780126
1697 2775224
1698 2770996
1699 2769424
1700 2770480
1701 2772006
1702 2772186
1703 2769926
1704 2768000
1705 2768374
1706 2767599
1707 2769228
1708 2768222
1709 2767169
1710 2765528
1711 2765647
1712 2765254
1713 2764020
1714 2763417
1715 2763872
1716 2760884
1717 2758922
1718 2759049
1719 2757180
1720 2754805
1721 2756192
1722 2756699
1723 2753916
1724 2753353
1725 2750899
1726 2749770
1727 2749774
1728 2747499
1729 2744590
1730 2747725
1731 2743414
1732 2741979
1733 2741081
1734 2736460
1735 2737202
1736 2733889
1737 2731013
1738 2729536
1739 2729626
1740 2724997
1741 2721024
1742 2719433
1743 2717817
1744 2716646
1745 2716023
1746 2714347
1747 2714403
1748 2710273
1749 2705535
1750 2703320
1751 2699836
1752 2696779
1753 2695982
1754 2694032
1755 2691102
1756 2690367
1757 2689620
1758 2688437
1759 2684300
1760 2679088
1761 2677067
1762 2676187
1763 2676010
1764 2675769
1765 2676495
1766 2671797
1767 2670567
1768 2666274
1769 2668527
1770 2667388
1771 2670179
1772 2670329
1773 2667021
1774 2666142
1775 2667090
1776 2667908
1777 2667643
1778 2668851
1779 2668972
1780 2669219
1781 2672495
1782 2675393
1783 2675950
1784 2675879
1785 2676357
1786 2674863
1787 2674986
1788 2673165
1789 2673983
1790 2671776
1791 2673562
1792 2672066
1793 2669628
1794 2672127
1795 2672344
1796 2670819
1797 2669664
1798 2665919
1799 2666391
1800 2666295
1801 2666882
1802 2665988
1803 2666216
1804 2664711
1805 2665185
1806 2662387
1807 2660775
1808 2664114
1809 2662554
1810 2662648
1811 2665501
1812 2662153
1813 2659327
1814 2652879
1815 2650836
1816 2654438
1817 2654911
1818 2656424
1819 2656546
1820 2658691
1821 2657400
1822 2657790
1823 2653008
1824 2651700
1825 2649568
1826 2649383
1827 2648901
1828 2650641
1829 2648379
1830 2646153
1831 2644123
1832 2643364
1833 2642333
1834 2644603
1835 2643073
1836 2643337
1837 2642246
1838 2642585
1839 2643418
1840 2641379
1841 2643171
1842 2642557
1843 2641625
1844 2643232
1845 2640791
1846 2641291
1847 2640300
1848 2638326
1849 2638032
1850 2637426
1851 2637578
1852 2634197
1853 2632508
1854 2631056
1855 2628715
1856 2627231
1857 2625264
1858 2622972
1859 2619582
1860 2615845
1861 2612448
1862 2609768
1863 2608572
1864 2604613
1865 2601169
1866 2598026
1867 2593718
1868 2589310
1869 2582448
1870 2578482
1871 2575692
1872 2574874
1873 2573453
1874 2569225
1875 2566019
1876 2564072
1877 2559397
1878 2558419
1879 2556093
1880 2554672
1881 2551708
1882 2550721
1883 2549384
1884 2548374
1885 2547557
1886 2544091
1887 2544685
1888 2541846
1889 2542301
1890 2539155
1891 2537818
1892 2538638
1893 2537388
1894 2536875
1895 2535630
1896 2534408
1897 2530098
1898 2530634
1899 2527913
1900 2526368
1901 2524974
1902 2523046
1903 2523165
1904 2521235
1905 2520925
1906 2520320
1907 2519306
1908 2517350
1909 2516330
1910 2511912
1911 2514210
1912 2511716
1913 2514759
1914 2515973
1915 2515950
1916 2516388
1917 2517021
1918 2516168
1919 2516298
1920 2515658
1921 2514879
1922 2518636
1923 2519018
1924 2517884
1925 2517772
1926 2515292
1927 2513499
1928 2514033
1929 2514890
1930 2513395
1931 2512465
1932 2510774
1933 2511301
1934 2509485
1935 2505428
1936 2506124
1937 2502588
1938 2500289
1939 2498694
1940 2496337
1941 2493830
1942 2492778
1943 2492016
1944 2491549
1945 2490053
1946 2481219
1947 2473827
1948 2471499
1949 2467266
1950 2462622
1951 2459526
1952 2456281
1953 2456242
1954 2455366
1955 2451385
1956 2445194
1957 2442887
1958 2438822
1959 2433465
1960 2432977
1961 2429063
1962 2424541
1963 2419828
1964 2416214
1965 2410223
1966 2408030
1967 2402572
1968 2397744
1969 2396723
1970 2394158
1971 2390907
1972 2390156
1973 2385345
1974 2385390
1975 2385323
1976 2379713
1977 2375127
1978 2372304
1979 2372186
1980 2368129
1981 2369492
1982 2367184
1983 2362606
1984 2359140
1985 2359438
1986 2357108
1987 2352851
1988 2349814
1989 2346257
1990 2344637
1991 2341485
1992 2338892
1993 2337659
1994 2336958
1995 2335626
1996 2331747
1997 2330076
1998 2325636
1999 2324806
2000 2325563
2001 2325760
2002 2321155
2003 2319678
2004 2319851
2005 2317263
2006 2315980
2007 2314480
2008 2316242
2009 2314338
2010 2313384
2011 2311712
2012 2312238
2013 2310485
2014 2308525
2015 2303746
2016 2300852
2017 2298179
2018 2297908
2019 2298616
2020 2299255
2021 2298506
2022 2296983
2023 2295327
2024 2295933
2025 2295541
2026 2294702
2027 2294600
2028 2288514
2029 2289758
2030 2287717
2031 2284710
2032 2285306
2033 2284352
2034 2279919
2035 2275570
2036 2276582
2037 2280594
2038 2281998
2039 2279647
2040 2282999
2041 2283044
2042 2284996
2043 2286504
2044 2289535
2045 2291713
2046 2294227
2047 2294180
2048 2297024
2049 2302004
2050 2302658
2051 2304432
2052 2306333
2053 2309644
2054 2311391
2055 2314651
2056 2317978
2057 2322262
2058 2324456
2059 2325404
2060 2329953
2061 2333658
2062 2335079
2063 2335911
2064 2341268
2065 2344118
2066 2346647
2067 2348429
2068 2350000
2069 2350619
2070 2352534
2071 2353237
2072 2354707
2073 2356754
2074 2358744
2075 2363075
2076 2366182
2077 2368558
2078 2371430
2079 2372888
2080 2373799
2081 2377034
2082 2378579
2083 2382332
2084 2387939
2085 2394422
2086 2395951
2087 2398640
2088 2401586
2089 2405085
2090 2405564
2091 2409781
2092 2411971
2093 2417045
2094 2416803
2095 2418585
2096 2422622
2097 2426991
2098 2426620
2099 2429190
2100 2429618
2101 2432351
2102 2434387
2103 2434042
2104 2436187
2105 2436370
2106 2437117
2107 2436157
2108 2437954
2109 2438009
2110 2438130
2111 2437164
2112 2438760
2113 2437281
2114 2437558
2115 2437316
2116 2438413
2117 2440920
2118 2443174
2119 2442535
2120 2445532
2121 2447030
2122 2449266
2123 2448315
2124 2452354
2125 2457630
2126 2460323
2127 2464447
2128 2468589
2129 2471325
2130 2476719
2131 2479591
2132 2487175
2133 2493396
2134 2500923
2135 2510612
2136 2517009
2137 2528459
2138 2531523
2139 2538691
2140 2545106
2141 2552053
2142 2559957
2143 2567529
2144 2574584
2145 2583067
2146 2588405
2147 2594303
2148 2602005
2149 2609025
2150 2617850
2151 2633303
2152 2641654
2153 2637730
2154 2636587
2155 2645828
2156 2654973
2157 2660634
2158 2662223
2159 2669291
2160 2671122
2161 2674247
2162 2680260
2163 2686365
2164 2688692
2165 2697369
2166 2701927
2167 2702508
2168 2707382
2169 2711199
2170 2715274
2171 2717295
2172 2722030
2173 2723704
2174 2726574
2175 2730559
2176 2732426
2177 2735979
2178 2742393
2179 2744292
2180 2750540
2181 2750154
2182 2752061
2183 2747099
2184 2743053
2185 2745412
2186 2744092
2187 2746905
2188 2749524
2189 2752739
2190 2751721
2191 2755339
2192 2757651
2193 2759711
2194 2756364
2195 2755513
2196 2757811
2197 2757559
2198 2759175
2199 2761272
2200 2760787
2201 2759763
2202 2760327
2203 2760017
2204 2761202
2205 2761118
2206 2759883
2207 2758468
2208 2757818
2209 2754875
2210 2755757
2211 2755841
2212 2754955
2213 2754117
2214 2754277
2215 2753382
2216 2752291
2217 2750412
2218 2751788
2219 2750253
2220 2748933
2221 2749342
2222 2749575
2223 2751171
2224 2753313
2225 2753796
2226 2752209
2227 2750518
2228 2751861
2229 2751602
2230 2750303
2231 2750577
2232 2749837
2233 2747073
2234 2743844
2235 2744743
2236 2749088
2237 2745804
2238 2742696
2239 2741276
2240 2738719
2241 2738573
2242 2741649
2243 2739830
2244 2737610
2245 2739434
2246 2740821
2247 2740525
2248 2740225
2249 2739308
2250 2738863
2251 2739072
2252 2734469
2253 2733688
2254 2735916
2255 2735994
2256 2734631
2257 2735306
2258 2733887
2259 2734282
2260 2731273
2261 2738724
2262 2735935
2263 2730709
2264 2733190
2265 2734813
2266 2737619
2267 2737997
2268 2737424
2269 2739071
2270 2738082
2271 2736872
2272 2737328
2273 2738088
2274 2738710
2275 2739664
2276 2740387
2277 2739173
2278 2737276
2279 2734734
2280 2735430
2281 2733244
2282 2731868
2283 2731076
2284 2730184
2285 2728121
2286 2724934
2287 2728090
2288 2732768
2289 2733852
2290 2735975
2291 2725988
2292 2732051
2293 2732311
2294 2734775
2295 2736152
2296 2731466
2297 2732039
2298 2734021
2299 2732777
2300 2736497
2301 2739911
2302 2739433
2303 2737073
2304 2736131
2305 2736315
2306 2736191
2307 2736077
2308 2741157
2309 2739386
2310 2736943
2311 2734742
2312 2739567
2313 2742077
2314 2741597
2315 2743924
2316 2741754
2317 2742032
2318 2743241
2319 2742031
2320 2742502
2321 2744226
2322 2746245
2323 2747955
2324 2747214
2325 2750566
2326 2749941
2327 2752347
2328 2752263
2329 2752710
2330 2757224
2331 2757843
2332 2755898
2333 2756685
2334 2762434
2335 2765127
2336 2765925
2337 2766753
2338 2760742
2339 2766170
2340 2769741
2341 2767461
2342 2769407
2343 2768141
2344 2769510
2345 2768901
2346 2771118
2347 2772924
2348 2773279
2349 2771246
2350 2770661
2351 2770581
2352 2772728
2353 2774982
2354 2775207
2355 2775448
2356 2776194
2357 2777080
2358 2775053
2359 2773941
2360 2769997
2361 2769846
2362 2774629
2363 2773611
2364 2774876
2365 2774470
2366 2774741
2367 2775461
2368 2774100
2369 2773588
2370 2770813
2371 2769105
2372 2765746
2373 2769682
2374 2768171
2375 2763282
2376 2765191
2377 2765732
2378 2762241
2379 2762540
2380 2761510
2381 2760379
2382 2762214
2383 2762296
2384 2756118
2385 2755985
2386 2758879
2387 2754086
2388 2751521
2389 2750195
2390 2749192
2391 2748861
2392 2748555
2393 2747027
2394 2747942
2395 2747570
2396 2747505
2397 2746532
2398 2751159
2399 2747582
2400 2742385
2401 2740286
2402 2738660
2403 2737644
2404 2735191
2405 2736346
2406 2734785
2407 2731499
2408 2730312
2409 2732382
2410 2732533
2411 2730116
2412 2727845
2413 2725991
2414 2724312
2415 2724324
2416 2721958
2417 2722198
2418 2722790
2419 2721585
2420 2722546
2421 2720765
2422 2718809
2423 2719925
2424 2721138
2425 2720392
2426 2717636
2427 2714684
2428 2719112
2429 2720679
2430 2718022
2431 2717871
2432 2712095
2433 2711386
2434 2711355
2435 2706566
2436 2707716
2437 2707236
2438 2707807
2439 2706218
2440 2706789
2441 2705879
2442 2700067
2443 2701314
2444 2701093
2445 2700077
2446 2700584
2447 2700850
2448 2702073
2449 2701946
2450 2704642
2451 2702617
2452 2701472
2453 2700994
2454 2702594
2455 2703324
2456 2702906
2457 2702784
2458 2699967
2459 2699269
2460 2704363
2461 2707875
2462 2706618
2463 2704664
2464 2703895
2465 2707250
2466 2705246
2467 2704972
2468 2705136
2469 2704460
2470 2703817
2471 2703215
2472 2705975
2473 2705666
2474 2705977
2475 2706609
2476 2710084
2477 2710983
2478 2707434
2479 2708460
2480 2708638
2481 2709976
2482 2711539
2483 2712043
2484 2710850
2485 2711748
2486 2712918
2487 2712705
2488 2712249
2489 2714210
2490 2717480
2491 2718275
2492 2717761
2493 2712712
2494 2712845
2495 2713208
2496 2713706
2497 2712410
2498 2711199
2499 2713892
2500 2711531
2501 2715181
2502 2713567
2503 2710912
2504 2713009
2505 2713759
2506 2714397
2507 2714639
2508 2715765
2509 2714811
2510 2716640
2511 2716669
2512 2716800
2513 2717592
2514 2721722
2515 2721982
2516 2718122
2517 2718335
2518 2717697
2519 2717045
2520 2717000
2521 2715715
2522 2714931
2523 2713503
2524 2714173
2525 2713652
2526 2715390
2527 2714982
2528 2717907
2529 2720225
2530 2719211
2531 2718924
2532 2719366
2533 2721688
2534 2725126
2535 2730280
2536 2730067
2537 2731502
2538 2730530
2539 2730798
2540 2730408
2541 2728950
2542 2730020
2543 2729639
2544 2733584
2545 2732072
2546 2737970
2547 2739198
2548 2737590
2549 2734691
2550 2732360
2551 2735795
2552 2741808
2553 2744302
2554 2737186
2555 2735506
2556 2733082
2557 2732508
2558 2734568
2559 2735053
2560 2733816
2561 2734822
2562 2733782
2563 2732078
2564 2730373
2565 2729062
2566 2728836
2567 2727571
2568 2727018
2569 2725736
2570 2722831
2571 2723306
2572 2721484
2573 2719081
2574 2719986
2575 2719770
2576 2718833
2577 2716491
2578 2714685
2579 2712757
2580 2711988
2581 2714802
2582 2713739
2583 2710842
2584 2706138
2585 2699573
2586 2698121
2587 2695071
2588 2691776
2589 2692297
2590 2688920
2591 2688371
2592 2686853
2593 2685332
2594 2684087
2595 2683544
2596 2684536
2597 2682472
2598 2681736
2599 2680409
2600 2678403
2601 2676189
2602 2675878
2603 2675991
2604 2675133
2605 2673115
2606 2674029
2607 2673586
2608 2671154
2609 2671258
2610 2669443
2611 2668002
2612 2666839
2613 2667332
2614 2666222
2615 2661864
2616 2661009
2617 2659390
2618 2655830
2619 2657702
2620 2656359
2621 2657077
2622 2660724
2623 2658431
2624 2656167
2625 2657111
2626 2656788
2627 2657981
2628 2656867
2629 2659260
2630 2657993
2631 2656013
2632 2657148
2633 2659658
2634 2659210
2635 2657618
2636 2656035
2637 2661090
2638 2658549
2639 2654839
2640 2653579
2641 2652834
2642 2653267
2643 2655341
2644 2652706
2645 2652792
2646 2654854
2647 2652931
2648 2651871
2649 2651254
2650 2652567
2651 2651552
2652 2650631
2653 2647506
2654 2649417
2655 2652716
2656 2650017
2657 2651277
2658 2655172
2659 2657013
2660 2656192
2661 2659782
2662 2658938
2663 2656145
2664 2654913
2665 2654929
2666 2655715
2667 2655871
2668 2657491
2669 2659999
2670 2661078
2671 2659895
2672 2661858
2673 2660885
2674 2658737
2675 2658759
2676 2659883
2677 2660656
2678 2659460
2679 2663902
2680 2666440
2681 2664633
2682 2664627
2683 2665216
2684 2664928
2685 2666667
2686 2663181
2687 2665266
2688 2664112
2689 2663832
2690 2660938
2691 2661176
2692 2659144
2693 2661749
2694 2662508
2695 2659795
2696 2659298
2697 2660300
2698 2658103
2699 2657286
2700 2658611
2701 2659824
2702 2656311
2703 2657785
2704 2655895
2705 2655864
2706 2657010
2707 2658350
2708 2658427
2709 2656128
2710 2655824
2711 2654835
2712 2655089
2713 2651505
2714 2650602
2715 2650525
2716 2648242
2717 2647221
2718 2647244
2719 2648236
2720 2646635
2721 2647544
2722 2645639
2723 2647612
2724 2646788
2725 2647868
2726 2649385
2727 2649182
2728 2650425
2729 2652228
2730 2650675
2731 2651182
2732 2649535
2733 2649464
2734 2650313
2735 2652314
2736 2652964
2737 2652667
2738 2653129
2739 2652397
2740 2652239
2741 2653831
2742 2653590
2743 2654219
2744 2656395
2745 2659238
2746 2658758
2747 2661680
2748 2662542
2749 2660453
2750 2658791
2751 2658619
2752 2658709
2753 2656483
2754 2657546
2755 2661100
2756 2662557
2757 2662972
2758 2664884
2759 2666069
2760 2665508
2761 2664751
2762 2667443
2763 2669237
2764 2668809
2765 2667618
2766 2666621
2767 2670012
2768 2669621
2769 2670197
2770 2669255
2771 2669538
2772 2670491
2773 2670755
2774 2672280
2775 2672677
2776 2671851
2777 2672618
2778 2672202
2779 2677336
2780 2681683
2781 2682566
2782 2682765
2783 2680824
2784 2680401
2785 2680921
2786 2679259
2787 2675050
2788 2674375
2789 2674019
2790 2677321
2791 2676575
2792 2673316
2793 2671415
2794 2670583
2795 2668952
2796 2666622
2797 2664879
2798 2663829
2799 2663680
2800 2664691
2801 2664754
2802 2664537
2803 2663400
2804 2659988
2805 2656137
2806 2652402
2807 2652895
2808 2655336
2809 2657455
2810 2658981
2811 2660607
2812 2660748
2813 2659136
2814 2656971
2815 2653089
2816 2645201
2817 2641111
2818 2638540
2819 2634611
2820 2632435
2821 2627801
2822 2624878
2823 2623737
2824 2621959
2825 2620341
2826 2620034
2827 2620373
2828 2619370
2829 2618808
2830 2618869
2831 2618729
2832 2617716
2833 2619073
2834 2621285
2835 2623497
2836 2623785
2837 2625562
2838 2627208
2839 2628484
2840 2629483
2841 2630163
2842 2629549
2843 2632135
2844 2632097
2845 2633431
2846 2636601
2847 2637176
2848 2639662
2849 2643290
2850 2646699
2851 2647085
2852 2650700
2853 2652452
2854 2656228
2855 2657693
2856 2659559
2857 2661434
2858 2661620
2859 2662346
2860 2664679
2861 2665417
2862 2666169
2863 2668418
2864 2671185
2865 2671160
2866 2671295
2867 2670178
2868 2665877
2869 2665264
2870 2663450
2871 2663074
2872 2662094
2873 2660532
2874 2660729
2875 2659198
2876 2657258
2877 2651737
2878 2650736
2879 2652176
2880 2652128
2881 2653072
2882 2657400
2883 2664896
2884 2666245
2885 2665045
2886 2662658
2887 2660925
2888 2662422
2889 2665964
2890 2666046
2891 2669747
2892 2670265
2893 2670043
2894 2671141
2895 2673214
2896 2674908
2897 2676460
2898 2677650
2899 2676417
2900 2677186
2901 2679265
2902 2679411
2903 2681951
2904 2685552
2905 2684313
2906 2684236
2907 2685071
2908 2685138
2909 2684588
2910 2684478
2911 2683094
2912 2680384
2913 2681116
2914 2683223
2915 2683559
2916 2684952
2917 2685038
2918 2683701
2919 2682493
2920 2681199
2921 2678579
2922 2675085
2923 2672709
2924 2673753
2925 2671900
2926 2670811
2927 2669157
2928 2668100
2929 2667032
2930 2667339
2931 2667074
2932 2668092
2933 2670872
2934 2670176
2935 2673305
2936 2671888
2937 2671346
2938 2671270
2939 2669593
2940 2671506
2941 2673501
2942 2676486
2943 2676619
2944 2677941
2945 2678921
2946 2679993
2947 2681435
2948 2681733
2949 2684057
2950 2684509
2951 2687410
2952 2688059
2953 2690822
2954 2692948
2955 2692403
2956 2695106
2957 2695896
2958 2698544
2959 2702871
2960 2705932
2961 2706385
2962 2708530
2963 2707745
2964 2709474
2965 2708726
2966 2709814
2967 2711329
2968 2714024
2969 2710734
2970 2709468
2971 2712534
2972 2713810
2973 2712728
2974 2714226
2975 2714061
2976 2712308
2977 2712417
2978 2712769
2979 2709648
2980 2709446
2981 2710337
2982 2710146
2983 2713201
2984 2714430
2985 2711557
2986 2710161
2987 2709652
2988 2711850
2989 2714701
2990 2716487
2991 2713508
2992 2710349
2993 2712665
2994 2710168
2995 2703972
2996 2700980
2997 2702173
2998 2700983
2999 2700739
3000 2699142
3001 2700261
3002 2698010
3003 2699976
3004 2698886
3005 2696960
3006 2696667
3007 2693775
3008 2692634
3009 2691475
3010 2691207
3011 2689773
3012 2689610
3013 2686168
3014 2688210
3015 2684223
3016 2680985
3017 2680072
3018 2677810
3019 2674480
3020 2671948
3021 2671868
3022 2671542
3023 2669395
3024 2668208
3025 2665816
3026 2666173
3027 2664669
3028 2663164
3029 2661798
3030 2661814
3031 2660167
3032 2658930
3033 2655955
3034 2657391
3035 2657826
3036 2657919
3037 2657614
3038 2659548
3039 2659546
3040 2659341
3041 2657357
3042 2657649
3043 2655015
3044 2657396
3045 2657345
3046 2656328
3047 2656898
3048 2657471
3049 2658462
3050 2658199
3051 2658071
3052 2656124
3053 2653880
3054 2650212
3055 2652622
3056 2650129
3057 2652078
3058 2647926
3059 2648165
3060 2647847
3061 2645986
3062 2643736
3063 2640081
3064 2638023
3065 2636950
3066 2636722
3067 2634454
3068 2632050
3069 2631211
3070 2628965
3071 2625311
3072 2625102
3073 2622797
3074 2622014
3075 2621312
3076 2622350
3077 2622329
3078 2622553
3079 2620285
3080 2617130
3081 2618125
3082 2616027
3083 2616070
3084 2612955
3085 2612607
3086 2610809
3087 2610927
3088 2609335
3089 2607843
3090 2607558
3091 2607124
3092 2607010
3093 2608549
3094 2608186
3095 2606090
3096 2605597
3097 2604336
3098 2601342
3099 2600103
3100 2599212
3101 2597826
3102 2600185
3103 2601854
3104 2600567
3105 2601093
3106 2599685
3107 2598617
3108 2597799
3109 2597145
3110 2595006
3111 2595043
3112 2594185
3113 2596340
3114 2596424
3115 2597093
3116 2593272
3117 2591434
3118 2592530
3119 2594064
3120 2594788
3121 2594713
3122 2594670
3123 2590338
3124 2593110
3125 2596023
3126 2593160
3127 2593540
3128 2594792
3129 2594321
3130 2597640
3131 2599184
3132 2597678
3133 2600095
3134 2600912
3135 2600252
3136 2603444
3137 2603777
3138 2604271
3139 2606494
3140 2606751
3141 2608272
3142 2608611
3143 2611034
3144 2612700
3145 2617097
3146 2617097
3147 2617766
3148 2621081
3149 2624884
3150 2625313
3151 2628831
3152 2629379
3153 2631561
3154 2632851
3155 2634688
3156 2637817
3157 2641993
3158 2644595
3159 2645785
3160 2649209
3161 2651090
3162 2653127
3163 2655116
3164 2659209
3165 2660510
3166 2663180
3167 2663774
3168 2665262
3169 2666021
3170 2666659
3171 2668275
3172 2670438
3173 2671890
3174 2672365
3175 2674378
3176 2674307
3177 2675475
3178 2676362
3179 2677624
3180 2679353
3181 2680446
3182 2683095
3183 2684439
3184 2681145
3185 2679662
3186 2677820
3187 2676143
3188 2675925
3189 2675698
3190 2673679
3191 2670293
3192 2669512
3193 2667735
3194 2663417
3195 2662970
3196 2657830
3197 2660089
3198 2655646
3199 2653599
3200 2653955
3201 2654253
3202 2651618
3203 2652635
3204 2651873
3205 2649892
3206 2645243
3207 2643458
3208 2643692
3209 2642341
3210 2639711
3211 2634889
3212 2636554
3213 2632907
3214 2630223
3215 2626893
3216 2624150
3217 2623696
3218 2622703
3219 2618693
3220 2614385
3221 2612739
3222 2608932
3223 2606346
3224 2604218
3225 2602416
3226 2599173
3227 2597427
3228 2594800
3229 2590694
3230 2586377
3231 2583251
3232 2579588
3233 2578417
3234 2574844
3235 2573855
3236 2572193
3237 2570093
3238 2570197
3239 2568327
3240 2565272
3241 2563062
3242 2562551
3243 2561568
3244 2561066
3245 2560106
3246 2556647
3247 2554476
3248 2552534
3249 2548694
3250 2544794
3251 2541011
3252 2538622
3253 2536614
3254 2534489
3255 2530487
3256 2529014
3257 2525637
3258 2521431
3259 2518511
3260 2518172
3261 2515810
3262 2514930
3263 2514427
3264 2515292
3265 2514893
3266 2514468
3267 2514483
3268 2510149
3269 2510405
3270 2505858
3271 2503946
3272 2500598
3273 2500758
3274 2499422
3275 2500733
3276 2497654
3277 2497622
3278 2495583
3279 2491307
3280 2489805
3281 2489091
3282 2486849
3283 2485500
3284 2482801
3285 2479223
3286 2476482
3287 2475733
3288 2473813
3289 2472232
3290 2472608
3291 2472395
3292 2471462
3293 2469480
3294 2469994
3295 2468109
3296 2464960
3297 2459330
3298 2457862
3299 2457313
3300 2455310
3301 2454409
3302 2449780
3303 2445785
3304 2441835
3305 2439174
3306 2436649
3307 2432445
3308 2432220
3309 2429800
3310 2427791
3311 2428136
3312 2427324
3313 2426652
3314 2426618
3315 2424515
3316 2425861
3317 2429197
3318 2432837
3319 2432955
3320 2429444
3321 2428700
3322 2429885
3323 2429613
3324 2429650
3325 2429038
3326 2429094
3327 2427912
3328 2430506
3329 2430112
3330 2430176
3331 2430878
3332 2431935
3333 2433331
3334 2433186
3335 2431445
3336 2431137
3337 2429011
3338 2426831
3339 2424996
3340 2422552
3341 2422740
3342 2424160
3343 2423889
3344 2425577
3345 2424102
3346 2421716
3347 2424809
3348 2427299
3349 2424901
3350 2419663
3351 2417326
3352 2415544
3353 2413190
3354 2414138
3355 2414535
3356 2416605
3357 2414898
3358 2416648
3359 2413119
3360 2416441
3361 2417613
3362 2419205
3363 2421511
3364 2419672
3365 2417447
3366 2415742
3367 2414810
3368 2408592
3369 2403907
3370 2402658
3371 2402467
3372 2400649
3373 2398759
3374 2399292
3375 2397317
3376 2396736
3377 2395013
3378 2392445
3379 2387790
3380 2384067
3381 2382247
3382 2382097
3383 2378581
3384 2377504
3385 2377530
3386 2377236
3387 2374880
3388 2370775
3389 2365710
3390 2362046
3391 2359050
3392 2357957
3393 2351891
3394 2351184
3395 2350936
3396 2345024
3397 2342461
3398 2338428
3399 2335719
3400 2334393
3401 2331301
3402 2328753
3403 2330824
3404 2323157
3405 2318785
3406 2314913
3407 2310907
3408 2308418
3409 2303308
3410 2302742
3411 2299897
3412 2293817
3413 2291214
3414 2290120
3415 2288057
3416 2290092
3417 2289827
3418 2289252
3419 2287879
3420 2284960
3421 2282882
3422 2281717
3423 2275904
3424 2276090
3425 2272582
3426 2270806
3427 2268884
3428 2266790
3429 2264820
3430 2264181
3431 2264966
3432 2262922
3433 2261830
3434 2256983
3435 2258726
3436 2253615
3437 2249674
3438 2248637
3439 2245740
3440 2245037
3441 2243203
3442 2239664
3443 2234115
3444 2235087
3445 2234688
3446 2233586
3447 2232823
3448 2231773
3449 2228073
3450 2223794
3451 2224726
3452 2222351
3453 2219556
3454 2219608
3455 2216102
3456 2213809
3457 2211839
3458 2212225
3459 2211854
3460 2210426
3461 2208557
3462 2208254
3463 2207354
3464 2205143
3465 2206949
3466 2203367
3467 2205382
3468 2204670
3469 2205847
3470 2203635
3471 2207443
3472 2204713
3473 2203822
3474 2203983
3475 2206248
3476 2205252
3477 2206085
3478 2206005
3479 2208204
3480 2210547
3481 2209038
3482 2205944
3483 2206393
3484 2205817
3485 2207640
3486 2206612
3487 2207490
3488 2208400
3489 2208181
3490 2206585
3491 2205926
3492 2204390
3493 2204320
3494 2204034
3495 2205264
3496 2204021
3497 2207294
3498 2203749
3499 2204552
3500 2202795
3501 2204954
3502 2202622
3503 2204637
3504 2205019
3505 2203985
3506 2204952
3507 2205193
3508 2206495
3509 2204266
3510 2205461
3511 2204096
3512 2200974
3513 2202395
3514 2202954
3515 2201761
3516 2199875
3517 2200399
3518 2198358
3519 2199461
3520 2199227
3521 2199472
3522 2200793
3523 2203175
3524 2200834
3525 2199223
3526 2198872
3527 2197236
3528 2193628
3529 2193407
3530 2191175
3531 2189690
3532 2186620
3533 2186250
3534 2186442
3535 2184791
3536 2185826
3537 2181730
3538 2179890
3539 2179266
3540 2178578
3541 2178441
3542 2176322
3543 2175072
3544 2173263
3545 2172439
3546 2169845
3547 2172060
3548 2168328
3549 2165358
3550 2163360
3551 2162304
3552 2159959
3553 2157262
3554 2157724
3555 2156830
3556 2157673
3557 2157555
3558 2156807
3559 2157838
3560 2156468
3561 2154174
3562 2153217
3563 2152020
3564 2150720
3565 2150789
3566 2149570
3567 2149000
3568 2148558
3569 2149253
3570 2147884
3571 2146460
3572 2146921
3573 2143839
3574 2144839
3575 2145988
3576 2147180
3577 2143783
3578 2145005
3579 2144788
3580 2145685
3581 2144543
3582 2143319
3583 2142363
3584 2142929
3585 2142225
3586 2143209
3587 2141593
3588 2140578
3589 2142033
3590 2141870
3591 2140926
3592 2142128
3593 2141392
3594 2142397
3595 2141714
3596 2141322
3597 2139626
3598 2140993
3599 2142455
3600 2143283
3601 2143591
3602 2145799
3603 2144990
3604 2145509
3605 2144686
3606 2143972
3607 2144627
3608 2144009
3609 2142765
3610 2143540
3611 2144960
3612 2146235
3613 2146592
3614 2145538
3615 2145670
3616 2146746
3617 2146159
3618 2144921
3619 2145851
3620 2144489
3621 2144744
3622 2144060
3623 2142535
3624 2142750
3625 2143339
3626 2140365
3627 2140782
3628 2141120
3629 2140199
3630 2140773
3631 2143798
3632 2143812
3633 2143010
3634 2142214
3635 2141936
3636 2143254
3637 2143990
3638 2145223
3639 2147332
3640 2148788
3641 2146095
3642 2145890
3643 2143353
3644 2142808
3645 2140942
3646 2142844
3647 2142831
3648 2141640
3649 2144706
3650 2142983
3651 2143991
3652 2145254
3653 2147895
3654 2148657
3655 2147684
3656 2150214
3657 2148732
3658 2147994
3659 2147796
3660 2147548
3661 2152007
3662 2150984
3663 2147742
3664 2147452
3665 2148112
3666 2146278
3667 2145740
3668 2148265
3669 2145873
3670 2148086
3671 2151202
3672 2150736
3673 2152627
3674 2155030
3675 2154604
3676 2151749
3677 2149358
3678 2147916
3679 2147299
3680 2148818
3681 2149157
3682 2146608
3683 2149522
3684 2147609
3685 2148231
3686 2146862
3687 2146775
3688 2148640
3689 2149760
3690 2149111
3691 2148766
3692 2151468
3693 2152880
3694 2151739
3695 2147778
3696 2150574
3697 2152146
3698 2149699
3699 2148634
3700 2149796
3701 2146778
3702 2145514
3703 2147708
3704 2148895
3705 2145206
3706 2145087
3707 2146179
3708 2145649
3709 2148211
3710 2149202
3711 2151158
3712 2146964
3713 2144701
3714 2144387
3715 2142299
3716 2141851
3717 2143759
3718 2144570
3719 2144739
3720 2143699
3721 2142917
3722 2142540
3723 2141932
3724 2141296
3725 2142825
3726 2142797
3727 2141456
3728 2142776
3729 2140414
3730 2139541
3731 2141783
3732 2146960
3733 2145423
3734 2145100
3735 2147950
3736 2150497
3737 2149602
3738 2148574
3739 2151227
3740 2152720
3741 2150522
3742 2150092
3743 2152702
3744 2156794
3745 2155268
3746 2158405
3747 2160532
3748 2165543
3749 2162802
3750 2164735
3751 2170485
3752 2178765
3753 2183357
3754 2183432
3755 2183404
3756 2184504
3757 2186969
3758 2189977
3759 2195848
3760 2199528
3761 2199540
3762 2204421
3763 2209376
3764 2212210
3765 2217121
3766 2221331
3767 2225876
3768 2230189
3769 2236095
3770 2239104
3771 2242284
3772 2244676
3773 2248191
3774 2252109
3775 2253946
3776 2256541
3777 2259816
3778 2261635
3779 2265070
3780 2268704
3781 2272299
3782 2273428
3783 2277053
3784 2280552
3785 2280323
3786 2281194
3787 2282973
3788 2285309
3789 2287754
3790 2291159
3791 2294105
3792 2291818
3793 2292010
3794 2293313
3795 2295183
3796 2296518
3797 2295854
3798 2296422
3799 2299491
3800 2303902
3801 2302069
3802 2302057
3803 2302797
3804 2305771
3805 2312147
3806 2308513
3807 2309563
3808 2310076
3809 2313377
3810 2312750
3811 2314989
3812 2319826
3813 2320560
3814 2323670
3815 2321563
3816 2322769
3817 2326739
3818 2329034
3819 2333385
3820 2330955
3821 2329008
3822 2333638
3823 2338734
3824 2336359
3825 2337253
3826 2345898
3827 2345617
3828 2344082
3829 2349177
3830 2350478
3831 2355704
3832 2356613
3833 2357484
3834 2360087
3835 2359121
3836 2361163
3837 2363474
3838 2364743
3839 2365356
3840 2365606
3841 2367565
3842 2368815
3843 2374324
3844 2375324
3845 2378426
3846 2381119
3847 2383248
3848 2384306
3849 2385747
3850 2388181
3851 2392823
3852 2395796
3853 2397843
3854 2401173
3855 2404004
3856 2409437
3857 2410697
3858 2409503
3859 2413530
3860 2417531
3861 2420306
3862 2421289
3863 2423400
3864 2427131
3865 2430564
3866 2436060
3867 2437336
3868 2439075
3869 2445504
3870 2445913
3871 2446985
3872 2449252
3873 2451770
3874 2451968
3875 2456237
3876 2457433
3877 2460027
3878 2461911
3879 2465791
3880 2469659
3881 2471406
3882 2471484
3883 2472599
3884 2473610
3885 2475643
3886 2479751
3887 2482835
3888 2484808
3889 2485522
3890 2485331
3891 2486421
3892 2486068
3893 2489017
3894 2490083
3895 2492385
3896 2493722
3897 2493448
3898 2493803
3899 2494189
3900 2492625
3901 2490509
3902 2490913
3903 2490095
3904 2489956
3905 2490151
3906 2487639
3907 2488472
3908 2484594
3909 2485396
3910 2484861
3911 2483235
3912 2483720
3913 2484207
3914 2484980
3915 2484897
3916 2485467
3917 2484439
3918 2481420
3919 2480671
3920 2483505
3921 2482764
3922 2480622
3923 2478889
3924 2478524
3925 2477237
3926 2477099
3927 2475934
3928 2477367
3929 2478966
3930 2478802
3931 2479199
3932 2479784
3933 2480521
3934 2480571
3935 2480949
3936 2481716
3937 2482048
3938 2483198
3939 2480205
3940 2477792
3941 2478981
3942 2475210
3943 2476980
3944 2475681
3945 2472678
3946 2472018
3947 2471913
3948 2470923
3949 2469710
3950 2471525
3951 2468789
3952 2469131
3953 2470208
3954 2472731
3955 2471983
3956 2472550
3957 2473560
3958 2475121
3959 2474008
3960 2472346
3961 2474394
3962 2474900
3963 2470073
3964 2472325
3965 2474794
3966 2470491
3967 2470426
3968 2468103
3969 2471133
3970 2471006
3971 2469176
3972 2470401
3973 2468803
3974 2468742
3975 2469330
3976 2470812
3977 2471799
3978 2474336
3979 2472060
3980 2468763
3981 2465360
3982 2466521
3983 2467206
3984 2467110
3985 2470067
3986 2470921
3987 2470080
3988 2463350
3989 2463687
3990 2464329
3991 2463928
3992 2459343
3993 2456873
3994 2459212
3995 2457564
3996 2457659
3997 2450998
3998 2449430
3999 2443897
4000 2439010
4001 2441096
4002 2440203
4003 2440217
4004 2439980
4005 2436583
4006 2436740
4007 2433366
4008 2433826
4009 2434071
4010 2427765
4011 2419151
4012 2421397
4013 2420116
4014 2414944
4015 2412578
4016 2410409
4017 2408642
4018 2407535
4019 2403947
4020 2400429
4021 2397911
4022 2399918
4023 2396150
4024 2397215
4025 2393000
4026 2392327
4027 2390593
4028 2388893
4029 2386711
4030 2385522
4031 2383386
4032 2384503
4033 2384852
4034 2384960
4035 2383733
4036 2381027
4037 2380589
4038 2379003
4039 2380326
4040 2379984
4041 2376669
4042 2376928
4043 2378888
4044 2379235
4045 2372350
4046 2373626
4047 2369091
4048 2367523
4049 2364055
4050 2364268
4051 2363774
4052 2361494
4053 2361029
4054 2360932
4055 2358848
4056 2355380
4057 2351154
4058 2348961
4059 2349289
4060 2346666
4061 2343695
4062 2340460
4063 2343205
4064 2343881
4065 2340809
4066 2338079
4067 2336809
4068 2337502
4069 2336998
4070 2340162
4071 2341318
4072 2341025
4073 2340081
4074 2339512
4075 2337376
4076 2339613
4077 2339299
4078 2340079
4079 2340356
4080 2340344
4081 2338693
4082 2339232
4083 2341906
4084 2343588
4085 2342216
4086 2343624
4087 2343126
4088 2344471
4089 2346174
4090 2344384
4091 2347426
4092 2346834
4093 2347581
4094 2346741
4095 2347836
4096 2346341
4097 2348105
4098 2347477
4099 2347390
4100 2348911
4101 2347632
4102 2349268
4103 2351461
4104 2349661
4105 2349496
4106 2350423
4107 2350675
4108 2348783
4109 2348608
4110 2347898
4111 2345920
4112 2347006
4113 2347563
4114 2345037
4115 2343071
4116 2341782
4117 2337544
4118 2332861
4119 2334198
4120 2334546
4121 2332772
4122 2333337
4123 2332310
4124 2329074
4125 2328865
4126 2329254
4127 2327291
4128 2328537
4129 2326650
4130 2324195
4131 2320305
4132 2321639
4133 2319640
4134 2317696
4135 2318053
4136 2314302
4137 2313611
4138 2311833
4139 2315209
4140 2312641
4141 2311836
4142 2315368
4143 2318146
4144 2313652
4145 2311621
4146 2310592
4147 2315751
4148 2316818
4149 2315568
4150 2315915
4151 2319844
4152 2318521
4153 2317764
4154 2318730
4155 2320174
4156 2321598
4157 2323730
4158 2324571
4159 2326197
4160 2328057
4161 2326959
4162 2325037
4163 2325568
4164 2325921
4165 2328474
4166 2328359
4167 2330416
4168 2332503
4169 2334823
4170 2334011
4171 2335130
4172 2334845
4173 2335155
4174 2337285
4175 2336375
4176 2335266
4177 2334443
4178 2333297
4179 2334402
4180 2335171
4181 2332578
4182 2333731
4183 2334360
4184 2333449
4185 2333500
4186 2334103
4187 2333862
4188 2332173
4189 2330685
4190 2330765
4191 2329077
4192 2330354
4193 2331619
4194 2333973
4195 2333204
4196 2333611
4197 2336071
4198 2334220
4199 2334105
4200 2333347
4201 2333889
4202 2331873
4203 2334936
4204 2336124
4205 2339036
4206 2339242
4207 2347087
4208 2353438
4209 2358115
4210 2360021
4211 2363674
4212 2364538
4213 2361885
4214 2358148
4215 2355457
4216 2355388
4217 2355618
4218 2358300
4219 2356407
4220 2358658
4221 2359634
4222 2358048
4223 2360446
4224 2361936
4225 2362313
4226 2361102
4227 2363519
4228 2361759
4229 2364839
4230 2363855
4231 2365441
4232 2365327
4233 2365546
4234 2365682
4235 2367321
4236 2365311
4237 2367094
4238 2365257
4239 2367816
4240 2366752
4241 2367591
4242 2366331
4243 2367499
4244 2367451
4245 2368712
4246 2363518
4247 2364224
4248 2364577
4249 2366473
4250 2368972
4251 2367854
4252 2368878
4253 2370790
4254 2369333
4255 2367574
4256 2366384
4257 2365116
4258 2363802
4259 2361651
4260 2358408
4261 2354485
4262 2355619
4263 2355007
4264 2353826
4265 2351501
4266 2349457
4267 2348541
4268 2347843
4269 2348645
4270 2345279
4271 2339700
4272 2336171
4273 2334413
4274 2333053
4275 2328895
4276 2326255
4277 2326923
4278 2324564
4279 2322140
4280 2319646
4281 2314783
4282 2314394
4283 2313749
4284 2308494
4285 2305357
4286 2301811
4287 2300485
4288 2296555
4289 2293579
4290 2291793
4291 2289280
4292 2291702
4293 2285383
4294 2281778
4295 2277711
4296 2275627
4297 2275441
4298 2272139
4299 2267829
4300 2265940
4301 2261729
4302 2255788
4303 2251560
4304 2247632
4305 2244884
4306 2243217
4307 2240058
4308 2236786
4309 2237101
4310 2238542
4311 2234381
4312 2228619
4313 2226770
4314 2221168
4315 2220009
4316 2218866
4317 2215629
4318 2211962
4319 2207737
4320 2205026
4321 2200731
4322 2196299
4323 2194638
4324 2192174
4325 2188416
4326 2190263
4327 2182367
4328 2180254
4329 2180114
4330 2175469
4331 2175101
4332 2171895
4333 2170662
4334 2170344
4335 2168056
4336 2165797
4337 2165052
4338 2163460
4339 2164141
4340 2161862
4341 2161474
4342 2160862
4343 2158711
4344 2158075
4345 2157743
4346 2155392
4347 2154986
4348 2155528
4349 2153541
4350 2151768
4351 2151055
4352 2149499
4353 2149379
4354 2150147
4355 2148888
4356 2149585
4357 2146793
4358 2145797
4359 2146332
4360 2144784
4361 2145371
4362 2144204
4363 2145252
4364 2143631
4365 2142480
4366 2142944
4367 2143236
4368 2141426
4369 2141346
4370 2142397
4371 2143686
4372 2143276
4373 2142566
4374 2144181
4375 2142041
4376 2142609
4377 2144065
4378 2141517
4379 2141303
4380 2141009
4381 2141716
4382 2142204
4383 2140771
4384 2141162
4385 2143211
4386 2144901
4387 2143562
4388 2140484
4389 2143047
4390 2141437
4391 2141667
4392 2140027
4393 2141433
4394 2141824
4395 2143535
4396 2143240
4397 2143535
4398 2145083
4399 2143352
4400 2143978
4401 2143322
4402 2143061
4403 2143418
4404 2144777
4405 2146121
4406 2146769
4407 2148506
4408 2145217
4409 2146165
4410 2146053
4411 2146011
4412 2147438
4413 2146847
4414 2143178
4415 2145221
4416 2143294
4417 2142870
4418 2144428
4419 2145035
4420 2146923
4421 2147051
4422 2146929
4423 2147584
4424 2148018
4425 2147477
4426 2146960
4427 2147196
4428 2145149
4429 2144689
4430 2147265
4431 2144474
4432 2146627
4433 2146433
4434 2146851
4435 2145468
4436 2149400
4437 2148766
4438 2147735
4439 2146420
4440 2148213
4441 2146319
4442 2147767
4443 2149342
4444 2148692
4445 2148034
4446 2148594
4447 2148514
4448 2149228
4449 2149927
4450 2151415
4451 2150842
4452 2151272
4453 2151303
4454 2152170
4455 2153534
4456 2152402
4457 2151786
4458 2151899
4459 2150565
4460 2151103
4461 2152438
4462 2151765
4463 2152355
4464 2151561
4465 2150874
4466 2152268
4467 2152272
4468 2152834
4469 2151100
4470 2151134
4471 2151588
4472 2152476
4473 2153551
4474 2154596
4475 2153941
4476 2153692
4477 2156094
4478 2155509
4479 2156915
4480 2155834
4481 2156172
4482 2157680
4483 2158050
4484 2159050
4485 2158802
4486 2160235
4487 2157119
4488 2161990
4489 2161150
4490 2164037
4491 2164575
4492 2165962
4493 2166308
4494 2163927
4495 2168530
4496 2168328
4497 2168191
4498 2169216
4499 2169529
4500 2169464
4501 2172291
4502 2172537
4503 2173964
4504 2175250
4505 2174557
4506 2177589
4507 2179198
4508 2180288
4509 2181890
4510 2182228
4511 2183404
4512 2185326
4513 2186214
4514 2187892
4515 2190926
4516 2192660
4517 2192652
4518 2197291
4519 2201151
4520 2202302
4521 2199616
4522 2199325
4523 2197660
4524 2204615
4525 2207103
4526 2208053
4527 2208947
4528 2211273
4529 2215230
4530 2217209
4531 2218217
4532 2220301
4533 2222010
4534 2224465
4535 2228085
4536 2229497
4537 2229872
4538 2231614
4539 2233341
4540 2237399
4541 2239249
4542 2241029
4543 2242247
4544 2243580
4545 2246961
4546 2247173
4547 2249003
4548 2250040
4549 2254576
4550 2252663
4551 2257294
4552 2258301
4553 2258382
4554 2259077
4555 2264815
4556 2266362
4557 2266880
4558 2269149
4559 2266742
4560 2269534
4561 2271636
4562 2273303
4563 2272607
4564 2275975
4565 2275857
4566 2277799
4567 2277712
4568 2278800
4569 2277540
4570 2276422
4571 2274756
4572 2276279
4573 2275906
4574 2278014
4575 2279321
4576 2277699
4577 2277800
4578 2276413
4579 2278560
4580 2281204
4581 2281689
4582 2283145
4583 2283066
4584 2283111
4585 2286503
4586 2286892
4587 2287308
4588 2287131
4589 2289130
4590 2287379
4591 2288091
4592 2288601
4593 2286361
4594 2283456
4595 2282240
4596 2278976
4597 2277669
4598 2276721
4599 2278249
4600 2277662
4601 2276687
4602 2276786
4603 2275211
4604 2269886
4605 2268514
4606 2266065
4607 2264181
4608 2261001
4609 2255700
4610 2255139
4611 2252832
4612 2249157
4613 2244822
4614 2241261
4615 2238189
4616 2236777
4617 2235868
4618 2234398
4619 2230123
4620 2229463
4621 2222514
4622 2220167
4623 2219341
4624 2214838
4625 2212996
4626 2209333
4627 2208188
4628 2208506
4629 2208884
4630 2204933
4631 2200801
4632 2201651
4633 2198141
4634 2198593
4635 2194839
4636 2192388
4637 2192560
4638 2192091
4639 2191589
4640 2189333
4641 2189310
4642 2188407
4643 2183624
4644 2182624
4645 2182132
4646 2183090
4647 2182819
4648 2181889
4649 2181325
4650 2182022
4651 2180560
4652 2182487
4653 2184507
4654 2181997
4655 2181463
4656 2184302
4657 2185394
4658 2186580
4659 2188537
4660 2188379
4661 2189072
4662 2189176
4663 2189259
4664 2190475
4665 2192512
4666 2192653
4667 2194798
4668 2194205
4669 2195627
4670 2197094
4671 2197951
4672 2198602
4673 2199876
4674 2199831
4675 2202527
4676 2204383
4677 2205021
4678 2206314
4679 2208856
4680 2209224
4681 2210043
4682 2212194
4683 2213030
4684 2216411
4685 2214121
4686 2216438
4687 2217036
4688 2217296
4689 2218836
4690 2219934
4691 2220419
4692 2221138
4693 2222018
4694 2221494
4695 2223479
4696 2224802
4697 2226656
4698 2227318
4699 2226119
4700 2230145
4701 2231893
4702 2231645
4703 2230470
4704 2231904
4705 2233929
4706 2237648
4707 2238672
4708 2241111
4709 2241362
4710 2244564
4711 2244511
4712 2245086
4713 2249746
4714 2250636
4715 2255373
4716 2257595
4717 2260914
4718 2263575
4719 2265498
4720 2268602
4721 2271250
4722 2273494
4723 2276213
4724 2280129
4725 2284945
4726 2286491
4727 2290641
4728 2293313
4729 2294689
4730 2297785
4731 2301180
4732 2303565
4733 2307277
4734 2309366
4735 2312917
4736 2315430
4737 2316549
4738 2319846
4739 2320768
4740 2324850
4741 2328098
4742 2329054
4743 2332895
4744 2335620
4745 2337542
4746 2341033
4747 2344508
4748 2346564
4749 2350233
4750 2353431
4751 2357147
4752 2359962
4753 2359436
4754 2359889
4755 2359894
4756 2362848
4757 2363008
4758 2365016
4759 2365450
4760 2363964
4761 2361619
4762 2360678
4763 2359337
4764 2360200
4765 2362265
4766 2360165
4767 2359117
4768 2359895
4769 2358812
4770 2360603
4771 2360430
4772 2358727
4773 2357131
4774 2356743
4775 2356280
4776 2356190
4777 2355332
4778 2357238
4779 2355627
4780 2353798
4781 2353199
4782 2354164
4783 2351805
4784 2350852
4785 2350708
4786 2349279
4787 2351456
4788 2349745
4789 2349428
4790 2348023
4791 2348841
4792 2349413
4793 2350864
4794 2350910
4795 2350734
4796 2349205
4797 2348841
4798 2348105
4799 2348760
4800 2348645
4801 2348170
4802 2349918
4803 2347458
4804 2348929
4805 2350084
4806 2351101
4807 2349576
4808 2352419
4809 2351676
4810 2350943
4811 2352064
4812 2351085
4813 2352845
4814 2355390
4815 2356074
4816 2356439
4817 2355120
4818 2356950
4819 2359693
4820 2358838
4821 2356266
4822 2355632
4823 2355715
4824 2357474
4825 2359082
4826 2360889
4827 2358791
4828 2358072
4829 2358815
4830 2357232
4831 2357177
4832 2356736
4833 2355872
4834 2355492
4835 2355307
4836 2354708
4837 2352783
4838 2353162
4839 2350144
4840 2349215
4841 2349077
4842 2349482
4843 2347991
4844 2348351
4845 2346109
4846 2344621
4847 2340506
4848 2341224
4849 2338403
4850 2338765
4851 2337417
4852 2334979
4853 2334545
4854 2332640
4855 2331668
4856 2330685
4857 2329119
4858 2327949
4859 2327053
4860 2325225
4861 2325865
4862 2325290
4863 2322209
4864 2319512
4865 2317618
4866 2316169
4867 2315143
4868 2313699
4869 2314077
4870 2312456
4871 2314299
4872 2313545
4873 2311443
4874 2309284
4875 2308324
4876 2307532
4877 2303311
4878 2300568
4879 2296012
4880 2294474
4881 2293716
4882 2286191
4883 2283682
4884 2281077
4885 2277846
4886 2275702
4887 2270665
4888 2268248
4889 2266503
4890 2264706
4891 2260970
4892 2255581
4893 2252348
4894 2248594
4895 2245621
4896 2243956
4897 2237436
4898 2234490
4899 2230962
4900 2232595
4901 2226881
4902 2224737
4903 2223550
4904 2221176
4905 2219437
4906 2219031
4907 2217822
4908 2216864
4909 2214213
4910 2212944
4911 2214939
4912 2211339
4913 2210309
4914 2210491
4915 2212177
4916 2209947
4917 2209117
4918 2209337
4919 2207806
4920 2208658
4921 2207094
4922 2205029
4923 2206481
4924 2204453
4925 2205227
4926 2204239
4927 2203363
4928 2204970
4929 2203605
4930 2204162
4931 2202879
4932 2206415
4933 2210102
4934 2211148
4935 2210881
4936 2214193
4937 2212130
4938 2213104
4939 2214591
4940 2214953
4941 2215980
4942 2215967
4943 2218176
4944 2216784
4945 2218338
4946 2221771
4947 2222656
4948 2225341
4949 2226180
4950 2229202
4951 2228724
4952 2231337
4953 2232578
4954 2234365
4955 2235251
4956 2238405
4957 2238847
4958 2239399
4959 2240667
4960 2242004
4961 2243259
4962 2245258
4963 2247386
4964 2247634
4965 2250484
4966 2253044
4967 2255655
4968 2254136
4969 2258913
4970 2258584
4971 2260946
4972 2264393
4973 2265401
4974 2266303
4975 2267943
4976 2270657
4977 2272038
4978 2273574
4979 2275356
4980 2276698
4981 2275748
4982 2278880
4983 2282271
4984 2281932
4985 2282418
4986 2283552
4987 2284128
4988 2285218
4989 2285486
4990 2288642
4991 2287674
4992 2291266
4993 2291070
4994 2295405
4995 2295252
4996 2295379
4997 2298165
4998 2295954
4999 2295068
5000 2295692
5001 2296513
5002 2295361
5003 2295303
5004 2297800
5005 2294999
5006 2294758
5007 2296884
5008 2295106
5009 2296231
5010 2294236
5011 2296255
5012 2291955
5013 2295410
5014 2293617
5015 2293644
5016 2296889
5017 2297123
5018 2297396
5019 2298453
5020 2298326
5021 2298446
5022 2300586
5023 2299317
5024 2300609
5025 2302879
5026 2302638
5027 2303173
5028 2303457
5029 2305128
5030 2306770
5031 2308562
5032 2308007
5033 2310683
5034 2316137
5035 2316686
5036 2318544
5037 2320159
5038 2320407
5039 2323421
5040 2328719
5041 2330713
5042 2330119
5043 2333949
5044 2335192
5045 2337147
5046 2339662
5047 2340723
5048 2343753
5049 2345847
5050 2343806
5051 2345692
5052 2349584
5053 2352229
5054 2354830
5055 2356296
5056 2357811
5057 2359165
5058 2361726
5059 2362073
5060 2364310
5061 2363725
5062 2365442
5063 2368131
5064 2368045
5065 2367722
5066 2371877
5067 2373130
5068 2371525
5069 2373942
5070 2376227
5071 2376232
5072 2374258
5073 2373320
5074 2373433
5075 2372523
5076 2373558
5077 2374774
5078 2374294
5079 2373797
5080 2373626
5081 2373297
5082 2370289
5083 2370954
5084 2370147
5085 2368247
5086 2370003
5087 2368996
5088 2371129
5089 2369411
5090 2366939
5091 2366575
5092 2363476
5093 2363754
5094 2361430
5095 2360225
5096 2360914
5097 2356700
5098 2354752
5099 2353070
5100 2351645
5101 2351520
5102 2352505
5103 2349940
5104 2345490
5105 2346582
5106 2347210
5107 2346034
5108 2345813
5109 2344841
5110 2343448
5111 2342778
5112 2344478
5113 2344535
5114 2347040
5115 2349020
5116 2347123
5117 2347122
5118 2347322
5119 2348837
5120 2347963
5121 2351258
5122 2352597
5123 2352782
5124 2355356
5125 2356544
5126 2358817
5127 2360262
5128 2361852
5129 2361541
5130 2361782
5131 2363183
5132 2362627
5133 2362383
5134 2360737
5135 2360104
5136 2360411
5137 2359240
5138 2360093
5139 2358469
5140 2359186
5141 2357590
5142 2358090
5143 2357315
5144 2355501
5145 2356532
5146 2356372
5147 2355597
5148 2357685
5149 2356756
5150 2353728
5151 2352405
5152 2351347
5153 2351300
5154 2351454
5155 2351417
5156 2350612
5157 2354298
5158 2351469
5159 2352852
5160 2352381
5161 2351202
5162 2350527
5163 2348588
5164 2350122
5165 2348467
5166 2349721
5167 2348882
5168 2345101
5169 2348807
5170 2347401
5171 2348312
5172 2349761
5173 2351227
5174 2351533
5175 2350156
5176 2350610
5177 2352846
5178 2353596
5179 2352533
5180 2352327
5181 2354272
5182 2356686
5183 2358285
5184 2358847
5185 2359395
5186 2359418
5187 2358711
5188 2361178
5189 2359319
5190 2362337
5191 2362721
5192 2361979
5193 2364708
5194 2367545
5195 2370720
5196 2374006
5197 2373928
5198 2377831
5199 2379374
5200 2379360
5201 2382585
5202 2383252
5203 2386402
5204 2390174
5205 2392199
5206 2394616
5207 2395847
5208 2395651
5209 2396459
5210 2397714
5211 2399806
5212 2399907
5213 2399198
5214 2396797
5215 2397052
5216 2395825
5217 2398600
5218 2396917
5219 2397168
5220 2398226
5221 2397215
5222 2397872
5223 2393736
5224 2391581
5225 2391617
5226 2387892
5227 2388173
5228 2387734
5229 2383424
5230 2382588
5231 2383495
5232 2380246
5233 2378962
5234 2378398
5235 2376871
5236 2374756
5237 2372452
5238 2370926
5239 2366712
5240 2365707
5241 2363663
5242 2363370
5243 2360544
5244 2360514
5245 2357731
5246 2357822
5247 2354552
5248 2355200
5249 2354318
5250 2352454
5251 2353738
5252 2351621
5253 2353735
5254 2351857
5255 2348810
5256 2349774
5257 2350933
5258 2352323
5259 2352420
5260 2349295
5261 2348428
5262 2347853
5263 2346716
5264 2350958
5265 2354435
5266 2359329
5267 2357491
5268 2355490
5269 2355431
5270 2355236
5271 2357690
5272 2358158
5273 2361839
5274 2366554
5275 2365753
5276 2366070
5277 2368193
5278 2365411
5279 2366069
5280 2369301
5281 2370786
5282 2372966
5283 2374844
5284 2375877
5285 2378655
5286 2381080
5287 2379584
5288 2381495
5289 2383372
5290 2384138
5291 2386273
5292 2390048
5293 2390925
5294 2393584
5295 2392525
5296 2393687
5297 2395552
5298 2398078
5299 2401102
5300 2404428
5301 2406103
5302 2405703
5303 2404415
5304 2404611
5305 2403006
5306 2403133
5307 2403420
5308 2403276
5309 2402674
5310 2403356
5311 2404569
5312 2405327
5313 2402625
5314 2402035
5315 2402080
5316 2402087
5317 2403069
5318 2402431
5319 2401712
5320 2401531
5321 2400935
5322 2398128
5323 2398005
5324 2397536
5325 2396741
5326 2395573
5327 2394517
5328 2394235
5329 2392192
5330 2390222
5331 2385650
5332 2381202
5333 2380875
5334 2378825
5335 2375743
5336 2372266
5337 2369184
5338 2366517
5339 2365607
5340 2363610
5341 2364458
5342 2361060
5343 2358051
5344 2357505
5345 2352789
5346 2351128
5347 2349772
5348 2348456
5349 2346806
5350 2344533
5351 2339901
5352 2337640
5353 2331872
5354 2328158
5355 2327111
5356 2322186
5357 2319533
5358 2317749
5359 2313772
5360 2311246
5361 2307482
5362 2304647
5363 2302107
5364 2296444
5365 2293574
5366 2290596
5367 2288290
5368 2284721
5369 2282165
5370 2280186
5371 2276217
5372 2276513
5373 2272112
5374 2269460
5375 2266791
5376 2266806
5377 2265068
5378 2264043
5379 2261890
5380 2260121
5381 2259181
5382 2256391
5383 2254398
5384 2251043
5385 2251555
5386 2250206
5387 2248901
5388 2247863
5389 2248061
5390 2245681
5391 2243354
5392 2241827
5393 2241950
5394 2242719
5395 2241306
5396 2240150
5397 2239884
5398 2237295
5399 2235613
5400 2234763
5401 2232518
5402 2231543
5403 2228632
5404 2225595
5405 2224007
5406 2220068
5407 2216300
5408 2215107
5409 2214468
5410 2209577
5411 2209866
5412 2209034
5413 2208213
5414 2207137
5415 2203920
5416 2202955
5417 2202690
5418 2200081
5419 2199974
5420 2197755
5421 2199513
5422 2197254
5423 2195821
5424 2196098
5425 2194396
5426 2193378
5427 2194837
5428 2194011
5429 2193587
5430 2193032
5431 2194461
5432 2193555
5433 2194577
5434 2194989
5435 2192865
5436 2193706
5437 2193316
5438 2194223
5439 2194049
5440 2194989
5441 2193705
5442 2196805
5443 2195096
5444 2194663
5445 2194660
5446 2192033
5447 2190345
5448 2191709
5449 2192536
5450 2193239
5451 2194248
5452 2193392
5453 2191333
5454 2191464
5455 2189696
5456 2191458
5457 2189467
5458 2188711
5459 2186207
5460 2184686
5461 2185534
5462 2186471
5463 2184017
5464 2182233
5465 2184253
5466 2183913
5467 2184050
5468 2182497
5469 2181547
5470 2181944
5471 2181123
5472 2178560
5473 2180090
5474 2180441
5475 2179807
5476 2179894
5477 2178471
5478 2180099
5479 2180189
5480 2177895
5481 2178692
5482 2178291
5483 2180206
5484 2177220
5485 2179063
5486 2178805
5487 2179034
5488 2181969
5489 2182149
5490 2182210
5491 2183267
5492 2185003
5493 2185238
5494 2185360
5495 2184770
5496 2185078
5497 2187777
5498 2189940
5499 2192375
5500 2192528
5501 2196343
5502 2197575
5503 2200562
5504 2201934
5505 2203590
5506 2207160
5507 2207816
5508 2208240
5509 2209658
5510 2211573
5511 2211580
5512 2211197
5513 2212658
5514 2214633
5515 2215645
5516 2215738
5517 2217544
5518 2216400
5519 2216447
5520 2215417
5521 2218420
5522 2220803
5523 2220551
5524 2226340
5525 2226996
5526 2227216
5527 2226417
5528 2227498
5529 2231262
5530 2227183
5531 2224324
5532 2225033
5533 2225439
5534 2222726
5535 2222037
5536 2220114
5537 2220609
5538 2219119
5539 2217837
5540 2215762
5541 2213572
5542 2211277
5543 2209768
5544 2207896
5545 2204323
5546 2202519
5547 2202003
5548 2200394
5549 2198183
5550 2197221
5551 2195796
5552 2194251
5553 2192356
5554 2189924
5555 2186111
5556 2185156
5557 2182748
5558 2181923
5559 2180419
5560 2180233
5561 2180326
5562 2177736
5563 2174556
5564 2173395
5565 2170993
5566 2170017
5567 2167652
5568 2165258
5569 2165152
5570 2163178
5571 2164009
5572 2165002
5573 2161400
5574 2160560
5575 2159704
5576 2157406
5577 2159503
5578 2160645
5579 2158049
5580 2155805
5581 2156319
5582 2152555
5583 2153384
5584 2151705
5585 2151426
5586 2153495
5587 2153669
5588 2151716
5589 2147961
5590 2151948
5591 2147785
5592 2149168
5593 2148403
5594 2149546
5595 2149391
5596 2147392
5597 2148660
5598 2148188
5599 2147743
5600 2146131
5601 2145191
5602 2145253
5603 2146080
5604 2143611
5605 2144614
5606 2143054
5607 2143951
5608 2145024
5609 2144897
5610 2144556
5611 2145159
5612 2144602
5613 2144237
5614 2145916
5615 2144912
5616 2143687
5617 2142762
5618 2144209
5619 2142118
5620 2145014
5621 2145898
5622 2144599
5623 2144467
5624 2146440
5625 2145595
5626 2144782
5627 2145294
5628 2144614
5629 2145918
5630 2146554
5631 2147319
5632 2145723
5633 2146750
5634 2146257
5635 2145194
5636 2148601
5637 2148086
5638 2148722
5639 2146594
5640 2147689
5641 2148319
5642 2149733
5643 2152267
5644 2153080
5645 2155820
5646 2157476
5647 2157718
5648 2157940
5649 2161770
5650 2162458
5651 2166697
5652 2169146
5653 2170268
5654 2173580
5655 2174550
5656 2178014
5657 2180492
5658 2182394
5659 2182065
5660 2180676
5661 2183903
5662 2187786
5663 2189721
5664 2193607
5665 2195916
5666 2202990
5667 2207668
5668 2208318
5669 2211758
5670 2212514
5671 2213592
5672 2217078
5673 2221385
5674 2222454
5675 2226119
5676 2230762
5677 2233713
5678 2236143
5679 2239307
5680 2241413
5681 2245550
5682 2249031
5683 2251341
5684 2254865
5685 2258990
5686 2263925
5687 2265184
5688 2267170
5689 2268152
5690 2273192
5691 2276365
5692 2278630
5693 2284692
5694 2285952
5695 2288234
5696 2291154
5697 2296266
5698 2298934
5699 2303302
5700 2302985
5701 2305308
5702 2306452
5703 2308981
5704 2310338
5705 2313063
5706 2314837
5707 2317595
5708 2320662
5709 2320789
5710 2321899
5711 2322258
5712 2321246
5713 2320742
5714 2319984
5715 2320504
5716 2319618
5717 2318979
5718 2319215
5719 2316937
5720 2315842
5721 2313736
5722 2310681
5723 2309248
5724 2309169
5725 2307169
5726 2303330
5727 2301911
5728 2300544
5729 2299891
5730 2297015
5731 2292755
5732 2288955
5733 2285996
5734 2282815
5735 2280205
5736 2275166
5737 2272939
5738 2268436
5739 2264006
5740 2260612
5741 2258709
5742 2253562
5743 2248225
5744 2246136
5745 2242404
5746 2237997
5747 2234778
5748 2232648
5749 2229399
5750 2226877
5751 2223683
5752 2219605
5753 2219626
5754 2215903
5755 2212820
5756 2211409
5757 2210150
5758 2208245
5759 2205736
5760 2202948
5761 2202546
5762 2199354
5763 2197547
5764 2194963
5765 2193698
5766 2191157
5767 2189789
5768 2187023
5769 2185209
5770 2182719
5771 2182923
5772 2181158
5773 2181067
5774 2180637
5775 2181416
5776 2177155
5777 2177149
5778 2175938
5779 2174073
5780 2174611
5781 2174244
5782 2174584
5783 2172771
5784 2169944
5785 2171062
5786 2166646
5787 2168953
5788 2169550
5789 2165492
5790 2162806
5791 2160474
5792 2157793
5793 2157829
5794 2156902
5795 2155308
5796 2153479
5797 2152903
5798 2149932
5799 2148940
5800 2147734
5801 2145890
5802 2142320
5803 2142955
5804 2142181
5805 2140922
5806 2137926
5807 2138303
5808 2140533
5809 2138457
5810 2140263
5811 2137955
5812 2139459
5813 2136675
5814 2137941
5815 2137487
5816 2139712
5817 2138180
5818 2136770
5819 2137390
5820 2136577
5821 2136244
5822 2138146
5823 2137840
5824 2137496
5825 2138066
5826 2138168
5827 2137728
5828 2137486
5829 2137661
5830 2136633
5831 2135421
5832 2139718
5833 2139206
5834 2137683
5835 2139588
5836 2137264
5837 2137701
5838 2137612
5839 2140702
5840 2139029
5841 2140473
5842 2141822
5843 2144600
5844 2142564
5845 2142820
5846 2144476
5847 2144048
5848 2142105
5849 2142585
5850 2141855
5851 2141943
5852 2141378
5853 2142571
5854 2143249
5855 2143209
5856 2144949
5857 2145615
5858 2147421
5859 2146002
5860 2147739
5861 2148713
5862 2150004
5863 2151254
5864 2152559
5865 2154048
5866 2153824
5867 2155184
5868 2154188
5869 2154661
5870 2155871
5871 2157428
5872 2156868
5873 2156374
5874 2154288
5875 2154571
5876 2156003
5877 2155216
5878 2157357
5879 2159638
5880 2159388
5881 2160112
5882 2159189
5883 2158117
5884 2159772
5885 2159254
5886 2160560
5887 2161658
5888 2161800
5889 2163603
5890 2161919
5891 2163397
5892 2162206
5893 2162870
5894 2163273
5895 2161549
5896 2161015
5897 2161972
5898 2159549
5899 2159729
5900 2158108
5901 2158694
5902 2159930
5903 2159026
5904 2157644
5905 2157699
5906 2154822
5907 2156851
5908 2156286
5909 2153620
5910 2155079
5911 2154495
5912 2154570
5913 2152088
5914 2149012
5915 2147810
5916 2149665
5917 2148301
5918 2148721
5919 2147212
5920 2144638
5921 2145891
5922 2147181
5923 2145830
5924 2144135
5925 2142244
5926 2141563
5927 2143178
5928 2142267
5929 2141959
5930 2143419
5931 2142760
5932 2144990
5933 2145932
5934 2146234
5935 2146909
5936 2144824
5937 2144101
5938 2144381
5939 2142140
5940 2141916
5941 2142828
5942 2141090
5943 2142044
5944 2142916
5945 2144151
5946 2147108
5947 2145509
5948 2145480
5949 2145771
5950 2146349
5951 2146561
5952 2146758
5953 2148390
5954 2148470
5955 2147715
5956 2146954
5957 2150130
5958 2149779
5959 2151814
5960 2151287
5961 2151800
5962 2154211
5963 2157182
5964 2158858
5965 2159598
5966 2159013
5967 2158069
5968 2156945
5969 2155039
5970 2155700
5971 2156469
5972 2156060
5973 2155342
5974 2155182
5975 2156353
5976 2153906
5977 2152428
5978 2150596
5979 2150284
5980 2148762
5981 2151281
5982 2151353
5983 2152980
5984 2148692
5985 2151337
5986 2148044
5987 2146534
5988 2146739
5989 2145698
5990 2146847
5991 2144759
5992 2146600
5993 2145128
5994 2143659
5995 2142364
5996 2143280
5997 2143022
5998 2141941
5999 2140546
6000 2139504
6001 2140850
6002 2138860
6003 2139937
6004 2140348
6005 2136814
6006 2139818
6007 2138669
6008 2138054
6009 2139693
6010 2139144
6011 2138468
6012 2140878
6013 2138968
6014 2139563
6015 2137136
6016 2135988
6017 2137436
6018 2136076
6019 2137893
6020 2137177
6021 2136908
6022 2136201
6023 2138639
6024 2136291
6025 2138028
6026 2139543
6027 2137626
6028 2137943
6029 2139154
6030 2139393
6031 2139670
6032 2139253
6033 2139563
6034 2139734
6035 2138596
6036 2137865
6037 2137568
6038 2136975
6039 2136600
6040 2138024
6041 2136550
6042 2139042
6043 2140154
6044 2140721
6045 2141402
6046 2141856
6047 2141159
6048 2139457
6049 2142185
6050 2140829
6051 2142467
6052 2140961
6053 2141417
6054 2141413
6055 2139952
6056 2141731
6057 2141696
6058 2141770
6059 2142475
6060 2145064
6061 2145556
6062 2143972
6063 2146750
6064 2145899
6065 2145241
6066 2146220
6067 2145739
6068 2144080
6069 2143652
6070 2142165
6071 2145121
6072 2146091
6073 2145452
6074 2148730
6075 2150059
6076 2151290
6077 2153420
6078 2154586
6079 2155943
6080 2153931
6081 2155571
6082 2156637
6083 2157717
6084 2158600
6085 2159252
6086 2159410
6087 2161486
6088 2165794
6089 2165426
6090 2168814
6091 2170366
6092 2170269
6093 2172236
6094 2172966
6095 2173644
6096 2175519
6097 2175945
6098 2175869
6099 2178160
6100 2178502
6101 2180778
6102 2180613
6103 2180543
6104 2181586
6105 2182397
6106 2181454
6107 2182186
6108 2184918
6109 2183803
6110 2186552
6111 2188006
6112 2186637
6113 2190892
6114 2189421
6115 2191182
6116 2194406
6117 2194205
6118 2195120
6119 2196925
6120 2193828
6121 2196817
6122 2196551
6123 2197005
6124 2199694
6125 2199643
6126 2200442
6127 2199630
6128 2199479
6129 2201496
6130 2199241
6131 2199521
6132 2198209
6133 2196544
6134 2197335
6135 2196910
6136 2196206
6137 2193915
6138 2195819
6139 2192674
6140 2194696
6141 2192398
6142 2194541
6143 2193181
6144 2193003
6145 2191399
6146 2194611
6147 2194210
6148 2195706
6149 2197503
6150 2195737
6151 2196152
6152 2194106
6153 2195835
6154 2199303
6155 2200773
6156 2202628
6157 2202121
6158 2200952
6159 2201744
6160 2202756
6161 2200513
6162 2198855
6163 2201436
6164 2203090
6165 2205695
6166 2207386
6167 2209479
6168 2213315
6169 2215981
6170 2221282
6171 2222442
6172 2227006
6173 2230104
6174 2233248
6175 2234931
6176 2234743
6177 2238715
6178 2244155
6179 2247397
6180 2250689
6181 2254097
6182 2257096
6183 2260284
6184 2262635
6185 2264937
6186 2268221
6187 2268655
6188 2267698
6189 2267858
6190 2269733
6191 2267803
6192 2267541
6193 2268396
6194 2265725
6195 2266957
6196 2267654
6197 2264696
6198 2262749
6199 2261527
6200 2259537
6201 2261362
6202 2259574
6203 2259148
6204 2258034
6205 2258700
6206 2256428
6207 2256210
6208 2257130
6209 2256257
6210 2254257
6211 2252601
6212 2249764
6213 2250150
6214 2248658
6215 2246799
6216 2244130
6217 2242996
6218 2241732
6219 2242532
6220 2244217
6221 2241202
6222 2239141
6223 2238210
6224 2236925
6225 2235977
6226 2237556
6227 2237505
6228 2235894
6229 2235718
6230 2233244
6231 2236929
6232 2234606
6233 2235674
6234 2236139
6235 2234287
6236 2232337
6237 2231976
6238 2234955
6239 2234045
6240 2235600
6241 2233302
6242 2231822
6243 2229900
6244 2228456
6245 2226748
6246 2230100
6247 2227050
6248 2221798
6249 2221638
6250 2222043
6251 2220323
6252 2222228
6253 2220331
6254 2221763
6255 2219239
6256 2217970
6257 2216845
6258 2216130
6259 2214785
6260 2214043
6261 2213329
6262 2212306
6263 2211323
6264 2213874
6265 2210916
6266 2210363
6267 2207583
6268 2206791
6269 2206962
6270 2204168
6271 2205590
6272 2203807
6273 2202500
6274 2199962
6275 2199032
6276 2198871
6277 2197623
6278 2196787
6279 2195972
6280 2194560
6281 2194810
6282 2192867
6283 2192238
6284 2192271
6285 2192760
6286 2192024
6287 2193828
6288 2193579
6289 2194570
6290 2194741
6291 2195951
6292 2196999
6293 2196874
6294 2197155
6295 2197076
6296 2196617
6297 2195878
6298 2194895
6299 2194918
6300 2193763
6301 2193710
6302 2190883
6303 2191260
6304 2190105
6305 2190995
6306 2190541
6307 2189820
6308 2191181
6309 2190211
6310 2191647
6311 2190680
6312 2191309
6313 2191696
6314 2190879
6315 2191754
6316 2190024
6317 2189658
6318 2188088
6319 2189038
6320 2189312
6321 2188217
6322 2190044
6323 2190505
6324 2191744
6325 2192267
6326 2193516
6327 2193691
6328 2193512
6329 2195246
6330 2195355
6331 2196876
6332 2195485
6333 2195213
6334 2195952
6335 2195983
6336 2197647
6337 2195490
6338 2195076
6339 2196785
6340 2194509
6341 2195841
6342 2197303
6343 2197842
6344 2197785
6345 2196704
6346 2196641
6347 2197503
6348 2199634
6349 2200295
6350 2201916
6351 2199636
6352 2200320
6353 2200747
6354 2200984
6355 2201544
6356 2199242
6357 2200474
6358 2199612
6359 2199158
6360 2199346
6361 2198716
6362 2199925
6363 2199534
6364 2199443
6365 2197089
6366 2199187
6367 2196896
6368 2194441
6369 2195300
6370 2194560
6371 2196319
6372 2195643
6373 2195653
6374 2197180
6375 2196839
6376 2198857
6377 2201063
6378 2202625
6379 2203724
6380 2204637
6381 2206840
6382 2205565
6383 2208012
6384 2206055
6385 2207884
6386 2210038
6387 2212819
6388 2213228
6389 2218399
6390 2215702
6391 2218103
6392 2216969
6393 2216259
6394 2217382
6395 2215744
6396 2218057
6397 2222384
6398 2223125
6399 2225434
6400 2225748
6401 2227518
6402 2226430
6403 2229193
6404 2231524
6405 2231489
6406 2234064
6407 2234927
6408 2234071
6409 2236964
6410 2236571
6411 2239151
6412 2238770
6413 2240705
6414 2239981
6415 2238253
6416 2238839
6417 2239751
6418 2241628
6419 2239722
6420 2241557
6421 2244149
6422 2243125
6423 2242209
6424 2240779
6425 2242174
6426 2241968
6427 2242670
6428 2240738
6429 2241495
6430 2241026
6431 2239459
6432 2236985
6433 2237092
6434 2237532
6435 2236888
6436 2236357
6437 2235387
6438 2234575
6439 2233335
6440 2234552
6441 2234932
6442 2235317
6443 2232267
6444 2231975
6445 2231048
6446 2230436
6447 2226127
6448 2227598
6449 2225128
6450 2224116
6451 2222421
6452 2222018
6453 2218862
6454 2217796
6455 2217590
6456 2217406
6457 2216715
6458 2216965
6459 2217744
6460 2215690
6461 2215211
6462 2216321
6463 2216301
6464 2217188
6465 2217513
6466 2216318
6467 2217927
6468 2215414
6469 2215300
6470 2212078
6471 2216032
6472 2215518
6473 2215378
6474 2213050
6475 2215417
6476 2214662
6477 2214984
6478 2215684
6479 2216169
6480 2219273
6481 2217844
6482 2219756
6483 2218168
6484 2218852
6485 2220539
6486 2219202
6487 2218287
6488 2218894
6489 2219919
6490 2220320
6491 2221532
6492 2221336
6493 2220894
6494 2222266
6495 2221863
6496 2223310
6497 2220076
6498 2220867
6499 2222093
6500 2224901
6501 2223299
6502 2224891
6503 2226872
6504 2224826
6505 2228771
6506 2227760
6507 2229976
6508 2232226
6509 2230977
6510 2232931
6511 2234241
6512 2232352
6513 2234564
6514 2236096
6515 2235647
6516 2236921
6517 2237256
6518 2234767
6519 2237891
6520 2239271
6521 2238795
6522 2237836
6523 2236182
6524 2238592
6525 2240342
6526 2239329
6527 2238639
6528 2238597
6529 2238231
6530 2241092
6531 2240611
6532 2239799
6533 2238686
6534 2241057
6535 2241216
6536 2242411
6537 2242891
6538 2244042
6539 2244677
6540 2243744
6541 2242912
6542 2240805
6543 2240464
6544 2242345
6545 2242463
6546 2243157
6547 2243602
6548 2242731
6549 2243063
6550 2244491
6551 2244126
6552 2244495
6553 2245007
6554 2243048
6555 2244930
6556 2246404
6557 2247224
6558 2247476
6559 2249820
6560 2249689
6561 2249674
6562 2249427
6563 2253015
6564 2254179
6565 2255794
6566 2255492
6567 2257005
6568 2257187
6569 2256006
6570 2255867
6571 2256835
6572 2255836
6573 2254724
6574 2257874
6575 2258220
6576 2257268
6577 2257559
6578 2256913
6579 2258342
6580 2255984
6581 2256963
6582 2255749
6583 2255976
6584 2254650
6585 2252548
6586 2250714
6587 2253914
6588 2253969
6589 2253561
6590 2254060
6591 2252423
6592 2252216
6593 2251607
6594 2254121
6595 2254739
6596 2252320
6597 2250817
6598 2251094
6599 2252142
6600 2254314
6601 2254379
6602 2254416
6603 2254476
6604 2257375
6605 2256502
6606 2255240
6607 2255538
6608 2255424
6609 2256258
6610 2257139
6611 2257336
6612 2256393
6613 2255033
6614 2254694
6615 2253572
6616 2253344
6617 2254225
6618 2254101
6619 2253600
6620 2252779
6621 2253016
6622 2248638
6623 2246051
6624 2248443
6625 2248445
6626 2246114
6627 2247457
6628 2248206
6629 2245274
6630 2244811
6631 2241532
6632 2239644
6633 2239152
6634 2238406
6635 2237628
6636 2237597
6637 2235777
6638 2236311
6639 2234571
6640 2234268
6641 2229660
6642 2230811
6643 2227541
6644 2225913
6645 2229425
6646 2229584
6647 2230179
6648 2229847
6649 2229324
6650 2227843
6651 2225669
6652 2226153
6653 2225874
6654 2226002
6655 2224318
6656 2224779
6657 2225167
6658 2227865
6659 2228740
6660 2231345
6661 2229156
6662 2227615
6663 2226950
6664 2226277
6665 2226568
6666 2227161
6667 2228597
6668 2230145
6669 2232546
6670 2228521
6671 2227503
6672 2228427
6673 2229517
6674 2227085
6675 2224392
6676 2222356
6677 2221428
6678 2221253
6679 2224250
6680 2222967
6681 2224733
6682 2221382
6683 2220460
6684 2220105
6685 2219342
6686 2218756
6687 2217889
6688 2217367
6689 2214744
6690 2209503
6691 2209565
6692 2212517
6693 2209287
6694 2206856
6695 2208349
6696 2208048
6697 2207753
6698 2208217
6699 2204458
6700 2202780
6701 2205005
6702 2204196
6703 2203931
6704 2205454
6705 2204724
6706 2204440
6707 2205545
6708 2202725
6709 2201257
6710 2201785
6711 2202439
6712 2201950
6713 2198834
6714 2198945
6715 2197760
6716 2196646
6717 2196601
6718 2195258
6719 2194187
6720 2193852
6721 2192933
6722 2190745
6723 2191026
6724 2187500
6725 2184796
6726 2185112
6727 2183097
6728 2184650
6729 2183375
6730 2180409
6731 2174631
6732 2171351
6733 2172112
6734 2169790
6735 2169736
6736 2165561
6737 2165246
6738 2162711
6739 2161277
6740 2159194
6741 2158367
6742 2157796
6743 2158335
6744 2158679
6745 2156026
6746 2152289
6747 2150122
6748 2150699
6749 2148060
6750 2145501
6751 2147063
6752 2144202
6753 2143329
6754 2141627
6755 2144917
6756 2143821
6757 2141870
6758 2140038
6759 2139317
6760 2140404
6761 2138673
6762 2139965
6763 2135748
6764 2137815
6765 2136452
6766 2135262
6767 2133890
6768 2134192
6769 2137717
6770 2138468
6771 2140188
6772 2140504
6773 2142846
6774 2141721
6775 2139755
6776 2137808
6777 2136570
6778 2138184
6779 2136708
6780 2137286
6781 2135564
6782 2135027
6783 2134780
6784 2135414
6785 2137259
6786 2135230
6787 2134843
6788 2135759
6789 2135308
6790 2135389
6791 2136556
6792 2135597
6793 2136272
6794 2136104
6795 2136401
6796 2136048
6797 2136901
6798 2138014
6799 2136903
6800 2137568
6801 2137061
6802 2137253
6803 2138191
6804 2136995
6805 2137998
6806 2135926
6807 2138177
6808 2138615
6809 2140087
6810 2139040
6811 2139175
6812 2137885
6813 2139934
6814 2142207
6815 2140642
6816 2142364
6817 2142510
6818 2142629
6819 2141639
6820 2142739
6821 2142179
6822 2142316
6823 2142072
6824 2142056
6825 2145250
6826 2140991
6827 2140922
6828 2140929
6829 2141083
6830 2141064
6831 2142327
6832 2142291
6833 2140998
6834 2141067
6835 2141421
6836 2142944
6837 2141305
6838 2141147
6839 2138912
6840 2140340
6841 2141499
6842 2142929
6843 2141796
6844 2143365
6845 2142719
6846 2143961
6847 2142461
6848 2144234
6849 2142705
6850 2143701
6851 2142100
6852 2143273
6853 2144442
6854 2145723
6855 2144061
6856 2144161
6857 2145749
6858 2143990
6859 2144481
6860 2143156
6861 2144574
6862 2144043
6863 2145619
6864 2144591
6865 2144545
6866 2144453
6867 2145056
6868 2146033
6869 2145929
6870 2145377
6871 2142292
6872 2144598
6873 2144243
6874 2143319
6875 2142559
6876 2141763
6877 2144020
6878 2140643
6879 2139953
6880 2139727
6881 2138749
6882 2138430
6883 2137923
6884 2139280
6885 2137745
6886 2136441
6887 2135119
6888 2136746
6889 2136977
6890 2138131
6891 2139548
6892 2135283
6893 2137905
6894 2135333
6895 2136215
6896 2136588
6897 2136166
6898 2136771
6899 2136888
6900 2135159
6901 2137187
6902 2134635
6903 2134849
6904 2135154
6905 2137307
6906 2138551
6907 2141134
6908 2138569
6909 2138634
6910 2138963
6911 2136912
6912 2137724
6913 2136667
6914 2135268
6915 2136012
6916 2134973
6917 2138867
6918 2136602
6919 2135728
6920 2134758
6921 2135946
6922 2135336
6923 2136542
6924 2137568
6925 2134871
6926 2134961
6927 2135753
6928 2133935
6929 2132243
6930 2128540
6931 2129578
6932 2134323
6933 2132312
6934 2132775
6935 2131326
6936 2131968
6937 2134174
6938 2135101
6939 2132101
6940 2133389
6941 2135497
6942 2134042
6943 2134093
6944 2136196
6945 2133995
6946 2132194
6947 2133499
6948 2133517
6949 2133521
6950 2134704
6951 2133744
6952 2132548
6953 2135076
6954 2134480
6955 2137168
6956 2135238
6957 2137214
6958 2136449
6959 2136291
6960 2136562
6961 2136833
6962 2136940
6963 2136868
6964 2137364
6965 2137971
6966 2135953
6967 2136415
6968 2136837
6969 2138887
6970 2135164
6971 2134345
6972 2134036
6973 2134257
6974 2133112
6975 2134087
6976 2134603
6977 2134628
6978 2136550
6979 2135298
6980 2136683
6981 2134882
6982 2137523
6983 2135761
6984 2135605
6985 2136376
6986 2135291
6987 2135569
6988 2136872
6989 2134046
6990 2132400
6991 2132500
6992 2138780
6993 2140332
6994 2137835
6995 2137474
6996 2134961
6997 2135837
6998 2135981
6999 2135407
7000 2135182
7001 2137562
7002 2138499
7003 2140142
7004 2139802
7005 2137043
7006 2138552
7007 2137413
7008 2139216
7009 2138970
7010 2140114
7011 2140669
7012 2136834
7013 2137854
7014 2135354
7015 2137019
7016 2138573
7017 2139380
7018 2139407
7019 2136554
7020 2134672
7021 2135274
7022 2135040
7023 2136256
7024 2137132
7025 2137153
7026 2135666
7027 2135695
7028 2135869
7029 2134195
7030 2134796
7031 2138343
7032 2135265
7033 2134725
7034 2134658
7035 2141270
7036 2138101
7037 2138394
7038 2136032
7039 2136359
7040 2138937
7041 2135028
7042 2134599
7043 2135583
7044 2133834
7045 2134342
7046 2134713
7047 2135178
7048 2133539
7049 2133293
7050 2131370
7051 2132741
7052 2135274
7053 2138536
7054 2134811
7055 2134181
7056 2135289
7057 2134611
7058 2135103
7059 2136591
7060 2136040
7061 2133667
7062 2132788
7063 2134228
7064 2136587
7065 2137383
7066 2137591
7067 2135946
7068 2136517
7069 2136142
7070 2134954
7071 2133664
7072 2135818
7073 2134947
7074 2133794
7075 2135256
7076 2134506
7077 2133611
7078 2135488
7079 2136863
7080 2144501
7081 2143760
7082 2140739
7083 2140553
7084 2141686
7085 2142582
7086 2142731
7087 2141632
7088 2141297
7089 2144892
7090 2145259
7091 2147475
7092 2147893
7093 2149166
7094 2152557
7095 2152763
7096 2154737
7097 2158039
7098 2162467
7099 2163988
7100 2165320
7101 2170756
7102 2176438
7103 2182060
7104 2183176
7105 2180781
7106 2177899
7107 2178792
7108 2182285
7109 2186100
7110 2189161
7111 2191314
7112 2193968
7113 2194693
7114 2194825
7115 2196185
7116 2199335
7117 2201745
7118 2200419
7119 2201692
7120 2202294
7121 2204108
7122 2204224
7123 2208720
7124 2208168
7125 2209979
7126 2210810
7127 2209450
7128 2209419
7129 2206788
7130 2207294
7131 2210192
7132 2208161
7133 2209416
7134 2214296
7135 2215214
7136 2215903
7137 2215246
7138 2217926
7139 2215690
7140 2213774
7141 2215146
7142 2214583
7143 2212740
7144 2213088
7145 2216211
7146 2219801
7147 2223127
7148 2224096
7149 2221254
7150 2219385
7151 2221147
7152 2224544
7153 2226954
7154 2226507
7155 2225708
7156 2225939
7157 2226380
7158 2225389
7159 2226213
7160 2228639
7161 2228384
7162 2231315
7163 2231200
7164 2233274
7165 2232858
7166 2233159
7167 2232367
7168 2237953
7169 2237909
7170 2239509
7171 2242523
7172 2247288
7173 2249109
7174 2252423
7175 2254829
7176 2255883
7177 2261125
7178 2264080
7179 2270844
7180 2274333
7181 2276517
7182 2282356
7183 2289614
7184 2293297
7185 2298525
7186 2302069
7187 2305933
7188 2310476
7189 2312134
7190 2320071
7191 2322513
7192 2325504
7193 2332628
7194 2334402
7195 2337168
7196 2337249
7197 2340062
7198 2345105
7199 2349371
7200 2354757
7201 2356175
7202 2355890
7203 2356440
7204 2362017
7205 2363009
7206 2367676
7207 2367597
7208 2369822
7209 2371635
7210 2374198
7211 2375556
7212 2376411
7213 2379279
7214 2382585
7215 2384898
7216 2389853
7217 2393260
7218 2398362
7219 2404295
7220 2411609
7221 2406704
7222 2404754
7223 2407883
7224 2412433
7225 2416003
7226 2420069
7227 2420308
7228 2424068
7229 2427418
7230 2432722
7231 2430387
7232 2430877
7233 2433732
7234 2433529
7235 2437256
7236 2439207
7237 2437836
7238 2437637
7239 2438029
7240 2438786
7241 2439062
7242 2441070
7243 2441454
7244 2439033
7245 2439150
7246 2440570
7247 2437550
7248 2442976
7249 2443839
7250 2442844
7251 2444456
7252 2443012
7253 2444353
7254 2447531
7255 2449481
7256 2450379
7257 2449271
7258 2449266
7259 2450018
7260 2451602
7261 2452522
7262 2454222
7263 2457152
7264 2454125
7265 2455385
7266 2456838
7267 2454501
7268 2456674
7269 2454427
7270 2458112
7271 2459685
7272 2462011
7273 2459253
7274 2461270
7275 2460813
7276 2464535
7277 2467422
7278 2471195
7279 2472857
7280 2472040
7281 2477434
7282 2480201
7283 2479105
7284 2477845
7285 2483614
7286 2484055
7287 2482215
7288 2480844
7289 2482598
7290 2483136
7291 2483159
7292 2485081
7293 2488274
7294 2488082
7295 2489202
7296 2489956
7297 2490279
7298 2494721
7299 2494829
7300 2495028
7301 2495016
7302 2498086
7303 2500168
7304 2508297
7305 2510310
7306 2507282
7307 2505753
7308 2504750
7309 2505645
7310 2510254
7311 2508061
7312 2499491
7313 2497229
7314 2497956
7315 2495278
7316 2494516
7317 2494362
7318 2492890
7319 2488781
7320 2486761
7321 2482782
7322 2482465
7323 2476303
7324 2473366
7325 2465934
7326 2465594
7327 2464759
7328 2461006
7329 2455981
7330 2453486
7331 2451701
7332 2452289
7333 2443514
7334 2440943
7335 2438445
7336 2436789
7337 2432773
7338 2429337
7339 2422602
7340 2418226
7341 2414593
7342 2410222
7343 2406561
7344 2402687
7345 2404993
7346 2393204
7347 2385954
7348 2379679
7349 2371457
7350 2359546
7351 2353575
7352 2349997
7353 2348302
7354 2348804
7355 2344052
7356 2339841
7357 2333253
7358 2328226
7359 2324026
7360 2322405
7361 2316907
7362 2310990
7363 2304943
7364 2302509
7365 2297729
7366 2293733
7367 2287801
7368 2285026
7369 2281395
7370 2275408
7371 2271628
7372 2266662
7373 2266695
7374 2260993
7375 2254219
7376 2249446
7377 2248619
7378 2244300
7379 2237327
7380 2234903
7381 2233704
7382 2230225
7383 2226261
7384 2222201
7385 2222714
7386 2222253
7387 2221264
7388 2220522
7389 2217328
7390 2215033
7391 2215708
7392 2212966
7393 2209696
7394 2208422
7395 2207855
7396 2207003
7397 2204373
7398 2200962
7399 2197167
7400 2200498
7401 2200464
7402 2198517
7403 2199610
7404 2199365
7405 2199520
7406 2197437
7407 2197903
7408 2195988
7409 2190659
7410 2188806
7411 2184332
7412 2187216
7413 2185620
7414 2184169
7415 2180196
7416 2182145
7417 2178029
7418 2174417
7419 2170302
7420 2173696
7421 2170799
7422 2169213
7423 2166257
7424 2163487
7425 2161697
7426 2161927
7427 2161021
7428 2155907
7429 2152420
7430 2150519
7431 2149110
7432 2148613
7433 2144675
7434 2143608
7435 2140691
7436 2140673
7437 2139236
7438 2137633
7439 2135435
7440 2138666
7441 2137674
7442 2137298
7443 2135845
7444 2137259
7445 2136277
7446 2135590
7447 2132796
7448 2132722
7449 2132145
7450 2133425
7451 2133745
7452 2134987
7453 2134738
7454 2132738
7455 2133974
7456 2134786
7457 2134169
7458 2136371
7459 2133961
7460 2135019
7461 2137331
7462 2134746
7463 2136939
7464 2137754
7465 2137441
7466 2137426
7467 2134869
7468 2137275
7469 2134901
7470 2136318
7471 2136682
7472 2137361
7473 2137972
7474 2136793
7475 2136165
7476 2139344
7477 2139743
7478 2140837
7479 2138945
7480 2141187
7481 2140733
7482 2142291
7483 2141682
7484 2144895
7485 2146519
7486 2146212
7487 2146941
7488 2146745
7489 2147128
7490 2146029
7491 2149602
7492 2149955
7493 2152356
7494 2153882
7495 2154656
7496 2154058
7497 2154402
7498 2156745
7499 2157639
7500 2158882
7501 2158273
7502 2158378
7503 2158852
7504 2159313
7505 2160573
7506 2160947
7507 2162424
7508 2160890
7509 2162692
7510 2161441
7511 2158325
7512 2158151
7513 2157295
7514 2157081
7515 2154934
7516 2155880
7517 2153414
7518 2153404
7519 2155607
7520 2154175
7521 2153725
7522 2152075
7523 2150556
7524 2150782
7525 2148776
7526 2148650
7527 2145316
7528 2147143
7529 2145073
7530 2143998
7531 2144792
7532 2143954
7533 2142125
7534 2142824
7535 2142051
7536 2140345
7537 2140668
7538 2140013
7539 2141503
7540 2139916
7541 2138693
7542 2139546
7543 2137504
7544 2138608
7545 2137835
7546 2137055
7547 2136517
7548 2136154
7549 2135751
7550 2134805
7551 2135656
7552 2135874
7553 2133504
7554 2132189
7555 2133545
7556 2133678
7557 2134488
7558 2132605
7559 2134092
7560 2133033
7561 2134050
7562 2134110
7563 2134332
7564 2134507
7565 2134389
7566 2136846
7567 2136249
7568 2137038
7569 2134916
7570 2135940
7571 2136178
7572 2135745
7573 2135380
7574 2133423
7575 2135845
7576 2137244
7577 2136130
7578 2135247
7579 2134147
7580 2135008
7581 2136306
7582 2136941
7583 2135627
7584 2136432
7585 2138532
7586 2139638
7587 2140326
7588 2142738
7589 2144102
7590 2144449
7591 2145370
7592 2145074
7593 2148065
7594 2150726
7595 2150081
7596 2151758
7597 2152189
7598 2153224
7599 2152879
7600 2153919
7601 2155624
7602 2157201
7603 2157044
7604 2158763
7605 2158612
7606 2160881
7607 2161681
7608 2163743
7609 2164637
7610 2165345
7611 2168540
7612 2168699
7613 2169557
7614 2169013
7615 2168915
7616 2171813
7617 2170853
7618 2172195
7619 2172120
7620 2174622
7621 2173658
7622 2174809
7623 2176989
7624 2175955
7625 2178356
7626 2177910
7627 2177308
7628 2178358
7629 2178662
7630 2178760
7631 2179944
7632 2179000
7633 2179924
7634 2179373
7635 2179089
7636 2180157
7637 2178843
7638 2178936
7639 2179323
7640 2176705
7641 2176688
7642 2175107
7643 2175661
7644 2172290
7645 2171820
7646 2173244
7647 2171563
7648 2171243
7649 2168568
7650 2165266
7651 2163541
7652 2163672
7653 2163403
7654 2162439
7655 2161478
7656 2161506
7657 2159106
7658 2157478
7659 2156689
7660 2153091
7661 2151668
7662 2151108
7663 2150606
7664 2151564
7665 2150244
7666 2147669
7667 2149121
7668 2150492
7669 2148912
7670 2148151
7671 2144939
7672 2146834
7673 2144465
7674 2146266
7675 2143029
7676 2144822
7677 2143962
7678 2147115
7679 2147676
7680 2147001
7681 2148994
7682 2150883
7683 2150869
7684 2149330
7685 2150102
7686 2150833
7687 2152843
7688 2153744
7689 2152111
7690 2152242
7691 2152500
7692 2153446
7693 2151917
7694 2151911
7695 2152604
7696 2154614
7697 2154030
7698 2155080
7699 2155649
7700 2154371
7701 2152516
7702 2152905
7703 2151598
7704 2151674
7705 2151926
7706 2150554
7707 2152678
7708 2153374
7709 2153650
7710 2154063
7711 2154731
7712 2153499
7713 2154933
7714 2157374
7715 2159188
7716 2156725
7717 2157186
7718 2158259
7719 2157196
7720 2157101
7721 2155819
7722 2154825
7723 2155422
7724 2155117
7725 2156555
7726 2156659
7727 2155473
7728 2155200
7729 2152014
7730 2155716
7731 2154077
7732 2152870
7733 2151010
7734 2150137
7735 2150924
7736 2152178
7737 2151456
7738 2150145
7739 2150450
7740 2153619
7741 2151016
7742 2146625
7743 2147741
7744 2149397
7745 2145838
7746 2148972
7747 2147779
7748 2148180
7749 2149111
7750 2148502
7751 2149044
7752 2146095
7753 2146677
7754 2146724
7755 2144158
7756 2144256
7757 2143595
7758 2144637
7759 2145097
7760 2145267
7761 2142470
7762 2144855
7763 2142119
7764 2143534
7765 2145287
7766 2145095
7767 2143428
7768 2143126
7769 2144305
7770 2144960
7771 2143717
7772 2142043
7773 2143877
7774 2147974
7775 2147517
7776 2146642
7777 2146356
7778 2147570
7779 2148871
7780 2147966
7781 2147098
7782 2147570
7783 2144898
7784 2146424
7785 2148245
7786 2148808
7787 2150171
7788 2152237
7789 2151876
7790 2153856
7791 2155467
7792 2157235
7793 2158968
7794 2160440
7795 2162914
7796 2163859
7797 2163828
7798 2166216
7799 2169635
7800 2169592
7801 2170982
7802 2171770
7803 2173407
7804 2175501
7805 2178294
7806 2179639
7807 2179841
7808 2182852
7809 2181704
7810 2184388
7811 2187754
7812 2186147
7813 2189049
7814 2190610
7815 2195152
7816 2198813
7817 2198329
7818 2198904
7819 2200947
7820 2202365
7821 2205047
7822 2205366
7823 2210734
7824 2213078
7825 2214709
7826 2213664
7827 2213954
7828 2212751
7829 2212101
7830 2214356
7831 2213508
7832 2215631
7833 2218245
7834 2220008
7835 2215130
7836 2212890
7837 2215414
7838 2215812
7839 2216163
7840 2215113
7841 2214760
7842 2214252
7843 2216199
7844 2214179
7845 2215541
7846 2218069
7847 2216782
7848 2220390
7849 2221813
7850 2220773
7851 2221350
7852 2223029
7853 2224299
7854 2225720
7855 2226108
7856 2227400
7857 2229543
7858 2232324
7859 2233180
7860 2234703
7861 2235802
7862 2237280
7863 2238981
7864 2238769
7865 2239154
7866 2242805
7867 2244102
7868 2247500
7869 2249160
7870 2247579
7871 2248957
7872 2251954
7873 2253977
7874 2252912
7875 2253540
7876 2252302
7877 2251715
7878 2253642
7879 2252744
7880 2253836
7881 2252960
7882 2253394
7883 2252540
7884 2252383
7885 2251943
7886 2249765
7887 2246851
7888 2244413
7889 2243134
7890 2242764
7891 2239644
7892 2237138
7893 2236983
7894 2234335
7895 2227566
7896 2209298
7897 2205576
7898 2214791
7899 2213300
7900 2220052
