H11890
GateTime 10
GateNumber 0
SN 30430302
0 61671
1 61577
2 61930
3 61335
4 62174
5 62050
6 61430
7 62049
8 61983
9 61739
10 61802
11 61861
12 61868
13 61512
14 61512
15 61144
16 61855
17 61745
18 61349
19 61204
20 61552
21 61409
22 61634
23 61427
24 61878
25 61455
26 61900
27 61820
28 61681
29 61946
30 61696
31 61954
32 61796
33 61676
34 61513
35 61574
36 61442
37 61459
38 61198
39 61553
40 61747
41 61595
42 61430
43 61098
44 61715
45 61254
46 61240
47 61395
48 61170
49 61218
50 61046
51 61413
52 60845
53 61381
54 61555
55 60794
56 61168
57 61208
58 61323
59 61238
60 61157
61 61300
62 61256
63 61226
64 60825
65 60888
66 60942
67 61575
68 61317
69 61487
70 61283
71 61220
72 61611
73 61335
74 61291
75 61384
76 61476
77 61696
78 61724
79 61405
80 62016
81 61469
82 61492
83 62265
84 61720
85 61304
86 61958
87 61747
88 61212
89 61337
90 61698
91 61099
92 61683
93 61382
94 61801
95 61386
96 61641
97 61740
98 61532
99 61651
100 61255
101 61821
102 61341
103 61698
104 61749
105 61637
106 61575
107 61477
108 61648
109 61746
110 61727
111 61704
112 61900
113 62237
114 61330
115 61708
116 61481
117 61580
118 61543
119 61896
120 61460
121 61706
122 61348
123 61396
124 61993
125 61727
126 61694
127 61481
128 61921
129 61981
130 61769
131 61880
132 61905
133 61893
134 61718
135 61921
136 61697
137 61677
138 61901
139 61505
140 61833
141 61742
142 62082
143 61875
144 61831
145 61814
146 61310
147 61922
148 61378
149 61425
150 61372
151 61649
152 61789
153 61121
154 61674
155 61875
156 61523
157 61661
158 61406
159 61409
160 61584
161 61382
162 61878
163 61654
164 61701
165 61686
166 61662
167 61787
168 61760
169 61796
170 61913
171 61421
172 61949
173 61708
174 61789
175 62135
176 61849
177 61659
178 61494
179 62094
180 61857
181 62079
182 61995
183 62065
184 61432
185 61793
186 61432
187 61816
188 61708
189 61875
190 61618
191 62146
192 61890
193 61331
194 61673
195 62126
196 61742
197 62237
198 61698
199 61740
200 61968
201 62038
202 61632
203 61634
204 61627
205 61874
206 61475
207 61634
208 62106
209 61686
210 61654
211 61542
212 61331
213 61785
214 61497
215 61899
216 61709
217 61667
218 61344
219 61477
220 61344
221 61445
222 61773
223 61830
224 61415
225 61981
226 61893
227 61493
228 61896
229 62012
230 61369
231 61704
232 61393
233 61667
234 61448
235 61060
236 61607
237 61391
238 60999
239 61232
240 61061
241 61416
242 61432
243 61243
244 60963
245 61217
246 61214
247 61277
248 60685
249 60963
250 61127
251 60681
252 60581
253 60781
254 60933
255 60908
256 60718
257 61034
258 60579
259 60984
260 60850
261 61365
262 61358
263 60540
264 60729
265 61617
266 61109
267 61202
268 61922
269 61212
270 61117
271 61378
272 61048
273 61406
274 60892
275 61253
276 61005
277 61375
278 61586
279 61440
280 61233
281 61488
282 61319
283 61230
284 61428
285 60929
286 61254
287 61215
288 61548
289 61415
290 61208
291 61624
292 61231
293 61335
294 61153
295 61271
296 61725
297 60818
298 61732
299 61415
300 61140
301 61947
302 61336
303 61775
304 61742
305 61116
306 61263
307 61389
308 61609
309 61437
310 61433
311 60899
312 61215
313 61713
314 61420
315 61722
316 61470
317 61431
318 61393
319 61612
320 61618
321 61511
322 61114
323 61370
324 61784
325 61711
326 61353
327 61436
328 61353
329 61837
330 61506
331 61144
332 61236
333 61028
334 61263
335 61480
336 61033
337 61271
338 61376
339 61265
340 61067
341 61254
342 61142
343 60982
344 61225
345 61394
346 61670
347 61276
348 61192
349 61469
350 61252
351 61089
352 60964
353 61174
354 61393
355 61392
356 61041
357 60744
358 61060
359 60812
360 61112
361 61014
362 61416
363 61240
364 60888
365 61108
366 61210
367 60886
368 60871
369 61509
370 61069
371 61392
372 61379
373 61426
374 61266
375 61776
376 61033
377 61459
378 61704
379 61366
380 61768
381 61545
382 61807
383 61463
384 61214
385 61775
386 61812
387 61306
388 61398
389 61101
390 61310
391 61555
392 61379
393 61491
394 61544
395 61561
396 62077
397 61235
398 61602
399 61634
400 61670
401 61466
402 61574
403 61860
404 61331
405 61916
406 61621
407 61361
408 61485
409 61136
410 61526
411 61821
412 61435
413 61188
414 61103
415 61376
416 61127
417 61510
418 61372
419 61173
420 61473
421 61757
422 61260
423 61470
424 60836
425 61292
426 60960
427 61538
428 61458
429 61409
430 61629
431 61575
432 61342
433 60948
434 60978
435 61177
436 60842
437 61171
438 61087
439 61024
440 61185
441 61175
442 61082
443 60710
444 61054
445 60862
446 61083
447 61194
448 60344
449 60879
450 61143
451 60738
452 60756
453 60731
454 60650
455 60626
456 60846
457 60892
458 61179
459 61212
460 60756
461 60964
462 60874
463 61086
464 60923
465 61007
466 61503
467 61167
468 60890
469 60844
470 61314
471 61352
472 60938
473 61161
474 61748
475 61260
476 61111
477 61297
478 61021
479 61749
480 62111
481 61820
482 61722
483 61795
484 61595
485 61770
486 61294
487 61566
488 61666
489 61815
490 61379
491 61215
492 61120
493 61292
494 61261
495 61603
496 61725
497 61705
498 62000
499 61278
500 61487
501 61538
502 61837
503 61856
504 61987
505 61669
506 61758
507 61768
508 61639
509 61650
510 61756
511 61753
512 61511
513 61429
514 61565
515 61553
516 61700
517 61633
518 61545
519 61221
520 62007
521 61564
522 61642
523 61305
524 61520
525 61802
526 61957
527 61857
528 61370
529 61503
530 62030
531 61658
532 61708
533 61625
534 61921
535 61769
536 61738
537 61866
538 61463
539 61834
540 61470
541 61663
542 61461
543 61483
544 61425
545 61120
546 61434
547 61432
548 61553
549 61100
550 61540
551 61701
552 61101
553 61208
554 61684
555 61287
556 61194
557 61472
558 61318
559 61427
560 61308
561 61409
562 61514
563 61137
564 61401
565 61198
566 61333
567 61370
568 61469
569 61617
570 61554
571 61267
572 61516
573 61619
574 61589
575 61911
576 61808
577 62297
578 62280
579 61596
580 62118
581 61797
582 61904
583 62069
584 61789
585 61708
586 61664
587 61702
588 62081
589 61908
590 62097
591 62275
592 62109
593 61846
594 61627
595 61557
596 61955
597 62321
598 61867
599 61957
600 62169
601 62158
602 62076
603 62466
604 62066
605 61680
606 62135
607 61971
608 61971
609 62163
610 62096
611 62102
612 61982
613 62063
614 61844
615 61867
616 61943
617 61903
618 61965
619 61772
620 62089
621 62034
622 61930
623 62110
624 61689
625 62232
626 61997
627 61834
628 62394
629 61689
630 62139
631 62050
632 62219
633 61721
634 61722
635 61994
636 62036
637 61888
638 61591
639 61793
640 61863
641 61586
642 61715
643 61760
644 61554
645 61142
646 61387
647 61641
648 61280
649 61565
650 61314
651 61123
652 61494
653 61112
654 61268
655 61680
656 61593
657 61389
658 61233
659 61426
660 61660
661 61584
662 61611
663 62044
664 61402
665 61712
666 61188
667 61473
668 61809
669 61642
670 61960
671 61876
672 61829
673 61743
674 61718
675 61687
676 61864
677 62194
678 62314
679 61894
680 62248
681 62262
682 62213
683 61713
684 62000
685 61816
686 61836
687 62199
688 62127
689 61992
690 62069
691 62467
692 62336
693 62198
694 62001
695 62031
696 62070
697 62458
698 62202
699 62536
700 62595
701 62387
702 62127
703 62340
704 62751
705 62280
706 62400
707 62683
708 62331
709 62980
710 62894
711 62669
712 62482
713 62800
714 62682
715 62441
716 62563
717 62713
718 62505
719 62469
720 62302
721 62651
722 62586
723 62509
724 62769
725 62604
726 62602
727 62706
728 62718
729 62605
730 62875
731 62464
732 62579
733 62466
734 62405
735 62296
736 62292
737 62153
738 62482
739 62271
740 62259
741 62291
742 62129
743 62246
744 62127
745 62357
746 62098
747 61727
748 62137
749 62488
750 61953
751 61879
752 62385
753 61388
754 61913
755 61865
756 61678
757 62237
758 62140
759 62152
760 62071
761 62379
762 62059
763 62020
764 62282
765 62216
766 62212
767 62130
768 62285
769 62294
770 62307
771 62589
772 62317
773 62722
774 62309
775 62685
776 62411
777 62489
778 62961
779 62682
780 62022
781 63064
782 62705
783 62676
784 62774
785 62502
786 62680
787 62756
788 62497
789 62931
790 62469
791 63128
792 62902
793 62629
794 62704
795 62905
796 62898
797 62954
798 62419
799 63173
800 62337
801 63116
802 62783
803 63044
804 62753
805 63307
806 63125
807 62903
808 63060
809 63081
810 62578
811 62735
812 63152
813 62709
814 62645
815 62913
816 63101
817 62414
818 62881
819 62801
820 62791
821 62693
822 62721
823 63618
824 62889
825 63210
826 62800
827 62863
828 63114
829 62784
830 62665
831 62855
832 63095
833 62168
834 62569
835 62750
836 62743
837 62847
838 62530
839 62288
840 62329
841 62787
842 62664
843 62529
844 62347
845 62443
846 62429
847 62650
848 62176
849 62261
850 62357
851 61927
852 62200
853 62245
854 62265
855 62222
856 62322
857 62103
858 62387
859 61941
860 62611
861 62415
862 62344
863 62548
864 62222
865 62315
866 62368
867 62673
868 62644
869 62603
870 62726
871 62522
872 62500
873 62585
874 62494
875 62764
876 62920
877 63043
878 62789
879 62776
880 62993
881 62909
882 63284
883 62685
884 62486
885 63039
886 63033
887 62983
888 62726
889 62783
890 62706
891 62573
892 62875
893 62972
894 63288
895 63393
896 62822
897 63184
898 62800
899 62944
900 62914
901 63474
902 63059
903 63253
904 63688
905 63260
906 63218
907 63223
908 63079
909 63257
910 63196
911 63061
912 63138
913 63088
914 63475
915 62793
916 63240
917 63080
918 63275
919 63198
920 63322
921 63099
922 63305
923 63319
924 63177
925 63585
926 62936
927 62967
928 63025
929 63326
930 62808
931 62936
932 62955
933 63100
934 62964
935 62859
936 62920
937 63105
938 62856
939 62664
940 63127
941 62435
942 62755
943 62523
944 62529
945 62795
946 62789
947 62510
948 62655
949 62489
950 62753
951 62797
952 62967
953 62350
954 62543
955 62532
956 62495
957 62563
958 62889
959 62989
960 62800
961 62609
962 62550
963 62643
964 62741
965 63177
966 62750
967 62543
968 63129
969 63085
970 62805
971 62695
972 63281
973 62857
974 62959
975 63174
976 63338
977 63131
978 63224
979 63454
980 63155
981 63419
982 63382
983 63132
984 63217
985 63216
986 62666
987 63361
988 63395
989 63151
990 63410
991 63039
992 63509
993 63231
994 63127
995 63433
996 63585
997 63245
998 63530
999 63489
1000 63313
1001 63592
1002 63003
1003 63515
1004 63520
1005 63661
1006 63450
1007 63498
1008 63026
1009 63246
1010 63655
1011 63224
1012 63407
1013 63538
1014 62950
1015 63452
1016 63362
1017 63365
1018 63461
1019 63272
1020 62924
1021 63114
1022 63184
1023 63025
1024 62887
1025 63513
1026 63190
1027 63379
1028 63057
1029 63081
1030 63488
1031 63007
1032 63502
1033 63111
1034 62935
1035 62711
1036 62610
1037 62884
1038 62710
1039 63315
1040 62889
1041 63016
1042 62720
1043 62777
1044 62434
1045 62726
1046 62610
1047 62690
1048 62012
1049 62610
1050 62519
1051 62639
1052 62849
1053 62555
1054 63070
1055 62760
1056 63035
1057 62585
1058 62330
1059 62148
1060 62427
1061 62577
1062 62784
1063 62585
1064 62599
1065 62430
1066 62892
1067 62436
1068 62728
1069 62920
1070 62569
1071 63099
1072 62857
1073 62916
1074 62839
1075 63101
1076 63266
1077 63032
1078 63300
1079 63414
1080 63152
1081 62905
1082 63042
1083 62937
1084 63173
1085 62499
1086 63345
1087 62897
1088 63216
1089 62921
1090 62800
1091 62904
1092 63129
1093 63002
1094 63154
1095 63077
1096 63043
1097 63148
1098 63501
1099 63095
1100 63256
1101 63341
1102 63457
1103 63359
1104 63599
1105 63589
1106 63700
1107 63385
1108 63486
1109 63466
1110 63054
1111 63366
1112 63269
1113 63141
1114 63294
1115 63650
1116 63346
1117 63242
1118 63388
1119 63375
1120 63197
1121 63353
1122 63367
1123 62668
1124 63192
1125 63293
1126 63029
1127 63269
1128 63354
1129 63126
1130 62979
1131 63110
1132 63013
1133 63410
1134 63259
1135 63112
1136 62697
1137 62833
1138 63339
1139 62718
1140 62995
1141 62830
1142 62478
1143 62818
1144 62600
1145 62449
1146 63065
1147 62400
1148 62819
1149 62841
1150 62355
1151 62819
1152 62623
1153 62263
1154 62629
1155 62132
1156 62400
1157 62626
1158 62823
1159 62645
1160 62871
1161 62550
1162 62723
1163 62736
1164 62704
1165 62827
1166 62397
1167 62753
1168 63151
1169 62838
1170 63058
1171 62941
1172 62931
1173 62984
1174 63091
1175 63192
1176 63456
1177 63252
1178 63231
1179 62893
1180 63488
1181 63156
1182 63017
1183 63227
1184 63088
1185 63358
1186 63177
1187 63448
1188 63196
1189 63271
1190 63464
1191 63748
1192 63355
1193 62909
1194 63183
1195 63407
1196 63698
1197 63407
1198 63118
1199 63315
1200 63299
1201 63495
1202 63076
1203 63397
1204 63760
1205 63284
1206 63333
1207 63185
1208 63365
1209 63533
1210 63102
1211 63225
1212 63317
1213 63359
1214 63350
1215 63151
1216 63117
1217 62947
1218 63030
1219 63350
1220 63155
1221 63046
1222 63226
1223 63376
1224 63211
1225 63164
1226 63591
1227 63411
1228 63313
1229 63113
1230 63387
1231 63171
1232 62986
1233 63484
1234 63047
1235 63482
1236 62872
1237 63274
1238 62836
1239 62516
1240 62883
1241 63084
1242 62711
1243 62737
1244 62895
1245 63040
1246 63052
1247 62732
1248 62526
1249 63301
1250 62844
1251 62657
1252 62791
1253 62540
1254 62483
1255 62644
1256 62902
1257 62859
1258 62981
1259 63062
1260 62704
1261 62960
1262 62696
1263 62801
1264 63175
1265 63395
1266 63138
1267 62885
1268 63025
1269 62823
1270 63043
1271 63166
1272 63068
1273 62822
1274 62957
1275 62843
1276 63057
1277 63025
1278 63061
1279 63325
1280 63603
1281 63118
1282 63348
1283 63364
1284 63353
1285 63218
1286 63456
1287 63372
1288 63823
1289 63207
1290 62935
1291 63422
1292 63396
1293 63546
1294 63697
1295 63591
1296 63169
1297 63172
1298 63865
1299 63716
1300 64035
1301 63466
1302 63604
1303 63412
1304 63753
1305 63367
1306 63366
1307 63560
1308 63668
1309 63476
1310 63400
1311 63029
1312 63059
1313 63119
1314 63196
1315 63260
1316 63129
1317 63365
1318 63235
1319 63330
1320 62944
1321 63063
1322 62958
1323 63171
1324 63328
1325 63544
1326 63405
1327 63572
1328 63786
1329 63044
1330 63184
1331 62990
1332 63072
1333 63367
1334 62802
1335 62542
1336 62581
1337 63209
1338 62687
1339 63382
1340 62964
1341 62721
1342 62698
1343 62657
1344 62830
1345 62249
1346 63021
1347 62859
1348 62607
1349 62672
1350 62440
1351 62331
1352 62335
1353 62658
1354 62722
1355 62626
1356 62631
1357 62516
1358 62465
1359 62680
1360 63178
1361 62308
1362 62750
1363 62787
1364 62440
1365 62485
1366 62576
1367 62911
1368 62735
1369 63221
1370 63190
1371 63117
1372 62789
1373 62520
1374 63022
1375 62758
1376 63117
1377 62809
1378 63237
1379 63325
1380 63241
1381 62857
1382 63186
1383 63095
1384 63102
1385 63644
1386 63550
1387 63000
1388 62746
1389 63124
1390 63187
1391 63068
1392 63190
1393 63467
1394 63128
1395 63488
1396 63033
1397 63289
1398 63052
1399 63024
1400 62706
1401 63194
1402 63432
1403 63231
1404 63198
1405 63767
1406 63303
1407 63102
1408 63086
1409 63421
1410 63031
1411 63176
1412 63027
1413 63280
1414 63447
1415 63421
1416 63008
1417 62925
1418 63041
1419 63330
1420 62994
1421 62659
1422 63245
1423 63375
1424 62799
1425 63035
1426 62875
1427 62981
1428 63089
1429 63176
1430 63044
1431 63170
1432 63546
1433 62724
1434 63134
1435 62786
1436 62668
1437 62720
1438 62671
1439 62915
1440 62811
1441 62369
1442 62965
1443 62687
1444 62158
1445 62612
1446 62434
1447 62169
1448 62239
1449 62074
1450 62308
1451 62485
1452 62394
1453 62345
1454 62234
1455 62527
1456 62228
1457 62715
1458 62772
1459 62422
1460 62207
1461 62375
1462 62422
1463 62499
1464 62840
1465 62324
1466 62484
1467 62550
1468 62725
1469 62507
1470 62983
1471 62473
1472 62727
1473 63013
1474 62731
1475 62454
1476 63275
1477 62885
1478 63279
1479 62720
1480 63287
1481 63361
1482 63050
1483 63090
1484 63032
1485 62995
1486 62817
1487 62678
1488 62895
1489 62961
1490 62752
1491 63263
1492 62950
1493 63054
1494 63083
1495 62944
1496 62458
1497 63173
1498 63210
1499 62873
1500 62649
1501 63101
1502 62888
1503 63246
1504 63029
1505 63011
1506 63048
1507 63261
1508 63311
1509 63098
1510 63221
1511 63027
1512 63089
1513 63310
1514 62931
1515 62858
1516 62979
1517 62700
1518 62758
1519 62693
1520 62594
1521 62851
1522 62592
1523 63109
1524 62839
1525 62926
1526 63053
1527 62810
1528 62980
1529 62956
1530 62575
1531 62805
1532 62390
1533 62369
1534 62440
1535 62923
1536 62130
1537 62550
1538 62705
1539 62284
1540 62248
1541 62576
1542 62592
1543 62208
1544 62504
1545 62458
1546 62150
1547 62290
1548 61819
1549 62303
1550 62166
1551 61691
1552 62246
1553 62069
1554 62071
1555 62061
1556 61967
1557 62084
1558 62232
1559 62377
1560 61971
1561 62479
1562 62187
1563 62463
1564 62194
1565 62268
1566 62261
1567 62244
1568 62022
1569 62578
1570 62423
1571 62405
1572 62494
1573 62253
1574 61876
1575 62758
1576 61960
1577 62752
1578 62543
1579 62548
1580 62897
1581 62834
1582 62793
1583 62854
1584 62674
1585 62715
1586 62581
1587 62530
1588 62467
1589 62740
1590 62350
1591 62569
1592 62477
1593 62723
1594 62347
1595 62611
1596 62630
1597 62684
1598 62271
1599 63005
1600 63019
1601 63096
1602 63043
1603 63151
1604 62849
1605 63108
1606 62642
1607 62600
1608 62809
1609 62708
1610 62742
1611 62857
1612 62793
1613 62283
1614 62879
1615 62541
1616 62822
1617 62768
1618 63001
1619 62959
1620 62637
1621 62840
1622 62589
1623 62816
1624 62767
1625 62604
1626 63205
1627 62887
1628 62670
1629 63001
1630 62514
1631 62571
1632 62687
1633 62427
1634 62655
1635 62037
1636 62177
1637 62025
1638 62152
1639 62603
1640 62180
1641 62217
1642 62450
1643 62574
1644 62073
1645 62284
1646 62373
1647 62342
1648 62337
1649 62136
1650 61894
1651 62451
1652 62655
1653 62215
1654 61981
1655 62511
1656 62045
1657 62306
1658 61931
1659 62338
1660 62680
1661 61840
1662 62401
1663 62409
1664 62144
1665 62327
1666 62500
1667 62246
1668 62071
1669 62196
1670 62266
1671 62137
1672 62337
1673 62541
1674 62426
1675 62423
1676 62815
1677 62179
1678 62587
1679 62680
1680 62463
1681 62714
1682 62740
1683 62354
1684 62433
1685 62805
1686 62573
1687 62984
1688 62528
1689 62855
1690 62719
1691 62794
1692 62849
1693 63066
1694 62952
1695 62821
1696 62748
1697 62654
1698 62890
1699 62831
1700 62576
1701 62916
1702 62561
1703 62725
1704 63010
1705 62792
1706 62893
1707 62542
1708 62923
1709 63124
1710 62420
1711 62858
1712 62687
1713 62545
1714 62488
1715 62377
1716 62696
1717 62437
1718 62602
1719 62589
1720 62808
1721 62824
1722 62751
1723 62371
1724 62298
1725 62298
1726 62938
1727 63055
1728 62720
1729 62644
1730 62570
1731 62657
1732 62353
1733 62524
1734 62113
1735 62472
1736 62209
1737 62369
1738 61962
1739 62372
1740 62201
1741 62028
1742 61894
1743 62037
1744 62031
1745 61947
1746 62042
1747 62046
1748 61843
1749 62115
1750 62056
1751 62379
1752 62045
1753 61860
1754 61580
1755 61911
1756 62208
1757 62292
1758 61657
1759 62070
1760 62108
1761 62031
1762 62063
1763 61817
1764 61985
1765 62194
1766 62207
1767 61927
1768 62545
1769 62024
1770 62240
1771 62174
1772 62148
1773 62684
1774 62131
1775 62301
1776 62668
1777 62438
1778 62517
1779 62472
1780 63084
1781 62972
1782 62247
1783 62777
1784 62602
1785 62865
1786 62251
1787 62489
1788 62545
1789 62437
1790 62845
1791 62379
1792 63097
1793 62912
1794 62825
1795 63017
1796 62339
1797 62404
1798 62367
1799 62588
1800 62947
1801 62973
1802 62769
1803 62824
1804 62584
1805 62710
1806 63005
1807 63012
1808 62811
1809 62560
1810 62708
1811 62442
1812 62367
1813 62575
1814 62370
1815 62247
1816 62579
1817 62472
1818 62526
1819 62750
1820 62588
1821 61990
1822 62158
1823 62583
1824 62469
1825 62351
1826 62415
1827 62638
1828 62410
1829 62594
1830 62277
1831 62245
1832 62488
1833 62215
1834 62586
1835 61934
1836 62003
1837 62066
1838 61888
1839 62116
1840 62037
1841 62237
1842 62304
1843 62113
1844 62291
1845 61822
1846 61977
1847 61442
1848 61635
1849 62255
1850 62147
1851 61835
1852 62051
1853 61920
1854 61716
1855 62201
1856 61562
1857 61751
1858 62049
1859 61729
1860 61950
1861 61839
1862 62215
1863 62197
1864 61693
1865 62124
1866 62250
1867 62028
1868 61797
1869 62256
1870 61709
1871 62200
1872 61871
1873 62170
1874 62469
1875 62477
1876 62258
1877 61880
1878 62239
1879 62367
1880 62600
1881 62932
1882 62285
1883 62436
1884 62544
1885 62058
1886 62431
1887 62339
1888 62549
1889 62415
1890 62356
1891 62449
1892 62112
1893 62374
1894 62487
1895 62568
1896 62721
1897 62202
1898 62327
1899 62594
1900 62741
1901 62696
1902 62501
1903 63226
1904 62580
1905 62951
1906 62984
1907 62321
1908 62336
1909 62674
1910 62728
1911 62432
1912 62541
1913 62528
1914 62764
1915 62423
1916 62628
1917 62416
1918 62913
1919 62666
1920 62434
1921 62626
1922 62419
1923 62369
1924 61728
1925 62509
1926 62888
1927 62460
1928 62576
1929 62152
1930 62618
1931 62952
1932 62442
1933 62500
1934 62149
1935 62493
1936 62135
1937 62071
1938 62082
1939 61902
1940 62508
1941 62257
1942 62227
1943 62115
1944 61929
1945 62427
1946 62265
1947 62119
1948 62296
1949 62036
1950 62187
1951 61866
1952 61970
1953 61672
1954 62170
1955 61841
1956 61945
1957 61699
1958 61779
1959 61700
1960 62169
1961 62416
1962 62254
1963 61525
1964 62186
1965 62255
1966 62253
1967 62298
1968 61839
1969 62329
1970 62498
1971 62261
1972 62186
1973 61962
1974 62285
1975 62152
1976 62459
1977 62695
1978 62736
1979 62182
1980 62209
1981 62567
1982 62675
1983 62751
1984 62307
1985 62542
1986 62058
1987 62388
1988 62618
1989 62480
1990 62562
1991 62936
1992 62738
1993 62228
1994 62564
1995 62669
1996 62644
1997 62843
1998 62679
1999 62972
2000 62426
2001 62661
2002 62797
2003 62719
2004 62859
2005 62475
2006 62564
2007 62981
2008 62934
2009 62525
2010 62770
2011 62812
2012 62550
2013 62189
2014 62552
2015 62339
2016 62458
2017 62563
2018 62462
2019 62187
2020 62482
2021 62185
2022 62258
2023 62293
2024 62118
2025 62515
2026 62199
2027 62095
2028 62708
2029 62550
2030 62771
2031 62330
2032 62412
2033 62561
2034 62188
2035 62083
2036 62647
2037 61730
2038 62660
2039 62308
2040 61514
2041 62374
2042 62132
2043 62199
2044 61900
2045 62142
2046 61554
2047 61739
2048 61937
2049 61898
2050 62279
2051 61655
2052 62082
2053 61690
2054 61928
2055 61695
2056 62212
2057 62235
2058 61980
2059 61861
2060 61984
2061 61944
2062 61948
2063 61970
2064 61912
2065 61849
2066 62176
2067 62372
2068 62430
2069 62059
2070 62553
2071 62110
2072 62020
2073 62333
2074 62653
2075 62076
2076 62750
2077 62500
2078 62480
2079 62949
2080 62454
2081 62505
2082 62357
2083 62231
2084 62362
2085 62667
2086 62392
2087 62325
2088 61959
2089 62439
2090 62364
2091 62291
2092 62651
2093 62730
2094 62313
2095 62584
2096 62468
2097 62463
2098 62221
2099 62449
2100 62544
2101 62560
2102 62543
2103 62392
2104 63067
2105 62708
2106 62353
2107 62379
2108 62617
2109 62451
2110 62345
2111 62164
2112 62204
2113 62408
2114 62235
2115 62494
2116 62173
2117 61947
2118 62608
2119 62109
2120 62145
2121 62344
2122 62260
2123 62508
2124 62246
2125 62655
2126 62514
2127 62199
2128 62800
2129 62855
2130 62373
2131 62705
2132 61934
2133 62662
2134 62022
2135 62137
2136 61868
2137 62042
2138 62343
2139 62065
2140 62159
2141 62052
2142 61798
2143 62025
2144 61908
2145 61926
2146 61880
2147 62371
2148 61787
2149 61908
2150 61713
2151 62077
2152 61399
2153 61719
2154 61985
2155 61528
2156 61573
2157 61732
2158 61877
2159 61756
2160 61582
2161 61737
2162 61728
2163 61337
2164 61658
2165 61974
2166 61802
2167 61987
2168 61995
2169 61945
2170 61832
2171 62328
2172 62231
2173 62124
2174 61988
2175 62190
2176 62198
2177 62648
2178 62194
2179 62478
2180 61949
2181 62523
2182 62191
2183 62306
2184 62206
2185 62281
2186 62180
2187 62509
2188 62471
2189 62351
2190 61689
2191 62106
2192 62108
2193 62406
2194 62743
2195 62258
2196 62366
2197 62685
2198 62274
2199 62545
2200 62420
2201 62187
2202 62456
2203 62572
2204 61998
2205 62348
2206 62400
2207 62453
2208 62665
2209 62198
2210 62278
2211 62431
2212 62521
2213 62271
2214 62565
2215 62247
2216 61839
2217 62500
2218 62025
2219 61862
2220 61863
2221 62083
2222 62049
2223 62478
2224 62378
2225 62055
2226 62305
2227 62269
2228 62278
2229 62392
2230 61968
2231 62272
2232 62193
2233 61852
2234 62241
2235 61793
2236 61674
2237 61765
2238 61754
2239 61785
2240 61885
2241 62060
2242 61626
2243 61969
2244 61939
2245 61598
2246 61495
2247 61749
2248 61886
2249 61477
2250 61567
2251 61541
2252 61641
2253 61608
2254 61399
2255 61936
2256 61513
2257 61788
2258 61712
2259 61711
2260 61355
2261 61744
2262 61691
2263 61875
2264 61709
2265 61618
2266 61939
2267 61718
2268 61556
2269 61804
2270 61515
2271 61691
2272 61872
2273 61888
2274 61566
2275 62404
2276 61585
2277 61699
2278 62320
2279 62369
2280 62615
2281 62104
2282 61856
2283 62250
2284 62003
2285 62315
2286 61789
2287 62268
2288 62216
2289 61978
2290 61871
2291 61629
2292 62314
2293 62200
2294 62139
2295 62160
2296 62343
2297 62285
2298 62363
2299 61513
2300 62348
2301 62312
2302 62157
2303 62309
2304 62097
2305 62141
2306 62216
2307 61723
2308 61951
2309 62272
2310 61801
2311 62385
2312 61890
2313 62056
2314 62226
2315 61720
2316 62252
2317 62204
2318 62027
2319 62139
2320 61934
2321 61976
2322 62180
2323 62141
2324 62207
2325 61809
2326 61904
2327 61782
2328 61810
2329 62339
2330 62364
2331 61760
2332 61796
2333 62116
2334 61731
2335 61662
2336 61804
2337 61879
2338 61793
2339 61810
2340 61626
2341 61901
2342 61626
2343 61562
2344 61174
2345 61728
2346 61899
2347 61814
2348 61679
2349 61392
2350 61363
2351 61752
2352 61343
2353 61523
2354 61538
2355 61985
2356 61326
2357 61464
2358 61121
2359 61655
2360 61361
2361 61380
2362 61446
2363 61714
2364 61175
2365 61857
2366 61113
2367 62128
2368 61687
2369 61541
2370 62039
2371 61208
2372 61500
2373 61524
2374 62168
2375 61865
2376 61817
2377 61689
2378 62403
2379 61855
2380 61917
2381 61581
2382 62009
2383 62083
2384 61600
2385 61797
2386 62265
2387 62163
2388 61976
2389 62053
2390 61720
2391 61840
2392 62078
2393 62078
2394 61899
2395 62071
2396 62018
2397 62192
2398 62033
2399 61771
2400 62008
2401 61913
2402 61962
2403 62330
2404 62195
2405 62180
2406 62257
2407 61804
2408 62211
2409 62206
2410 62026
2411 61958
2412 62078
2413 61663
2414 62236
2415 62030
2416 61825
2417 61489
2418 62075
2419 62081
2420 62092
2421 61990
2422 61380
2423 61998
2424 61825
2425 61605
2426 61628
2427 61699
2428 61730
2429 61616
2430 61768
2431 61915
2432 62108
2433 61322
2434 61606
2435 61548
2436 61214
2437 61901
2438 61243
2439 61706
2440 61493
2441 61463
2442 61436
2443 61762
2444 61584
2445 61260
2446 61552
2447 61414
2448 60974
2449 61141
2450 61692
2451 61261
2452 61200
2453 61484
2454 61300
2455 60977
2456 60977
2457 61429
2458 60825
2459 61331
2460 61145
2461 61703
2462 61259
2463 61565
2464 61920
2465 61430
2466 61471
2467 61468
2468 61717
2469 61293
2470 61395
2471 61582
2472 61553
2473 61506
2474 61292
2475 61840
2476 61403
2477 61455
2478 62075
2479 61845
2480 61763
2481 61649
2482 62223
2483 62043
2484 61688
2485 61682
2486 61922
2487 62038
2488 61998
2489 61539
2490 61912
2491 61742
2492 62026
2493 61883
2494 61729
2495 61542
2496 61678
2497 62039
2498 61775
2499 62143
2500 62096
2501 61924
2502 62244
2503 62456
2504 61911
2505 61438
2506 61976
2507 61874
2508 62134
2509 61754
2510 61726
2511 61973
2512 62154
2513 61659
2514 61939
2515 61664
2516 61557
2517 61786
2518 62286
2519 61589
2520 61920
2521 61628
2522 61673
2523 62030
2524 62304
2525 61522
2526 61447
2527 62056
2528 62018
2529 61738
2530 61779
2531 62244
2532 62048
2533 61624
2534 61481
2535 61447
2536 61397
2537 61495
2538 61283
2539 61351
2540 61978
2541 61328
2542 61086
2543 61851
2544 61557
2545 61027
2546 61559
2547 61186
2548 61116
2549 60949
2550 61101
2551 61074
2552 61811
2553 61011
2554 61353
2555 61634
2556 61483
2557 61188
2558 61075
2559 61205
2560 61726
2561 61502
2562 61440
2563 61156
2564 61386
2565 61487
2566 61499
2567 61042
2568 61686
2569 61466
2570 61749
2571 61707
2572 61837
2573 61623
2574 61716
2575 61539
2576 61494
2577 61868
2578 61420
2579 62163
2580 62162
2581 61587
2582 61584
2583 61848
2584 61877
2585 61689
2586 61864
2587 61576
2588 61786
2589 61508
2590 61438
2591 61892
2592 62142
2593 61799
2594 62218
2595 61795
2596 62139
2597 61786
2598 61478
2599 61790
2600 61689
2601 61625
2602 61970
2603 61744
2604 61710
2605 62041
2606 61951
2607 62128
2608 62008
2609 61892
2610 61958
2611 61853
2612 61707
2613 61708
2614 61269
2615 61570
2616 61734
2617 61770
2618 62045
2619 61314
2620 61255
2621 61742
2622 61503
2623 61687
2624 62074
2625 62152
2626 61913
2627 61618
2628 61393
2629 62199
2630 61826
2631 62054
2632 62032
2633 61508
2634 61418
2635 61659
2636 61482
2637 61859
2638 61659
2639 61264
2640 61492
2641 61742
2642 61291
2643 61035
2644 61216
2645 61228
2646 61482
2647 61284
2648 61185
2649 61209
2650 61183
2651 61298
2652 60835
2653 61123
2654 61469
2655 61144
2656 61378
2657 61339
2658 61837
2659 61377
2660 61247
2661 61427
2662 60887
2663 60967
2664 61135
2665 61176
2666 61553
2667 61149
2668 61112
2669 61738
2670 61399
2671 61412
2672 61382
2673 61222
2674 61443
2675 61614
2676 61752
2677 61544
2678 61508
2679 61896
2680 62314
2681 61679
2682 61827
2683 61796
2684 61557
2685 61785
2686 61359
2687 61767
2688 61699
2689 61791
2690 61363
2691 61765
2692 61806
2693 61647
2694 61385
2695 61411
2696 61498
2697 61254
2698 61796
2699 61727
2700 61756
2701 61331
2702 61844
2703 61828
2704 62073
2705 61923
2706 61595
2707 61911
2708 62198
2709 62088
2710 61727
2711 61791
2712 61633
2713 61926
2714 61215
2715 61724
2716 61323
2717 61751
2718 61370
2719 61469
2720 61438
2721 61614
2722 61563
2723 61633
2724 61804
2725 61982
2726 61490
2727 61892
2728 61860
2729 61980
2730 61776
2731 62307
2732 61832
2733 61680
2734 61634
2735 61663
2736 61879
2737 61364
2738 61927
2739 61367
2740 61089
2741 61649
2742 61357
2743 61026
2744 61636
2745 61672
2746 61149
2747 61101
2748 61336
2749 61221
2750 61777
2751 61606
2752 61432
2753 61298
2754 61439
2755 60922
2756 61208
2757 61050
2758 61511
2759 61236
2760 61187
2761 60876
2762 61388
2763 61286
2764 62069
2765 61599
2766 61088
2767 61345
2768 61658
2769 61031
2770 62116
2771 61407
2772 61418
2773 61339
2774 61687
2775 61926
2776 61596
2777 61643
2778 61593
2779 62049
2780 61802
2781 62167
2782 61943
2783 62178
2784 61891
2785 61997
2786 61941
2787 61696
2788 61559
2789 61934
2790 61898
2791 61582
2792 62307
2793 61841
2794 61535
2795 61838
2796 61952
2797 62015
2798 61918
2799 62204
2800 61600
2801 61998
2802 61979
2803 61868
2804 61840
2805 62140
2806 61305
2807 61521
2808 61902
2809 61848
2810 61875
2811 61829
2812 61864
2813 61847
2814 61265
2815 61441
2816 61708
2817 61800
2818 62003
2819 61932
2820 62232
2821 62074
2822 61764
2823 61722
2824 62185
2825 61989
2826 61795
2827 61903
2828 62036
2829 61883
2830 61852
2831 61603
2832 61513
2833 61572
2834 61751
2835 61834
2836 61631
2837 61574
2838 61622
2839 61609
2840 61290
2841 61706
2842 61299
2843 61549
2844 61646
2845 61481
2846 60911
2847 61515
2848 61422
2849 61282
2850 61206
2851 61595
2852 61404
2853 60950
2854 61410
2855 61103
2856 60943
2857 61331
2858 61642
2859 61180
2860 61511
2861 61451
2862 60971
2863 61462
2864 61255
2865 61161
2866 61481
2867 61800
2868 61786
2869 61611
2870 61693
2871 60736
2872 61571
2873 61785
2874 61615
2875 61773
2876 61611
2877 61813
2878 61853
2879 61655
2880 61910
2881 62231
2882 62057
2883 61647
2884 61491
2885 61706
2886 61918
2887 61684
2888 61569
2889 61899
2890 61416
2891 61696
2892 61319
2893 61926
2894 61757
2895 61972
2896 61846
2897 61823
2898 61358
2899 62156
2900 62203
2901 61930
2902 61670
2903 61972
2904 61775
2905 61813
2906 61457
2907 61635
2908 61824
2909 61696
2910 62019
2911 61416
2912 61644
2913 62135
2914 61714
2915 61707
2916 61325
2917 61930
2918 61949
2919 61632
2920 61806
2921 61726
2922 61506
2923 61803
2924 61694
2925 62141
2926 61703
2927 61734
2928 61855
2929 61915
2930 61638
2931 62044
2932 61907
2933 61464
2934 61470
2935 61206
2936 61732
2937 61386
2938 61392
2939 61428
2940 60972
2941 61088
2942 61362
2943 61441
2944 61160
2945 61271
2946 61005
2947 61295
2948 61238
2949 61518
2950 61247
2951 61111
2952 61378
2953 60935
2954 60888
2955 61417
2956 61262
2957 61149
2958 61127
2959 61376
2960 61490
2961 61326
2962 61089
2963 61110
2964 61207
2965 61503
2966 61194
2967 61590
2968 61559
2969 61365
2970 61325
2971 61688
2972 61533
2973 61519
2974 61144
2975 61691
2976 61745
2977 61692
2978 61456
2979 61658
2980 61769
2981 61942
2982 61919
2983 61751
2984 61874
2985 62060
2986 61275
2987 61731
2988 61968
2989 62078
2990 62155
2991 61708
2992 61805
2993 61685
2994 62002
2995 61645
2996 61737
2997 61711
2998 61894
2999 62292
3000 61935
3001 61586
3002 62240
3003 61679
3004 62073
3005 62062
3006 62041
3007 61772
3008 61882
3009 61921
3010 61916
3011 61925
3012 61985
3013 61972
3014 61713
3015 61853
3016 61764
3017 61813
3018 61986
3019 61765
3020 61748
3021 61899
3022 61750
3023 61613
3024 61940
3025 62128
3026 62136
3027 62132
3028 61799
3029 62263
3030 62265
3031 61951
3032 61582
3033 61584
3034 61919
3035 61335
3036 61742
3037 61659
3038 61419
3039 61892
3040 61623
3041 61536
3042 61482
3043 61473
3044 61609
3045 61523
3046 61960
3047 61301
3048 61482
3049 61037
3050 61319
3051 61157
3052 61086
3053 61463
3054 61112
3055 61339
3056 61525
3057 61498
3058 61489
3059 61237
3060 61704
3061 61736
3062 61227
3063 61395
3064 61326
3065 61644
3066 61896
3067 61282
3068 61595
3069 61423
3070 62180
3071 61551
3072 61713
3073 61612
3074 61759
3075 61575
3076 61974
3077 61778
3078 61693
3079 61661
3080 62227
3081 61892
3082 61718
3083 61506
3084 61803
3085 61822
3086 61941
3087 61368
3088 62025
3089 61548
3090 61744
3091 61623
3092 61411
3093 61577
3094 61505
3095 61468
3096 61480
3097 61016
3098 61521
3099 62257
3100 61218
3101 61560
3102 61772
3103 61978
3104 61937
3105 61720
3106 61564
3107 61579
3108 61587
3109 61943
3110 61584
3111 61130
3112 61998
3113 61254
3114 61308
3115 61349
3116 61343
3117 61452
3118 61735
3119 60886
3120 61249
3121 61258
3122 61584
3123 61488
3124 61314
3125 60948
3126 62028
3127 61580
3128 61541
3129 61623
3130 61702
3131 61332
3132 61506
3133 60956
3134 60859
3135 60969
3136 60956
3137 61015
3138 61173
3139 61226
3140 61073
3141 61008
3142 61415
3143 60894
3144 60965
3145 61147
3146 61200
3147 61207
3148 60975
3149 60884
3150 60888
3151 60824
3152 60694
3153 60704
3154 61206
3155 60561
3156 60908
3157 60927
3158 60718
3159 60697
3160 60995
3161 60524
3162 60852
3163 61044
3164 60524
3165 60969
3166 60908
3167 61206
3168 60596
3169 61021
3170 61104
3171 61284
3172 60612
3173 60987
3174 61197
3175 61267
3176 61165
3177 61105
3178 61257
3179 61186
3180 61458
3181 61431
3182 61044
3183 61518
3184 61152
3185 60777
3186 61476
3187 61183
3188 60998
3189 60857
3190 61256
3191 60618
3192 61267
3193 61133
3194 60952
3195 60965
3196 60811
3197 60878
3198 61874
3199 61247
3200 61274
3201 60697
3202 61149
3203 61596
3204 60881
3205 61138
3206 61096
3207 61339
3208 61066
3209 61346
3210 60819
3211 61260
3212 61318
3213 61152
3214 60930
3215 60852
3216 60811
3217 61175
3218 60993
3219 61034
3220 61295
3221 60965
3222 60905
3223 61116
3224 61061
3225 60912
3226 61258
3227 61073
3228 61222
3229 60858
3230 60715
3231 60938
3232 61087
3233 60886
3234 60985
3235 60716
3236 61035
3237 60806
3238 60640
3239 61055
3240 60771
3241 60707
3242 60733
3243 60772
3244 60718
3245 60551
3246 60754
3247 61085
3248 60681
3249 60836
3250 60637
3251 60599
3252 60541
3253 60882
3254 60648
3255 60905
3256 60738
3257 60822
3258 61013
3259 60469
3260 60865
3261 60793
3262 60855
3263 60621
3264 60744
3265 60870
3266 60860
3267 60904
3268 60578
3269 61099
3270 60952
3271 61086
3272 60970
3273 61270
3274 61491
3275 61031
3276 61134
3277 61502
3278 61143
3279 61324
3280 61333
3281 61279
3282 61726
3283 61562
3284 61609
3285 61665
3286 61216
3287 61497
3288 61729
3289 61541
3290 61771
3291 61144
3292 61554
3293 61413
3294 61570
3295 61614
3296 61715
3297 61873
3298 61679
3299 61158
3300 61567
3301 61620
3302 61391
3303 61492
3304 61336
3305 61485
3306 61694
3307 61698
3308 61655
3309 61556
3310 61637
3311 61682
3312 61584
3313 61542
3314 61559
3315 61551
3316 61789
3317 61028
3318 61654
3319 61618
3320 61786
3321 61408
3322 61453
3323 61531
3324 61541
3325 61819
3326 61254
3327 62007
3328 61602
3329 61518
3330 61868
3331 61637
3332 61617
3333 61400
3334 61379
3335 61517
3336 61815
3337 61363
3338 61058
3339 61578
3340 60720
3341 61218
3342 61330
3343 61208
3344 61481
3345 61384
3346 61044
3347 61297
3348 60884
3349 61274
3350 61113
3351 60518
3352 60686
3353 61594
3354 60882
3355 61066
3356 61142
3357 61139
3358 61407
3359 61540
3360 61323
3361 61510
3362 61160
3363 61160
3364 61277
3365 61008
3366 61414
3367 61642
3368 61038
3369 61518
3370 61650
3371 61229
3372 61476
3373 61231
3374 61358
3375 61573
3376 61828
3377 61683
3378 61532
3379 61536
3380 62110
3381 61865
3382 61909
3383 61553
3384 62056
3385 61421
3386 61462
3387 61356
3388 61442
3389 61593
3390 61953
3391 61444
3392 61891
3393 61598
3394 61740
3395 61728
3396 61825
3397 61978
3398 61806
3399 62021
3400 61616
3401 62254
3402 61618
3403 61924
3404 61786
3405 62032
3406 61821
3407 61883
3408 61580
3409 61882
3410 61738
3411 61846
3412 61985
3413 61553
3414 61618
3415 61278
3416 61657
3417 61832
3418 61886
3419 62012
3420 61512
3421 61480
3422 61691
3423 61750
3424 61622
3425 61594
3426 62093
3427 61893
3428 62015
3429 61696
3430 61658
3431 61849
3432 61408
3433 61399
3434 61351
3435 61666
3436 61661
3437 61812
3438 61798
3439 61989
3440 61385
3441 61241
3442 61379
3443 61291
3444 61335
3445 61539
3446 61072
3447 60950
3448 61442
3449 60994
3450 61434
3451 61169
3452 61658
3453 61437
3454 61736
3455 61331
3456 61215
3457 61337
3458 60873
3459 61185
3460 61424
3461 61670
3462 61052
3463 61554
3464 61497
3465 61442
3466 61228
3467 61226
3468 61199
3469 61263
3470 61549
3471 61144
3472 61591
3473 61484
3474 61390
3475 61637
3476 62010
3477 62068
3478 61764
3479 61220
3480 61396
3481 61661
3482 61803
3483 61587
3484 61791
3485 61761
3486 61876
3487 61780
3488 61763
3489 61513
3490 61877
3491 61120
3492 61752
3493 61867
3494 61856
3495 61778
3496 61586
3497 61894
3498 61685
3499 61543
3500 61697
3501 61954
3502 61518
3503 61529
3504 62098
3505 61720
3506 61302
3507 61792
3508 61438
3509 61539
3510 61901
3511 61804
3512 61408
3513 61621
3514 61740
3515 61690
3516 61726
3517 61455
3518 61718
3519 61380
3520 61864
3521 61522
3522 61732
3523 61468
3524 61977
3525 61729
3526 61710
3527 61702
3528 61826
3529 62028
3530 61367
3531 61939
3532 61859
3533 61870
3534 61328
3535 61098
3536 61473
3537 61639
3538 61650
3539 61874
3540 61216
3541 60991
3542 61223
3543 61713
3544 61296
3545 61677
3546 61093
3547 61309
3548 61257
3549 60876
3550 61666
3551 61376
3552 61060
3553 61175
3554 60964
3555 60814
3556 60996
3557 61413
3558 61445
3559 61262
3560 61382
3561 61335
3562 61325
3563 61256
3564 61342
3565 61341
3566 61161
3567 61183
3568 61542
3569 61577
3570 61454
3571 61469
3572 61429
3573 61666
3574 61218
3575 61497
3576 61693
3577 61659
3578 61564
3579 61833
3580 61706
3581 61638
3582 61691
3583 62045
3584 61578
3585 61918
3586 61863
3587 61738
3588 61689
3589 61635
3590 61876
3591 61789
3592 61561
3593 61378
3594 61579
3595 61516
3596 61568
3597 61945
3598 62164
3599 61888
3600 62046
3601 61891
3602 61837
3603 61506
3604 61473
3605 62123
3606 61780
3607 61670
3608 61650
3609 61720
3610 61626
3611 61530
3612 61928
3613 61597
3614 61805
3615 61640
3616 61682
3617 61769
3618 61900
3619 61213
3620 61710
3621 61540
3622 61826
3623 61629
3624 61695
3625 62158
3626 61878
3627 61511
3628 62061
3629 61785
3630 61657
3631 61723
3632 61664
3633 61903
3634 61781
3635 61596
3636 61637
3637 61631
3638 61195
3639 61705
3640 61703
3641 61501
3642 61387
3643 61185
3644 61295
3645 61024
3646 61234
3647 61518
3648 61334
3649 60886
3650 61237
3651 61378
3652 61076
3653 61091
3654 61239
3655 61213
3656 61164
3657 61071
3658 61106
3659 61128
3660 61457
3661 61499
3662 61220
3663 61569
3664 61527
3665 61387
3666 61139
3667 61617
3668 61642
3669 61301
3670 61475
3671 61638
3672 61673
3673 61671
3674 61368
3675 61811
3676 61432
3677 62122
3678 61579
3679 61438
3680 62074
3681 62031
3682 61758
3683 61903
3684 62003
3685 61904
3686 62090
3687 61700
3688 61313
3689 61665
3690 61849
3691 61732
3692 61689
3693 61875
3694 61820
3695 61667
3696 61850
3697 61848
3698 61814
3699 61480
3700 61520
3701 62032
3702 61479
3703 61774
3704 62014
3705 61816
3706 61700
3707 61785
3708 61430
3709 61363
3710 61900
3711 61983
3712 61669
3713 61837
3714 61516
3715 61690
3716 61675
3717 61361
3718 61594
3719 61802
3720 61829
3721 61510
3722 61437
3723 61707
3724 62156
3725 61861
3726 61768
3727 61917
3728 62034
3729 61902
3730 61893
3731 61500
3732 62047
3733 62036
3734 61879
3735 61710
3736 61640
3737 61625
3738 61476
3739 61328
3740 61698
3741 61414
3742 61074
3743 60997
3744 61452
3745 61455
3746 61414
3747 61673
3748 61667
3749 61373
3750 61294
3751 61318
3752 61469
3753 61181
3754 61130
3755 61048
3756 60958
3757 61096
3758 61210
3759 61338
3760 61398
3761 61159
3762 61339
3763 61249
3764 61039
3765 61816
3766 61175
3767 61525
3768 61234
3769 61568
3770 61535
3771 62063
3772 61822
3773 61397
3774 61954
3775 61528
3776 61617
3777 61618
3778 61915
3779 61884
3780 62124
3781 62004
3782 61793
3783 61795
3784 61860
3785 61768
3786 61717
3787 61734
3788 61440
3789 62087
3790 61752
3791 61567
3792 61803
3793 61540
3794 61952
3795 61499
3796 62037
3797 61597
3798 61741
3799 61720
3800 61681
3801 61605
3802 61859
3803 62121
3804 61751
3805 61063
3806 61317
3807 61518
3808 61702
3809 61264
3810 61692
3811 61569
3812 61399
3813 61932
3814 61537
3815 61902
3816 61693
3817 61415
3818 61538
3819 61417
3820 61505
3821 61821
3822 61571
3823 61467
3824 61586
3825 61924
3826 61605
3827 62028
3828 62219
3829 62175
3830 61772
3831 61762
3832 61055
3833 61612
3834 61573
3835 61382
3836 61486
3837 61362
3838 61174
3839 61145
3840 61336
3841 61386
3842 61275
3843 61488
3844 61523
3845 61184
3846 61399
3847 61460
3848 61242
3849 60983
3850 61074
3851 61145
3852 61248
3853 61391
3854 61241
3855 61247
3856 61136
3857 61127
3858 61381
3859 61278
3860 61115
3861 61223
3862 61380
3863 61037
3864 61304
3865 61202
3866 61380
3867 61308
3868 61157
3869 61189
3870 61243
3871 60910
3872 61794
3873 61501
3874 61151
3875 61303
3876 61386
3877 62127
3878 61355
3879 61919
3880 61984
3881 61537
3882 61655
3883 61748
3884 61520
3885 61726
3886 62025
3887 61505
3888 61546
3889 61235
3890 61607
3891 61815
3892 61262
3893 61547
3894 61438
3895 61527
3896 61591
3897 61613
3898 61489
3899 61300
3900 61789
3901 61580
3902 61946
3903 61586
3904 61848
3905 61547
3906 61915
3907 61658
3908 61712
3909 61509
3910 61399
3911 61346
3912 61711
3913 61726
3914 61771
3915 61657
3916 61667
3917 61730
3918 61642
3919 61537
3920 61637
3921 61504
3922 61629
3923 61848
3924 61669
3925 61486
3926 61930
3927 61943
3928 61620
3929 61604
3930 61119
3931 61297
3932 61449
3933 61744
3934 61302
3935 61618
3936 61221
3937 61663
3938 61306
3939 61416
3940 61530
3941 61242
3942 61068
3943 61182
3944 61286
3945 61186
3946 61010
3947 61215
3948 61082
3949 61259
3950 61401
3951 61188
3952 61235
3953 60900
3954 61313
3955 61304
3956 60929
3957 61402
3958 61174
3959 61549
3960 61305
3961 61353
3962 61187
3963 61163
3964 61488
3965 61311
3966 61203
3967 61208
3968 60959
3969 61027
3970 61309
3971 60985
3972 61617
3973 61473
3974 61254
3975 61552
3976 61421
3977 61364
3978 61968
3979 61789
3980 61770
3981 61908
3982 61711
3983 61776
3984 61369
3985 61656
3986 61580
3987 61124
3988 61341
3989 61555
3990 61552
3991 61297
3992 61676
3993 61605
3994 61757
3995 61651
3996 61536
3997 61955
3998 61476
3999 61608
4000 61739
4001 61853
4002 61616
4003 61798
4004 61788
4005 61681
4006 61645
4007 61539
4008 61119
4009 61917
4010 61951
4011 61108
4012 61703
4013 61039
4014 61652
4015 61903
4016 61365
4017 61555
4018 61443
4019 61743
4020 61305
4021 62017
4022 61230
4023 61333
4024 61686
4025 61942
4026 61362
4027 62064
4028 61610
4029 61841
4030 61511
4031 61689
4032 61769
4033 61878
4034 61505
4035 61284
4036 61218
4037 61557
4038 61640
4039 61459
4040 61468
4041 61805
4042 61710
4043 61321
4044 61482
4045 61583
4046 61352
4047 61785
4048 61310
4049 61282
4050 61318
4051 61454
4052 61358
4053 61375
4054 61083
4055 61340
4056 61157
4057 61351
4058 60836
4059 61612
4060 61451
4061 61569
4062 61271
4063 61780
4064 61410
4065 61202
4066 61258
4067 61212
4068 61420
4069 61015
4070 61234
4071 61709
4072 61679
4073 61533
4074 61044
4075 61394
4076 61319
4077 61569
4078 61871
4079 61713
4080 61719
4081 61707
4082 62024
4083 61863
4084 61584
4085 61530
4086 61260
4087 61561
4088 61536
4089 61825
4090 61509
4091 61753
4092 61818
4093 61572
4094 61811
4095 61454
4096 61763
4097 61486
4098 61621
4099 61899
4100 62065
4101 61706
4102 61469
4103 61831
4104 61680
4105 61752
4106 61189
4107 62009
4108 62009
4109 61500
4110 62103
4111 61654
4112 61199
4113 61708
4114 61403
4115 61837
4116 61915
4117 61366
4118 61785
4119 61995
4120 61481
4121 61664
4122 61809
4123 61962
4124 61948
4125 61987
4126 61971
4127 61698
4128 62021
4129 62163
4130 61407
4131 61986
4132 61297
4133 61461
4134 61506
4135 61340
4136 61803
4137 61227
4138 61487
4139 61670
4140 61222
4141 61427
4142 61586
4143 61322
4144 61055
4145 61327
4146 61675
4147 61421
4148 61118
4149 61207
4150 61205
4151 61562
4152 61357
4153 61032
4154 61361
4155 61203
4156 61229
4157 61100
4158 61214
4159 61525
4160 61431
4161 61460
4162 61799
4163 61360
4164 61119
4165 61442
4166 61537
4167 61501
4168 61767
4169 61639
4170 61496
4171 61853
4172 61148
4173 61465
4174 61645
4175 61941
4176 61580
4177 61834
4178 62132
4179 62025
4180 62184
4181 62025
4182 62135
4183 61882
4184 61979
4185 61921
4186 61885
4187 61554
4188 62058
4189 61736
4190 61789
4191 61307
4192 62293
4193 61862
4194 61502
4195 61387
4196 62005
4197 61682
4198 61679
4199 61374
4200 61595
4201 61834
4202 61695
4203 61958
4204 61677
4205 62067
4206 61880
4207 61961
4208 61946
4209 61688
4210 62065
4211 61810
4212 61893
4213 61398
4214 61649
4215 62015
4216 61301
4217 61689
4218 61821
4219 60974
4220 61541
4221 62228
4222 62044
4223 62181
4224 61389
4225 61829
4226 61704
4227 62018
4228 61881
4229 61771
4230 61877
4231 61890
4232 61682
4233 61717
4234 61156
4235 61521
4236 61481
4237 61761
4238 61299
4239 61535
4240 61356
4241 61205
4242 61319
4243 61435
4244 61277
4245 61478
4246 61332
4247 62001
4248 61629
4249 61334
4250 61489
4251 61502
4252 61470
4253 61377
4254 61482
4255 61024
4256 61608
4257 61540
4258 61661
4259 61536
4260 61384
4261 61605
4262 61507
4263 61564
4264 61296
4265 61670
4266 61134
4267 61140
4268 61279
4269 61366
4270 61541
4271 61298
4272 61915
4273 61798
4274 61741
4275 61675
4276 61971
4277 61677
4278 61545
4279 62425
4280 62068
4281 61900
4282 61903
4283 61767
4284 62059
4285 61894
4286 61752
4287 61728
4288 61442
4289 61829
4290 61911
4291 61733
4292 61706
4293 61477
4294 61824
4295 61572
4296 61946
4297 61843
4298 62088
4299 61304
4300 61732
4301 61823
4302 61682
4303 61594
4304 61820
4305 61845
4306 61789
4307 61660
4308 61626
4309 61858
4310 61421
4311 61787
4312 61821
4313 61864
4314 61636
4315 61278
4316 61653
4317 61539
4318 61800
4319 61311
4320 61657
4321 61763
4322 61819
4323 61816
4324 61994
4325 61766
4326 62369
4327 61927
4328 61800
4329 62159
4330 61716
4331 61616
4332 61474
4333 61629
4334 61877
4335 61635
4336 61670
4337 61378
4338 61445
4339 61337
4340 61193
4341 61436
4342 61501
4343 61522
4344 61289
4345 61485
4346 61256
4347 61329
4348 61429
4349 61447
4350 61571
4351 61342
4352 61455
4353 61626
4354 61356
4355 61428
4356 61714
4357 61297
4358 61331
4359 61423
4360 61546
4361 61073
4362 61538
4363 61858
4364 61670
4365 61442
4366 61122
4367 61508
4368 61103
4369 61690
4370 61776
4371 61924
4372 61553
4373 61848
4374 61242
4375 61625
4376 61436
4377 61755
4378 61979
4379 61898
4380 61647
4381 62198
4382 62140
4383 61892
4384 62065
4385 61838
4386 61779
4387 61605
4388 61368
4389 61953
4390 61868
4391 61561
4392 62043
4393 61959
4394 61713
4395 61568
4396 61612
4397 61927
4398 61557
4399 61738
4400 61656
4401 61146
4402 61585
4403 61626
4404 61558
4405 61524
4406 61740
4407 61686
4408 61682
4409 61451
4410 61530
4411 61455
4412 61509
4413 61957
4414 61775
4415 61761
4416 61494
4417 61414
4418 61376
4419 61704
4420 61481
4421 61878
4422 61267
4423 61721
4424 61883
4425 61939
4426 62449
4427 61649
4428 61868
4429 61741
4430 61612
4431 61687
4432 61677
4433 61382
4434 61473
4435 61433
4436 61672
4437 61648
4438 61350
4439 61552
4440 61822
4441 61207
4442 61758
4443 61064
4444 61262
4445 61640
4446 61397
4447 61315
4448 61246
4449 61173
4450 61012
4451 61110
4452 61189
4453 61531
4454 61461
4455 61374
4456 61333
4457 61677
4458 61047
4459 61681
4460 61301
4461 61160
4462 61699
4463 60829
4464 61339
4465 61279
4466 61237
4467 61042
4468 61114
4469 61382
4470 61509
4471 61335
4472 61488
4473 61345
4474 61352
4475 61057
4476 61498
4477 61789
4478 61749
4479 61968
4480 61802
4481 61516
4482 61909
4483 61267
4484 61581
4485 61645
4486 61588
4487 61610
4488 61344
4489 61688
4490 61665
4491 61401
4492 61540
4493 61457
4494 61729
4495 61546
4496 61723
4497 61509
4498 61849
4499 61358
4500 61339
4501 61381
4502 61153
4503 61662
4504 61817
4505 61965
4506 61715
4507 61872
4508 61523
4509 61891
4510 61793
4511 61556
4512 61421
4513 61739
4514 61770
4515 61432
4516 61462
4517 61501
4518 61641
4519 61600
4520 61442
4521 61497
4522 61584
4523 61399
4524 61571
4525 61733
4526 61650
4527 61952
4528 61868
4529 61874
4530 61970
4531 61498
4532 61491
4533 61614
4534 61108
4535 61477
4536 61753
4537 61563
4538 61114
4539 61007
4540 61143
4541 61653
4542 61207
4543 61658
4544 61592
4545 61333
4546 61332
4547 61053
4548 61331
4549 61358
4550 61450
4551 61555
4552 61296
4553 61394
4554 61301
4555 61314
4556 61451
4557 61166
4558 61390
4559 61028
4560 61089
4561 61549
4562 61082
4563 61307
4564 61538
4565 61352
4566 61277
4567 61536
4568 61249
4569 61186
4570 61952
4571 61009
4572 61301
4573 61532
4574 61773
4575 61625
4576 61865
4577 61873
4578 61411
4579 61692
4580 61375
4581 62126
4582 61964
4583 62059
4584 61902
4585 61763
4586 61654
4587 61575
4588 61774
4589 61667
4590 62075
4591 61421
4592 61344
4593 61904
4594 61480
4595 61938
4596 61923
4597 61699
4598 61938
4599 61478
4600 61763
4601 61747
4602 61841
4603 61707
4604 62375
4605 61371
4606 62301
4607 61415
4608 61534
4609 61555
4610 61821
4611 61833
4612 61732
4613 61593
4614 61997
4615 61545
4616 61896
4617 61727
4618 61635
4619 61555
4620 61363
4621 61548
4622 62126
4623 61722
4624 61561
4625 61546
4626 61717
4627 61880
4628 61728
4629 62087
4630 61572
4631 61948
4632 61663
4633 61577
4634 61653
4635 61760
4636 61189
4637 61716
4638 61580
4639 61431
4640 61613
4641 61126
4642 61278
4643 61650
4644 61254
4645 61447
4646 61600
4647 61421
4648 61149
4649 61842
4650 60998
4651 61307
4652 61487
4653 61214
4654 61314
4655 61554
4656 61104
4657 61574
4658 61218
4659 61520
4660 61149
4661 61162
4662 61458
4663 61350
4664 61188
4665 61688
4666 61833
4667 61781
4668 61362
4669 61694
4670 61673
4671 61597
4672 61778
4673 61659
4674 61335
4675 61485
4676 61692
4677 61763
4678 61836
4679 61989
4680 62057
4681 62634
4682 62058
4683 61736
4684 61795
4685 62102
4686 61428
4687 61710
4688 61761
4689 61675
4690 61322
4691 61799
4692 62173
4693 61390
4694 61623
4695 62248
4696 62160
4697 61669
4698 61693
4699 61992
4700 61932
4701 62050
4702 61860
4703 61635
4704 61642
4705 62092
4706 61773
4707 61790
4708 61438
4709 61526
4710 61850
4711 62184
4712 61586
4713 61426
4714 61822
4715 61387
4716 61417
4717 61792
4718 61529
4719 61622
4720 62029
4721 61390
4722 61765
4723 61985
4724 62292
4725 61877
4726 61882
4727 61848
4728 61931
4729 61668
4730 61732
4731 61729
4732 61968
4733 61423
4734 61733
4735 61904
4736 61237
4737 61730
4738 61413
4739 61837
4740 61899
4741 61642
4742 61789
4743 61729
4744 61553
4745 61446
4746 61973
4747 60828
4748 61468
4749 61471
4750 61096
4751 61327
4752 61470
4753 61371
4754 61506
4755 61255
4756 61222
4757 61211
4758 61409
4759 61536
4760 61476
4761 61749
4762 61206
4763 61687
4764 61432
4765 61719
4766 61645
4767 61842
4768 61615
4769 62129
4770 61572
4771 61707
4772 61513
4773 61330
4774 61840
4775 61778
4776 62032
4777 61808
4778 61893
4779 61978
4780 61804
4781 62213
4782 61686
4783 61836
4784 62066
4785 62035
4786 62159
4787 61709
4788 61890
4789 61925
4790 61676
4791 62116
4792 61515
4793 61666
4794 61559
4795 62001
4796 61756
4797 61769
4798 62044
4799 62252
4800 61950
4801 61574
4802 61816
4803 61872
4804 61982
4805 61897
4806 61925
4807 62076
4808 61853
4809 61891
4810 61852
4811 61641
4812 61841
4813 61693
4814 61708
4815 61665
4816 61893
4817 61766
4818 62027
4819 62109
4820 61519
4821 62177
4822 61929
4823 61727
4824 61691
4825 61904
4826 61987
4827 62377
4828 62519
4829 61799
4830 62281
4831 62147
4832 62018
4833 61580
4834 61964
4835 61538
4836 61970
4837 61876
4838 61623
4839 61853
4840 61637
4841 61348
4842 61558
4843 61772
4844 61366
4845 61640
4846 61811
4847 61498
4848 61640
4849 61769
4850 61925
4851 61458
4852 62042
4853 61652
4854 61435
4855 61176
4856 61443
4857 61260
4858 61988
4859 61580
4860 61491
4861 61315
4862 61358
4863 61530
4864 61563
4865 61730
4866 62234
4867 61388
4868 61676
4869 61442
4870 61882
4871 62087
4872 62097
4873 61810
4874 62090
4875 61989
4876 61725
4877 62245
4878 62013
4879 61918
4880 62517
4881 62149
4882 62253
4883 61861
4884 61835
4885 62376
4886 61911
4887 62565
4888 61836
4889 61702
4890 62229
4891 62048
4892 61697
4893 61904
4894 61930
4895 61785
4896 61801
4897 62018
4898 62338
4899 61861
4900 62051
4901 62278
4902 62403
4903 62376
4904 62504
4905 62154
4906 61688
4907 61599
4908 61605
4909 62204
4910 61973
4911 61914
4912 61872
4913 62000
4914 61945
4915 62121
4916 61682
4917 61955
4918 61873
4919 61753
4920 62040
4921 61954
4922 62002
4923 62089
4924 61922
4925 61864
4926 62328
4927 62618
4928 62291
4929 62392
4930 62142
4931 62213
4932 61941
4933 61937
4934 61961
4935 61861
4936 61551
4937 61276
4938 61348
4939 61905
4940 61635
4941 61474
4942 61404
4943 61165
4944 61519
4945 61718
4946 60871
4947 61187
4948 61459
4949 61404
4950 61658
4951 61438
4952 61411
4953 61475
4954 61670
4955 62069
4956 61540
4957 61702
4958 61480
4959 61376
4960 61672
4961 61298
4962 61598
4963 61528
4964 61203
4965 61598
4966 61545
4967 61411
4968 61936
4969 61677
4970 61811
4971 61460
4972 61747
4973 61759
4974 62028
4975 61781
4976 61732
4977 62232
4978 61977
4979 62177
4980 62259
4981 62017
4982 62221
4983 62619
4984 61929
4985 62000
4986 62452
4987 61413
4988 62101
4989 61737
4990 61820
4991 62070
4992 61741
4993 61697
4994 61476
4995 62150
4996 61419
4997 61851
4998 61307
4999 61778
5000 61992
5001 61572
5002 61415
5003 61513
5004 62019
5005 61867
5006 61573
5007 61594
5008 61491
5009 61959
5010 61820
5011 61564
5012 61507
5013 61661
5014 61167
5015 61703
5016 61391
5017 61353
5018 61479
5019 61590
5020 61803
5021 61466
5022 61409
5023 61656
5024 61208
5025 61520
5026 61573
5027 61859
5028 61734
5029 61786
5030 61600
5031 61618
5032 61648
5033 61206
5034 61237
5035 61761
5036 61411
5037 61641
5038 61629
5039 61738
5040 61125
5041 61432
5042 61132
5043 61246
5044 61228
5045 61058
5046 61135
5047 61428
5048 61468
5049 61395
5050 61001
5051 61075
5052 61616
5053 61320
5054 61237
5055 61275
5056 61082
5057 61120
5058 61312
5059 60594
5060 61332
5061 61441
5062 60844
5063 61508
5064 61736
5065 61484
5066 61527
5067 61108
5068 61475
5069 61003
5070 61504
5071 61099
5072 61609
5073 61685
5074 61687
5075 61831
5076 61894
5077 61909
5078 61784
5079 61981
5080 61572
5081 62039
5082 61849
5083 62260
5084 61761
5085 61687
5086 62283
5087 61513
5088 61900
5089 61540
5090 61970
5091 61560
5092 62002
5093 61755
5094 61739
5095 62014
5096 61666
5097 61672
5098 61670
5099 61793
5100 61846
5101 61697
5102 62339
5103 61349
5104 61736
5105 61934
5106 61418
5107 61829
5108 61660
5109 61845
5110 62043
5111 61599
5112 62055
5113 61574
5114 61734
5115 61426
5116 61324
5117 61452
5118 61636
5119 61439
5120 61274
5121 61673
5122 61274
5123 61799
5124 62063
5125 61844
5126 62069
5127 61948
5128 61938
5129 62411
5130 62003
5131 61485
5132 61567
5133 61437
5134 61479
5135 61762
5136 61451
5137 61523
5138 61984
5139 61475
5140 61359
5141 61520
5142 61297
5143 61524
5144 61741
5145 61468
5146 61467
5147 61893
5148 61293
5149 61541
5150 61781
5151 61650
5152 61341
5153 61537
5154 61293
5155 61214
5156 61511
5157 61286
5158 61678
5159 61009
5160 61400
5161 61495
5162 61822
5163 61484
5164 61663
5165 61246
5166 61960
5167 61554
5168 61581
5169 61465
5170 61503
5171 61566
5172 61406
5173 62044
5174 62098
5175 61443
5176 62179
5177 62019
5178 61964
5179 61962
5180 61764
5181 61819
5182 61993
5183 61980
5184 62210
5185 61783
5186 61561
5187 62017
5188 61308
5189 61496
5190 61516
5191 61582
5192 61896
5193 61705
5194 61294
5195 61925
5196 61971
5197 61551
5198 61918
5199 61488
5200 61709
5201 61738
5202 62171
5203 61883
5204 62093
5205 62087
5206 61917
5207 62484
5208 62491
5209 62111
5210 62284
5211 62431
5212 61936
5213 62184
5214 62004
5215 62302
5216 62041
5217 62003
5218 61978
5219 62116
5220 62023
5221 62114
5222 62171
5223 62293
5224 62048
5225 62797
5226 62193
5227 62553
5228 63082
5229 62327
5230 62803
5231 62260
5232 62110
5233 62257
5234 62026
5235 62368
5236 61867
5237 62317
5238 62371
5239 61924
5240 61880
5241 62216
5242 62078
5243 62087
5244 62227
5245 61520
5246 61926
5247 61875
5248 62149
5249 61875
5250 61883
5251 61866
5252 62025
5253 61919
5254 61907
5255 61985
5256 61813
5257 61703
5258 61758
5259 61741
5260 62067
5261 62101
5262 61987
5263 61718
5264 61997
5265 61894
5266 61847
5267 62235
5268 61881
5269 61867
5270 61964
5271 61919
5272 62002
5273 62189
5274 61875
5275 62168
5276 62109
5277 61934
5278 62130
5279 62407
5280 62383
5281 62542
5282 62402
5283 62314
5284 62437
5285 62451
5286 61945
5287 62178
5288 62155
5289 61977
5290 61924
5291 61799
5292 62488
5293 62060
5294 62357
5295 62146
5296 62314
5297 61946
5298 62072
5299 62286
5300 61984
5301 62068
5302 62188
5303 62238
5304 62489
5305 62727
5306 62109
5307 62439
5308 61953
5309 61917
5310 62195
5311 61827
5312 62282
5313 62180
5314 62421
5315 61701
5316 61996
5317 62184
5318 61934
5319 62090
5320 62001
5321 62293
5322 62108
5323 62188
5324 62387
5325 62443
5326 62498
5327 62099
5328 62682
5329 62317
5330 62467
5331 62396
5332 62102
5333 62575
5334 62168
5335 62370
5336 61844
5337 62114
5338 62042
5339 61938
5340 62327
5341 62212
5342 61879
5343 61948
5344 62102
5345 61898
5346 62362
5347 61958
5348 61844
5349 61780
5350 61894
5351 61672
5352 61939
5353 61702
5354 61753
5355 61755
5356 61921
5357 61758
5358 61547
5359 61767
5360 61965
5361 62141
5362 61563
5363 61993
5364 61918
5365 61571
5366 61826
5367 62155
5368 61737
5369 61743
5370 62024
5371 61736
5372 61953
5373 62368
5374 62224
5375 62183
5376 62154
5377 62263
5378 62537
5379 62418
5380 62095
5381 62162
5382 62524
5383 62582
5384 62465
5385 62067
5386 61940
5387 62175
5388 62064
5389 62403
5390 62276
5391 62029
5392 61865
5393 62335
5394 62358
5395 62184
5396 62082
5397 62245
5398 61860
5399 62480
5400 62360
5401 62524
5402 62083
5403 62175
5404 62069
5405 62075
5406 62245
5407 62687
5408 61979
5409 62493
5410 62085
5411 62143
5412 61831
5413 62574
5414 62324
5415 62245
5416 61998
5417 62176
5418 62023
5419 62198
5420 62624
5421 62228
5422 62324
5423 62669
5424 62320
5425 62041
5426 62579
5427 62523
5428 62415
5429 62443
5430 62249
5431 62304
5432 62062
5433 62336
5434 61886
5435 62110
5436 62075
5437 62035
5438 62133
5439 62013
5440 61694
5441 62024
5442 62259
5443 61797
5444 62003
5445 61698
5446 61841
5447 61228
5448 61673
5449 61355
5450 61978
5451 62154
5452 61747
5453 61954
5454 62034
5455 61579
5456 61994
5457 61906
5458 61834
5459 61544
5460 61677
5461 61842
5462 61845
5463 61867
5464 61885
5465 61963
5466 61721
5467 61971
5468 61856
5469 61904
5470 61643
5471 61859
5472 61732
5473 62247
5474 62542
5475 62255
5476 62203
5477 62149
5478 61773
5479 62321
5480 62266
5481 62244
5482 62421
5483 61922
5484 62256
5485 62228
5486 61807
5487 61924
5488 61624
5489 62237
5490 62021
5491 61889
5492 61692
5493 62294
5494 61934
5495 61691
5496 61913
5497 62152
5498 61747
5499 62347
5500 62117
5501 61682
5502 62291
5503 62190
5504 62414
5505 61917
5506 62071
5507 61949
5508 62422
5509 62196
5510 61993
5511 62590
5512 61779
5513 62150
5514 61806
5515 61993
5516 62282
5517 61988
5518 62199
5519 62391
5520 61698
5521 61671
5522 61681
5523 61497
5524 62042
5525 62330
5526 62363
5527 62221
5528 62470
5529 62778
5530 62535
5531 62073
5532 62311
5533 62284
5534 61693
5535 61864
5536 62135
5537 61722
5538 61976
5539 61788
5540 61866
5541 61732
5542 61726
5543 61341
5544 61574
5545 62312
5546 61352
5547 61357
5548 61977
5549 61839
5550 61590
5551 61513
5552 61189
5553 61320
5554 61644
5555 61566
5556 61608
5557 61786
5558 61469
5559 61852
5560 61351
5561 62087
5562 61310
5563 61362
5564 61258
5565 61251
5566 62103
5567 61689
5568 61692
5569 61642
5570 61555
5571 62064
5572 61910
5573 61544
5574 61757
5575 62049
5576 61715
5577 61757
5578 62100
5579 62149
5580 62183
5581 61987
5582 62320
5583 62024
5584 62288
5585 62004
5586 61554
5587 61991
5588 61837
5589 61726
5590 62004
5591 61902
5592 61527
5593 61589
5594 61827
5595 61719
5596 62323
5597 62199
5598 61589
5599 62097
5600 62129
5601 61562
5602 62097
5603 62199
5604 62184
5605 62003
5606 61808
5607 61730
5608 61995
5609 62155
5610 61874
5611 61734
5612 61979
5613 62021
5614 61870
5615 61807
5616 61810
5617 61840
5618 61636
5619 62276
5620 61768
5621 61958
5622 61943
5623 62056
5624 61954
5625 62468
5626 62098
5627 62215
5628 62077
5629 62497
5630 61895
5631 62159
5632 61994
5633 61720
5634 61662
5635 61829
5636 61873
5637 62220
5638 62043
5639 61656
5640 61940
5641 61710
5642 61749
5643 61997
5644 61623
5645 61713
5646 61234
5647 61522
5648 61004
5649 61680
5650 61619
5651 61098
5652 61564
5653 61192
5654 61341
5655 61384
5656 61578
5657 62059
5658 61660
5659 61197
5660 61642
5661 61371
5662 61557
5663 61722
5664 61545
5665 61876
5666 61374
5667 61658
5668 61310
5669 61781
5670 61721
5671 61870
5672 61764
5673 61744
5674 61844
5675 61949
5676 61868
5677 61702
5678 61512
5679 62189
5680 62139
5681 62310
5682 62056
5683 62044
5684 62110
5685 62000
5686 61821
5687 61839
5688 61848
5689 61847
5690 61698
5691 62093
5692 61700
5693 62439
5694 61650
5695 61833
5696 61652
5697 61822
5698 62054
5699 62556
5700 61814
5701 61700
5702 62401
5703 62354
5704 61787
5705 61685
5706 61799
5707 62080
5708 61938
5709 62276
5710 61762
5711 61816
5712 61885
5713 62077
5714 62036
5715 62190
5716 61576
5717 61922
5718 61765
5719 62156
5720 61853
5721 61926
5722 61960
5723 61944
5724 62191
5725 62373
5726 62429
5727 62207
5728 62312
5729 62655
5730 62262
5731 61827
5732 61727
5733 62009
5734 62029
5735 62012
5736 61630
5737 61778
5738 61815
5739 61309
5740 61641
5741 61789
5742 61355
5743 61780
5744 61531
5745 62055
5746 61555
5747 61408
5748 61844
5749 61301
5750 61398
5751 61543
5752 61812
5753 61194
5754 61730
5755 61518
5756 61799
5757 61460
5758 61782
5759 61605
5760 61455
5761 61722
5762 61253
5763 61699
5764 61418
5765 61917
5766 61254
5767 61560
5768 61580
5769 61428
5770 61371
5771 61678
5772 62052
5773 61551
5774 61589
5775 62005
5776 61795
5777 62064
5778 62380
5779 62296
5780 61779
5781 62393
5782 62169
5783 62496
5784 61622
5785 61569
5786 61823
5787 62100
5788 61966
5789 61815
5790 61801
5791 62188
5792 62166
5793 62127
5794 61877
5795 62068
5796 61794
5797 61525
5798 62098
5799 61938
5800 61954
5801 62107
5802 62025
5803 62085
5804 62317
5805 62269
5806 61627
5807 61840
5808 61896
5809 62139
5810 61963
5811 61989
5812 62143
5813 62254
5814 62168
5815 61691
5816 61652
5817 61848
5818 61912
5819 61941
5820 61819
5821 61803
5822 62095
5823 62295
5824 62127
5825 61568
5826 62247
5827 62383
5828 62133
5829 61946
5830 61985
5831 62138
5832 62155
5833 61760
5834 61826
5835 61737
5836 61703
5837 61631
5838 61960
5839 61559
5840 61498
5841 61778
5842 61643
5843 61564
5844 62118
5845 61842
5846 60963
5847 61443
5848 61562
5849 61473
5850 61494
5851 61345
5852 61814
5853 61504
5854 61500
5855 61552
5856 61621
5857 61648
5858 61681
5859 61880
5860 61309
5861 61582
5862 61725
5863 61901
5864 61542
5865 61527
5866 61691
5867 61799
5868 61571
5869 61736
5870 61833
5871 61749
5872 61490
5873 61688
5874 61818
5875 61682
5876 61890
5877 61902
5878 62361
5879 62492
5880 62035
5881 61948
5882 62552
5883 62426
5884 61868
5885 61652
5886 62161
5887 61820
5888 62028
5889 61927
5890 61620
5891 62256
5892 62186
5893 62114
5894 62056
5895 61409
5896 61690
5897 62341
5898 62113
5899 62401
5900 61620
5901 61881
5902 62254
5903 62172
5904 62166
5905 62475
5906 62355
5907 62188
5908 62009
5909 61720
5910 62079
5911 61722
5912 62085
5913 62080
5914 62135
5915 61557
5916 61747
5917 61651
5918 61905
5919 61983
5920 62216
5921 62033
5922 61778
5923 62248
5924 61938
5925 61701
5926 62099
5927 62395
5928 62378
5929 61972
5930 62502
5931 61944
5932 61933
5933 62247
5934 62171
5935 62183
5936 61373
5937 62073
5938 62088
5939 62065
5940 61355
5941 61975
5942 61774
5943 61819
5944 61627
5945 61619
5946 61884
5947 62119
5948 61630
5949 61257
5950 61936
5951 61785
5952 61385
5953 61482
5954 61416
5955 61670
5956 61720
5957 61581
5958 61721
5959 61622
5960 61713
5961 61757
5962 61600
5963 61602
5964 61320
5965 62197
5966 61683
5967 61479
5968 61833
5969 61864
5970 61490
5971 61452
5972 61865
5973 62219
5974 61758
5975 62084
5976 61814
5977 61809
5978 62085
5979 62315
5980 62482
5981 62141
5982 62052
5983 62238
5984 61926
5985 61584
5986 61957
5987 61724
5988 62100
5989 62255
5990 61681
5991 62237
5992 61583
5993 61949
5994 62052
5995 62113
5996 61959
5997 62002
5998 61967
5999 61939
6000 62286
6001 62165
6002 62226
6003 62029
6004 61938
6005 61536
6006 61868
6007 61852
6008 62184
6009 62230
6010 62107
6011 61849
6012 62252
6013 62042
6014 61985
6015 62088
6016 62260
6017 62017
6018 62079
6019 62188
6020 61611
6021 62072
6022 61949
6023 62336
6024 62476
6025 61821
6026 62200
6027 62226
6028 62489
6029 62332
6030 61947
6031 62366
6032 61972
6033 62063
6034 61840
6035 62186
6036 61943
6037 61683
6038 61794
6039 61865
6040 62102
6041 61577
6042 61347
6043 62097
6044 61649
6045 61444
6046 61996
6047 61222
6048 61820
6049 61661
6050 61871
6051 61862
6052 61819
6053 61897
6054 61702
6055 61505
6056 61845
6057 62130
6058 61821
6059 61388
6060 61212
6061 61538
6062 61684
6063 61502
6064 62163
6065 61877
6066 61900
6067 61456
6068 61800
6069 61963
6070 62051
6071 61827
6072 61886
6073 61848
6074 61862
6075 62210
6076 61662
6077 62289
6078 62541
6079 62371
6080 62510
6081 62414
6082 61970
6083 62445
6084 61833
6085 62135
6086 62185
6087 62110
6088 61951
6089 62083
6090 62207
6091 61845
6092 61938
6093 62545
6094 61781
6095 62156
6096 61948
6097 61930
6098 61728
6099 62433
6100 61803
6101 62303
6102 61987
6103 62057
6104 62358
6105 62048
6106 62131
6107 62264
6108 62380
6109 61911
6110 62519
6111 62089
6112 62059
6113 61687
6114 61905
6115 61951
6116 61799
6117 61732
6118 61915
6119 61913
6120 62075
6121 62039
6122 61758
6123 61748
6124 62451
6125 62253
6126 62117
6127 62299
6128 62504
6129 62765
6130 62275
6131 62210
6132 62040
6133 62589
6134 62258
6135 61996
6136 61837
6137 62160
6138 61922
6139 61892
6140 61642
6141 61880
6142 62031
6143 62257
6144 62038
6145 61550
6146 61884
6147 61729
6148 61879
6149 61593
6150 61899
6151 61666
6152 61827
6153 61625
6154 61735
6155 61516
6156 62400
6157 61788
6158 61645
6159 61839
6160 61613
6161 61889
6162 62232
6163 62028
6164 61678
6165 61700
6166 62202
6167 61932
6168 61981
6169 61408
6170 61945
6171 61734
6172 61518
6173 61869
6174 61695
6175 62250
6176 62306
6177 61845
6178 61975
6179 62331
6180 62191
6181 62125
6182 62797
6183 62148
6184 62055
6185 62473
6186 61912
6187 62128
6188 62056
6189 62110
6190 62075
6191 61975
6192 61894
6193 61807
6194 61706
6195 62277
6196 62098
6197 61882
6198 62281
6199 61582
6200 62408
6201 62249
6202 62617
6203 62484
6204 62203
6205 62068
6206 61787
6207 62250
6208 62189
6209 62474
6210 62068
6211 62323
6212 62286
6213 62005
6214 61900
6215 61875
6216 61917
6217 61899
6218 62550
6219 61668
6220 61839
6221 62216
6222 62012
6223 62124
6224 62388
6225 62563
6226 62253
6227 62574
6228 62201
6229 62259
6230 61867
6231 61748
6232 61899
6233 62448
6234 61984
6235 62024
6236 62152
6237 61461
6238 61784
6239 61691
6240 61604
6241 61602
6242 61787
6243 61601
6244 61689
6245 62008
6246 61517
6247 62076
6248 61868
6249 61781
6250 61593
6251 61638
6252 61534
6253 61696
6254 61617
6255 61384
6256 61494
6257 61983
6258 61279
6259 61753
6260 61073
6261 61782
6262 61743
6263 61859
6264 61596
6265 61670
6266 61863
6267 61562
6268 62046
6269 61520
6270 61985
6271 61336
6272 61987
6273 62296
6274 61781
6275 61554
6276 61993
6277 61844
6278 62023
6279 62193
6280 62466
6281 62700
6282 62798
6283 62611
6284 62254
6285 62195
6286 62318
6287 62035
6288 62076
6289 61721
6290 62024
6291 62075
6292 62184
6293 61845
6294 62218
6295 62115
6296 61956
6297 61915
6298 61797
6299 62129
6300 61656
6301 62351
6302 62012
6303 61855
6304 61795
6305 61647
6306 62081
6307 62131
6308 62251
6309 61624
6310 62210
6311 61957
6312 61781
6313 61701
6314 62331
6315 61825
6316 62063
6317 62233
6318 61380
6319 61728
6320 62188
6321 61843
6322 61926
6323 61853
6324 62160
6325 62187
6326 62509
6327 62246
6328 62026
6329 62287
6330 62266
6331 62745
6332 62307
6333 62051
6334 61786
6335 61436
6336 62178
6337 61557
6338 61788
6339 62058
6340 61689
6341 61894
6342 61769
6343 61583
6344 61651
6345 61987
6346 61484
6347 61712
6348 62191
6349 61800
6350 61463
6351 61780
6352 61674
6353 61776
6354 61675
6355 61830
6356 61430
6357 61251
6358 61280
6359 61799
6360 61850
6361 61618
6362 61773
6363 61609
6364 61938
6365 62178
6366 62090
6367 61687
6368 61999
6369 61726
6370 61851
6371 62128
6372 61730
6373 61501
6374 62052
6375 61880
6376 61801
6377 61955
6378 62287
6379 61989
6380 62349
6381 62086
6382 62099
6383 61937
6384 61770
6385 62005
6386 62273
6387 61673
6388 61588
6389 61770
6390 61428
6391 62163
6392 61831
6393 62182
6394 61889
6395 62164
6396 62026
6397 62212
6398 62190
6399 62011
6400 62330
6401 61600
6402 61991
6403 62505
6404 61894
6405 62087
6406 62107
6407 62092
6408 62334
6409 62316
6410 62079
6411 62018
6412 62298
6413 61828
6414 62108
6415 62067
6416 61842
6417 61916
6418 61898
6419 62572
6420 61716
6421 62275
6422 62118
6423 62115
6424 62055
6425 62027
6426 62388
6427 62020
6428 62068
6429 62354
6430 62224
6431 62344
6432 61949
6433 61987
6434 61928
6435 61676
6436 61606
6437 62002
6438 61703
6439 61154
6440 61936
6441 61987
6442 61277
6443 61918
6444 61549
6445 61830
6446 61369
6447 61617
6448 61669
6449 61527
6450 61279
6451 61407
6452 61535
6453 61696
6454 62024
6455 61718
6456 61737
6457 61715
6458 61764
6459 61823
6460 61645
6461 62061
6462 61575
6463 62005
6464 62029
6465 61500
6466 61478
6467 61523
6468 61365
6469 61833
6470 61716
6471 62178
6472 61851
6473 61676
6474 61794
6475 61649
6476 61881
6477 61524
6478 61930
6479 62316
6480 62619
6481 62352
6482 62162
6483 62123
6484 62564
6485 62115
6486 62262
6487 62398
6488 61968
6489 61963
6490 61830
6491 61394
6492 61829
6493 61896
6494 61482
6495 62075
6496 62213
6497 61989
6498 62398
6499 62027
6500 62302
6501 62334
6502 61770
6503 62213
6504 62011
6505 62180
6506 62022
6507 62362
6508 62101
6509 61803
6510 61903
6511 61926
6512 61822
6513 61909
6514 62182
6515 61851
6516 61847
6517 61902
6518 61873
6519 61776
6520 62037
6521 62012
6522 61892
6523 61575
6524 62209
6525 62130
6526 62046
6527 62117
6528 62219
6529 61857
6530 62033
6531 61898
6532 61875
6533 61826
6534 61878
6535 61602
6536 61719
6537 61648
6538 61516
6539 61531
6540 61131
6541 61405
6542 61791
6543 61778
6544 61247
6545 61442
6546 61478
6547 61603
6548 61330
6549 61589
6550 61595
6551 61381
6552 61735
6553 61534
6554 61150
6555 61724
6556 61616
6557 61705
6558 61409
6559 61685
6560 61706
6561 61262
6562 61593
6563 61532
6564 61475
6565 61497
6566 61207
6567 61803
6568 61300
6569 61853
6570 61489
6571 61887
6572 61346
6573 61677
6574 61414
6575 61979
6576 61856
6577 61545
6578 62106
6579 61800
6580 61645
6581 61988
6582 62237
6583 62085
6584 61654
6585 61768
6586 62036
6587 61864
6588 61857
6589 62249
6590 61734
6591 61928
6592 61978
6593 62101
6594 61957
6595 62004
6596 62119
6597 62068
6598 61703
6599 61584
6600 61791
6601 62023
6602 61881
6603 61953
6604 62293
6605 61964
6606 61916
6607 61968
6608 62259
6609 61858
6610 61932
6611 61750
6612 61538
6613 61950
6614 62210
6615 61802
6616 61785
6617 61424
6618 61785
6619 61690
6620 61484
6621 61982
6622 61795
6623 61853
6624 61563
6625 62262
6626 61622
6627 61838
6628 61945
6629 62313
6630 62220
6631 62145
6632 61435
6633 62038
6634 61368
6635 61471
6636 61950
6637 61253
6638 61636
6639 61530
6640 61489
6641 61490
6642 61802
6643 61868
6644 61681
6645 61462
6646 61835
6647 61318
6648 61345
6649 61502
6650 61768
6651 61659
6652 61363
6653 61245
6654 61123
6655 61468
6656 61473
6657 61456
6658 61597
6659 61383
6660 61243
6661 61373
6662 61378
6663 61832
6664 61203
6665 61952
6666 61228
6667 61134
6668 61730
6669 61432
6670 61390
6671 61586
6672 61539
6673 61506
6674 62182
6675 61653
6676 61728
6677 61996
6678 61710
6679 61828
6680 62203
6681 62125
6682 61780
6683 62122
6684 61752
6685 61609
6686 62030
6687 61907
6688 61876
6689 62008
6690 61754
6691 61524
6692 62055
6693 61573
6694 61701
6695 61665
6696 61824
6697 61906
6698 61853
6699 62081
6700 61500
6701 62178
6702 62243
6703 61862
6704 61908
6705 62070
6706 62038
6707 61684
6708 61945
6709 62345
6710 61934
6711 62262
6712 61852
6713 61766
6714 61909
6715 61795
6716 62086
6717 62250
6718 61797
6719 61670
6720 61735
6721 62185
6722 61751
6723 61884
6724 61974
6725 61729
6726 61875
6727 62244
6728 61976
6729 62182
6730 62214
6731 62043
6732 61977
6733 62157
6734 61855
6735 61709
6736 61692
6737 61466
6738 61452
6739 61288
6740 61738
6741 61862
6742 61866
6743 61895
6744 61663
6745 61616
6746 61197
6747 61413
6748 62094
6749 61328
6750 61627
6751 61362
6752 61869
6753 60979
6754 61413
6755 61680
6756 61573
6757 61606
6758 61396
6759 61508
6760 61460
6761 61671
6762 61700
6763 61904
6764 61594
6765 61498
6766 61136
6767 61864
6768 61914
6769 61634
6770 61686
6771 61774
6772 61741
6773 61719
6774 61832
6775 61524
6776 61738
6777 61543
6778 62542
6779 61974
6780 62359
6781 62352
6782 62134
6783 62259
6784 61993
6785 61411
6786 62054
6787 61910
6788 61912
6789 61902
6790 61968
6791 61477
6792 61873
6793 62038
6794 61352
6795 61557
6796 61836
6797 62165
6798 62326
6799 61802
6800 61862
6801 61876
6802 61965
6803 62025
6804 62178
6805 62202
6806 61738
6807 62068
6808 62207
6809 61413
6810 62006
6811 61903
6812 61834
6813 62166
6814 62058
6815 61835
6816 61580
6817 61578
6818 61784
6819 61781
6820 62358
6821 61806
6822 61735
6823 61760
6824 61937
6825 61903
6826 62260
6827 62015
6828 62378
6829 61659
6830 62038
6831 62033
6832 61718
6833 61593
6834 61305
6835 61980
6836 61759
6837 61691
6838 61489
6839 61333
6840 61321
6841 61596
6842 61369
6843 61448
6844 61269
6845 60985
6846 61619
6847 61190
6848 61729
6849 61733
6850 61001
6851 61480
6852 61660
6853 61396
6854 61617
6855 61588
6856 61619
6857 61391
6858 61301
6859 61497
6860 61383
6861 62110
6862 61730
6863 61837
6864 61611
6865 61394
6866 61552
6867 61347
6868 61487
6869 61109
6870 61539
6871 61513
6872 61360
6873 61358
6874 61582
6875 61811
6876 61797
6877 61894
6878 61851
6879 61958
6880 61797
6881 62108
6882 61620
6883 62132
6884 61749
6885 61612
6886 62040
6887 61716
6888 61773
6889 61792
6890 61870
6891 61865
6892 61662
6893 61611
6894 61993
6895 61568
6896 62064
6897 61920
6898 61908
6899 61876
6900 62159
6901 61956
6902 61840
6903 62336
6904 61838
6905 62309
6906 62056
6907 61456
6908 61985
6909 62386
6910 61510
6911 61991
6912 61933
6913 62008
6914 61872
6915 61605
6916 61969
6917 61409
6918 61823
6919 61511
6920 61914
6921 61656
6922 61717
6923 61888
6924 61947
6925 61599
6926 61705
6927 61658
6928 61826
6929 61771
6930 61718
6931 62197
6932 61922
6933 62093
6934 61523
6935 61670
6936 61820
6937 61443
6938 61813
6939 61757
6940 61679
6941 61567
6942 61444
6943 61474
6944 61606
6945 61321
6946 61376
6947 61384
6948 61147
6949 60968
6950 61560
6951 61624
6952 61406
6953 61429
6954 60935
6955 61250
6956 61370
6957 61470
6958 61316
6959 61293
6960 61603
6961 61599
6962 61745
6963 61259
6964 61345
6965 61400
6966 61636
6967 61266
6968 61525
6969 61459
6970 61806
6971 61783
6972 61784
6973 61272
6974 61905
6975 61606
6976 61766
6977 62069
6978 62035
6979 61852
6980 62000
6981 62167
6982 61627
6983 61714
6984 62009
6985 62078
6986 62318
6987 62002
6988 61770
6989 61858
6990 61923
6991 62240
6992 61717
6993 61496
6994 61676
6995 61650
6996 61922
6997 61909
6998 61883
6999 61893
7000 62093
7001 61882
7002 62125
7003 61661
7004 62088
7005 61802
7006 61937
7007 61684
7008 61940
7009 61615
7010 62068
7011 61929
7012 61979
7013 61592
7014 61653
7015 61873
7016 61741
7017 61977
7018 61540
7019 61943
7020 61724
7021 61859
7022 61905
7023 61695
7024 61541
7025 61618
7026 61993
7027 61931
7028 62022
7029 61889
7030 62174
7031 62036
7032 61596
7033 61793
7034 61608
7035 61475
7036 61519
7037 61635
7038 61737
7039 61394
7040 61626
7041 61833
7042 61522
7043 61928
7044 61198
7045 60909
7046 61246
7047 61287
7048 61336
7049 61458
7050 61137
7051 60868
7052 61663
7053 61362
7054 61045
7055 61449
7056 61226
7057 61325
7058 61348
7059 61523
7060 61415
7061 61416
7062 61224
7063 61570
7064 61527
7065 61250
7066 61496
7067 60998
7068 61896
7069 61338
7070 61516
7071 61909
7072 61346
7073 61602
7074 61643
7075 61966
7076 61721
7077 61760
7078 61999
7079 61998
7080 61796
7081 62042
7082 61901
7083 62270
7084 61850
7085 61601
7086 62100
7087 61799
7088 61636
7089 61925
7090 61661
7091 61471
7092 61872
7093 61601
7094 61516
7095 61861
7096 61589
7097 61524
7098 61782
7099 62555
7100 62001
7101 61995
7102 61639
7103 61990
7104 62008
7105 61855
7106 61916
7107 62085
7108 61793
7109 62018
7110 61329
7111 62245
7112 61950
7113 61887
7114 61914
7115 62157
7116 61537
7117 62152
7118 61730
7119 61767
7120 61819
7121 61573
7122 62276
7123 61924
7124 61651
7125 61993
7126 62000
7127 61486
7128 62242
7129 62270
7130 61776
7131 62194
7132 62097
7133 61890
7134 62086
7135 62265
7136 61929
7137 62102
7138 61373
7139 61711
7140 61676
7141 61474
7142 61638
7143 61146
7144 61635
7145 61355
7146 61022
7147 61475
7148 61761
7149 61483
7150 61447
7151 61515
7152 61764
7153 61492
7154 61313
7155 61437
7156 61482
7157 61212
7158 61890
7159 61680
7160 61286
7161 61263
7162 61546
7163 61726
7164 62072
7165 61498
7166 61175
7167 61632
7168 61606
7169 61426
7170 62053
7171 61343
7172 61573
7173 62033
7174 62074
7175 62164
7176 62046
7177 61979
7178 62260
7179 61753
7180 61922
7181 62100
7182 61912
7183 62175
7184 62032
7185 62098
7186 62136
7187 62045
7188 61915
7189 62363
7190 61622
7191 61899
7192 62159
7193 62054
7194 62318
7195 62081
7196 61766
7197 61972
7198 61720
7199 61810
7200 62173
7201 61665
7202 61924
7203 61872
7204 62082
7205 61819
7206 62283
7207 61874
7208 62221
7209 62392
7210 61889
7211 61867
7212 61844
7213 61951
7214 62191
7215 62047
7216 62463
7217 62321
7218 61721
7219 61781
7220 61779
7221 61682
7222 61827
7223 61916
7224 62159
7225 62111
7226 61752
7227 61705
7228 62282
7229 61804
7230 61732
7231 62256
7232 61865
7233 62108
7234 61560
7235 61975
7236 61830
7237 61819
7238 61261
7239 61671
7240 61700
7241 62041
7242 61679
7243 61478
7244 61629
7245 61003
7246 61592
7247 61285
7248 61817
7249 61736
7250 61786
7251 61259
7252 61564
7253 61028
7254 61460
7255 61439
7256 61212
7257 61177
7258 61689
7259 61789
7260 61499
7261 61721
7262 61411
7263 61333
7264 61797
7265 61719
7266 61508
7267 61979
7268 62012
7269 61922
7270 61594
7271 61585
7272 62232
7273 62279
7274 61684
7275 61748
7276 61673
7277 62105
7278 61946
7279 62162
7280 61998
7281 61948
7282 62347
7283 62007
7284 62017
7285 61893
7286 62187
7287 61964
7288 62130
7289 61722
7290 62017
7291 61601
7292 62055
7293 62216
7294 61900
7295 62014
7296 62066
7297 62260
7298 62228
7299 61808
7300 62243
7301 62528
7302 61947
7303 62272
7304 62098
7305 62312
7306 62460
7307 61904
7308 61798
7309 61522
7310 62252
7311 62261
7312 62165
7313 61996
7314 61950
7315 62432
7316 62140
7317 61774
7318 62415
7319 61920
7320 62196
7321 61815
7322 61735
7323 61736
7324 62107
7325 62171
7326 61690
7327 61800
7328 61946
7329 62055
7330 61800
7331 62145
7332 61870
7333 61954
7334 62033
7335 61899
7336 61569
7337 61886
7338 61687
7339 61782
7340 61932
7341 61679
7342 61869
7343 61640
7344 61716
7345 61426
7346 61269
7347 61426
7348 61536
7349 62173
7350 61563
7351 61354
7352 61275
7353 61825
7354 61993
7355 61588
7356 61668
7357 61149
7358 61585
7359 61639
7360 61713
7361 61435
7362 61287
7363 61598
7364 61708
7365 61479
7366 61233
7367 61345
7368 61718
7369 61640
7370 61443
7371 62207
7372 61214
7373 61549
7374 61309
7375 61796
7376 62094
7377 61622
7378 61837
7379 62121
7380 62054
7381 62086
7382 62424
7383 62129
7384 62153
7385 61873
7386 62304
7387 61865
7388 62382
7389 61945
7390 61857
7391 62183
7392 62112
7393 61792
7394 62383
7395 62111
7396 62028
7397 62000
7398 62124
7399 61852
7400 61855
7401 61915
7402 61814
7403 62400
7404 62024
7405 62013
7406 62197
7407 62273
7408 62063
7409 61885
7410 62200
7411 61916
7412 62164
7413 62181
7414 62018
7415 62279
7416 62097
7417 61927
7418 61906
7419 62069
7420 62113
7421 62355
7422 62285
7423 62127
7424 62100
7425 61984
7426 61888
7427 62347
7428 62215
7429 61998
7430 62115
7431 62248
7432 62063
7433 61782
7434 61879
7435 61840
7436 61694
7437 61832
7438 61817
7439 61403
7440 61763
7441 61858
7442 61753
7443 61937
7444 61789
7445 61692
7446 61310
7447 61234
7448 61619
7449 61824
7450 61348
7451 61207
7452 61855
7453 61223
7454 61198
7455 61504
7456 61801
7457 61679
7458 61288
7459 61402
7460 61328
7461 61613
7462 61681
7463 61612
7464 61317
7465 61530
7466 61391
7467 61156
7468 61708
7469 61207
7470 61591
7471 61246
7472 61488
7473 61530
7474 61803
7475 61886
7476 61852
7477 62258
7478 61922
7479 61429
7480 62279
7481 62237
7482 61891
7483 62298
7484 62071
7485 61984
7486 61994
7487 61746
7488 61706
7489 62067
7490 61689
7491 61688
7492 62228
7493 61972
7494 61738
7495 61977
7496 61887
7497 61768
7498 61919
7499 62131
7500 62264
7501 62115
7502 62318
7503 61687
7504 62111
7505 62159
7506 62129
7507 62332
7508 62191
7509 61932
7510 62233
7511 61904
7512 61961
7513 62346
7514 61674
7515 62003
7516 61960
7517 62140
7518 62030
7519 61686
7520 62110
7521 62049
7522 61766
7523 61704
7524 61748
7525 61967
7526 62241
7527 62125
7528 61918
7529 62059
7530 61912
7531 61666
7532 61623
7533 61273
7534 61339
7535 61417
7536 61299
7537 61078
7538 60982
7539 60851
7540 60690
7541 60722
7542 61173
7543 60556
7544 60628
7545 60496
7546 60546
7547 60910
7548 60552
7549 61201
7550 60772
7551 61180
7552 61035
7553 60993
7554 60394
7555 60903
7556 60830
7557 60877
7558 60778
7559 60701
7560 60560
7561 60576
7562 60690
7563 61262
7564 60808
7565 60801
7566 61369
7567 60928
7568 61005
7569 60964
7570 61162
7571 60745
7572 60962
7573 61229
7574 61058
7575 61323
7576 61108
7577 61227
7578 61249
7579 61346
7580 61443
7581 61196
7582 61214
7583 61113
7584 61572
7585 61254
7586 61317
7587 60845
7588 61239
7589 61007
7590 61126
7591 61262
7592 61178
7593 61109
7594 61384
7595 61173
7596 61300
7597 61298
7598 61153
7599 61390
7600 61234
7601 61515
7602 61564
7603 61448
7604 61421
7605 61563
7606 61474
7607 61471
7608 61084
7609 61329
7610 61430
7611 61839
7612 61296
7613 61773
7614 61341
7615 61625
7616 61438
7617 61266
7618 61672
7619 61153
7620 61295
7621 61430
7622 60992
7623 61391
7624 61333
7625 61069
7626 61425
7627 61072
7628 61468
7629 61261
7630 61524
7631 61245
7632 61043
7633 61353
7634 60697
7635 61264
7636 61515
7637 61268
7638 60556
7639 60911
7640 60866
7641 60554
7642 61026
7643 60636
7644 60659
7645 60430
7646 60968
7647 61179
7648 60848
7649 60388
7650 61030
7651 61000
7652 60767
7653 60789
7654 60477
7655 61159
7656 61217
7657 60838
7658 60689
7659 60839
7660 60810
7661 60985
7662 61139
7663 60868
7664 60781
7665 60924
7666 61060
7667 61185
7668 60797
7669 60971
7670 61028
7671 60617
7672 60720
7673 60898
7674 61297
7675 61037
7676 61295
7677 61000
7678 61724
7679 61629
7680 61283
7681 61453
7682 61467
7683 61503
7684 61322
7685 61225
7686 61624
7687 61387
7688 61372
7689 60993
7690 61313
7691 61169
7692 61117
7693 61331
7694 61508
7695 61521
7696 61319
7697 60958
7698 61556
7699 61614
7700 61589
7701 61156
7702 61699
7703 61545
7704 61252
7705 61383
7706 61424
7707 61361
7708 61473
7709 61869
7710 61453
7711 61608
7712 61450
7713 61597
7714 60966
7715 61545
7716 61573
7717 61251
7718 61748
7719 61322
7720 61743
7721 61144
7722 61491
7723 61526
7724 61505
7725 61587
7726 61584
7727 61607
7728 61688
7729 61509
7730 61728
7731 61325
7732 61195
7733 61195
7734 60888
7735 61276
7736 61276
7737 61221
7738 61136
7739 60908
7740 61248
7741 60900
7742 61093
7743 61012
7744 61082
7745 60776
7746 60924
7747 60998
7748 60803
7749 60439
7750 61111
7751 61273
7752 60969
7753 61011
7754 60960
7755 61166
7756 60734
7757 60953
7758 60892
7759 60759
7760 60892
7761 60354
7762 60595
7763 60991
7764 61171
7765 61020
7766 60864
7767 60916
7768 60639
7769 61458
7770 60763
7771 61464
7772 61025
7773 61170
7774 61368
7775 61758
7776 61144
7777 61467
7778 61661
7779 61954
7780 61409
7781 61392
7782 61731
7783 61881
7784 61610
7785 61541
7786 61632
7787 61763
7788 61600
7789 61887
7790 61672
7791 61324
7792 61212
7793 61299
7794 61656
7795 61799
7796 61766
7797 61543
7798 61393
7799 61955
7800 61786
7801 61546
7802 61864
7803 61692
7804 61969
7805 61831
7806 61998
7807 62138
7808 62089
7809 61454
7810 61906
7811 62235
7812 61918
7813 61927
7814 61931
7815 62574
7816 62279
7817 62724
7818 62383
7819 62337
7820 61822
7821 62226
7822 62315
7823 62318
7824 62490
7825 62714
7826 62550
7827 62790
7828 62745
7829 62237
7830 62604
7831 62451
7832 62694
7833 62286
7834 61934
7835 62244
7836 62843
7837 62231
7838 62447
7839 62218
7840 61840
7841 62340
7842 61983
7843 61920
7844 61824
7845 61979
7846 61767
7847 62050
7848 62045
7849 61881
7850 61931
7851 61797
7852 62053
7853 62317
7854 61777
7855 62402
7856 62095
7857 61388
7858 61761
7859 61683
7860 61793
7861 62286
7862 62230
7863 62075
7864 61917
7865 62022
7866 62576
7867 62379
7868 62508
7869 62229
7870 62234
7871 62353
7872 62454
7873 62323
7874 62211
7875 62396
7876 62548
7877 62490
7878 62266
7879 62466
7880 62464
7881 62891
7882 62601
7883 62825
7884 62577
7885 62805
7886 62983
7887 62565
7888 62707
7889 62764
7890 62947
7891 62621
7892 62838
7893 63128
7894 62616
7895 63001
7896 62645
7897 63046
7898 62691
7899 62494
7900 62653
7901 62768
7902 62678
7903 62850
7904 62783
7905 63370
7906 63289
7907 62413
7908 62920
7909 62818
7910 62787
7911 62494
7912 62346
7913 62658
7914 62884
7915 62495
7916 62414
7917 62616
7918 62387
7919 62771
7920 62973
7921 62603
7922 62702
7923 62962
7924 62547
7925 62714
7926 62312
7927 62879
7928 62898
7929 62971
7930 62723
7931 62576
7932 62857
7933 62685
7934 62656
7935 62154
7936 62542
7937 62813
7938 62202
7939 62542
7940 62551
7941 62644
7942 62315
7943 62497
7944 62909
7945 62618
7946 62465
7947 62128
7948 62328
7949 62556
7950 62842
7951 62363
7952 62649
7953 62280
7954 62629
7955 62536
7956 62775
7957 62410
7958 62576
7959 62400
7960 62570
7961 62417
7962 62422
7963 62389
7964 63034
7965 62769
7966 62712
7967 62519
7968 62655
7969 62457
7970 62941
7971 62477
7972 62948
7973 62894
7974 62538
7975 62993
7976 63109
7977 63297
7978 63398
7979 62892
7980 63163
7981 63098
7982 63398
7983 63415
7984 62889
7985 62919
7986 63534
7987 63162
7988 63119
7989 62983
7990 62813
7991 63184
7992 63132
7993 63366
7994 63447
7995 63119
7996 63445
7997 63109
7998 63433
7999 62978
8000 63205
8001 62861
8002 63280
8003 63527
8004 63549
8005 63159
8006 63329
8007 63136
8008 63303
8009 63155
8010 63399
8011 63653
8012 63336
8013 63675
8014 63541
8015 63626
8016 63191
8017 62935
8018 63097
8019 63538
8020 63510
8021 63383
8022 62799
8023 63271
8024 63175
8025 63543
8026 63666
8027 62964
8028 63922
8029 63125
8030 62935
8031 63031
8032 63169
8033 62999
8034 63039
8035 63432
8036 62974
8037 62947
8038 62943
8039 63022
8040 63040
8041 62633
8042 63065
8043 62721
8044 63374
8045 63308
8046 62608
8047 62636
8048 62823
8049 62909
8050 63039
8051 63004
8052 62697
8053 63052
8054 62645
8055 62791
8056 62525
8057 63012
8058 62941
8059 63012
8060 62839
8061 63202
8062 62861
8063 63193
8064 62769
8065 62803
8066 63154
8067 63020
8068 62846
8069 62977
8070 62801
8071 63044
8072 63607
8073 62916
8074 63616
8075 63340
8076 63138
8077 63318
8078 63135
8079 63342
8080 63523
8081 63587
8082 63613
8083 63720
8084 63511
8085 63605
8086 63529
8087 63791
8088 63417
8089 63844
8090 63289
8091 63451
8092 63685
8093 63962
8094 63687
8095 64318
8096 63770
8097 64227
8098 64365
8099 63919
8100 63853
8101 63788
8102 63952
8103 64437
8104 64310
8105 63985
8106 64025
8107 63947
8108 64390
8109 63918
8110 63640
8111 64005
8112 63990
8113 64276
8114 63984
8115 63939
8116 63726
8117 63815
8118 64255
8119 63566
8120 64295
8121 63852
8122 64169
8123 63688
8124 64032
8125 63489
8126 63557
8127 63844
8128 64194
8129 64256
8130 63998
8131 64053
8132 64175
8133 64186
8134 63923
8135 63653
8136 63914
8137 63556
8138 63608
8139 63687
8140 63834
8141 64132
8142 63527
8143 63462
8144 63960
8145 63586
8146 63366
8147 63376
8148 63324
8149 63489
8150 63413
8151 63631
8152 64071
8153 63026
8154 63549
8155 63163
8156 63817
8157 63525
8158 63467
8159 63808
8160 64157
8161 63369
8162 63826
8163 64185
8164 64132
8165 64023
8166 64355
8167 64146
8168 63707
8169 63685
8170 63989
8171 63693
8172 64083
8173 63899
8174 64533
8175 64233
8176 64300
8177 63914
8178 64527
8179 64390
8180 64711
8181 64465
8182 64293
8183 64686
8184 64406
8185 64084
8186 64820
8187 63971
8188 63739
8189 64367
8190 64536
8191 64549
8192 64513
8193 64632
8194 64709
8195 64791
8196 65043
8197 64460
8198 64612
8199 64533
8200 64718
8201 64727
8202 64885
8203 64264
8204 64707
8205 65015
8206 64745
8207 64799
8208 65010
8209 65072
8210 64449
8211 64673
8212 64962
8213 64821
8214 64505
8215 64249
8216 64567
8217 65141
8218 64579
8219 64636
8220 64519
8221 64453
8222 64184
8223 64226
8224 64625
8225 64649
8226 64709
8227 64593
8228 64147
8229 64338
8230 64083
8231 64661
8232 64147
8233 64480
8234 64715
8235 63969
8236 64088
8237 64361
8238 64407
8239 64309
8240 64372
8241 64382
8242 64195
8243 64386
8244 64239
8245 64286
8246 64252
8247 64320
8248 64050
8249 64167
8250 63879
8251 63995
8252 64252
8253 64152
8254 63500
8255 63832
8256 64042
8257 63978
8258 64190
8259 63831
8260 64138
8261 63717
8262 64334
8263 64258
8264 64338
8265 64059
8266 64432
8267 64100
8268 64105
8269 64328
8270 64735
8271 64314
8272 64171
8273 64642
8274 64441
8275 64816
8276 64512
8277 64522
8278 64192
8279 64693
8280 64712
8281 64950
8282 64932
8283 64803
8284 64482
8285 64846
8286 64686
8287 64755
8288 64923
8289 64871
8290 64924
8291 64947
8292 65101
8293 64661
8294 64774
8295 64619
8296 65143
8297 65490
8298 65148
8299 64905
8300 65228
8301 65127
8302 65192
8303 65218
8304 65027
8305 65052
8306 64894
8307 64742
8308 65251
8309 65606
8310 65176
8311 65213
8312 64782
8313 65198
8314 64667
8315 65153
8316 65357
8317 65279
8318 64981
8319 64659
8320 64830
8321 65089
8322 64840
8323 64410
8324 64747
8325 65285
8326 64745
8327 65306
8328 64637
8329 65145
8330 64813
8331 64596
8332 64857
8333 64562
8334 64842
8335 64867
8336 64819
8337 64832
8338 64522
8339 64579
8340 64690
8341 64690
8342 64108
8343 64811
8344 64364
8345 64211
8346 64265
8347 64593
8348 64133
8349 64709
8350 65014
8351 64443
8352 64259
8353 64055
8354 64293
8355 64067
8356 64607
8357 64678
8358 64540
8359 64360
8360 64590
8361 64809
8362 64726
8363 64385
8364 64348
8365 64610
8366 64190
8367 64440
8368 65029
8369 64712
8370 64375
8371 64592
8372 64669
8373 64972
8374 64701
8375 64671
8376 64714
8377 64980
8378 64912
8379 64848
8380 64900
8381 64957
8382 65198
8383 65151
8384 64908
8385 64746
8386 64802
8387 65117
8388 65009
8389 65197
8390 65530
8391 64794
8392 65170
8393 64968
8394 65056
8395 65011
8396 65163
8397 65282
8398 64991
8399 65312
8400 65405
8401 65220
8402 65262
8403 65573
8404 65770
8405 65611
8406 65446
8407 65721
8408 65547
8409 65008
8410 65100
8411 65252
8412 65197
8413 64796
8414 65141
8415 65033
8416 64905
8417 65177
8418 65024
8419 65258
8420 65105
8421 64685
8422 65501
8423 64794
8424 65056
8425 65266
8426 65533
8427 65010
8428 65404
8429 64561
8430 65061
8431 65320
8432 65036
8433 65502
8434 64879
8435 64799
8436 64857
8437 64472
8438 64614
8439 64643
8440 64477
8441 64140
8442 64820
8443 64589
8444 64841
8445 64377
8446 64229
8447 64427
8448 64580
8449 64477
8450 64400
8451 64358
8452 64688
8453 64458
8454 64466
8455 64505
8456 64977
8457 64508
8458 64244
8459 64558
8460 64885
8461 64123
8462 64921
8463 64411
8464 64630
8465 64781
8466 64779
8467 65061
8468 64847
8469 64636
8470 64752
8471 64539
8472 64880
8473 64560
8474 64684
8475 65408
8476 64894
8477 64833
8478 64881
8479 65254
8480 65120
8481 65486
8482 65529
8483 64954
8484 65399
8485 65034
8486 65058
8487 65224
8488 65156
8489 64937
8490 65145
8491 65469
8492 65364
8493 65244
8494 65439
8495 65735
8496 65413
8497 65165
8498 65455
8499 65526
8500 65497
8501 65315
8502 65726
8503 65525
8504 65177
8505 65487
8506 65442
8507 65628
8508 65532
8509 65566
8510 65561
8511 65598
8512 65141
8513 65249
8514 65024
8515 65296
8516 65138
8517 65258
8518 64978
8519 65504
8520 65509
8521 64985
8522 65424
8523 65223
8524 65144
8525 65396
8526 65199
8527 64983
8528 65658
8529 65499
8530 65135
8531 65279
8532 64679
8533 64930
8534 65515
8535 65208
8536 65087
8537 65153
8538 64730
8539 64999
8540 64777
8541 65642
8542 64847
8543 64807
8544 64653
8545 64552
8546 64802
8547 65108
8548 64629
8549 64916
8550 64610
8551 64835
8552 64969
8553 64488
8554 64343
8555 65096
8556 64791
8557 64369
8558 65069
8559 64866
8560 64876
8561 64804
8562 64755
8563 65151
8564 64988
8565 64977
8566 65254
8567 65193
8568 65168
8569 64624
8570 64430
8571 65056
8572 64805
8573 65608
8574 65353
8575 65043
8576 64927
8577 65261
8578 65146
8579 65010
8580 65561
8581 65347
8582 65600
8583 65592
8584 65686
8585 65217
8586 65247
8587 65689
8588 65640
8589 65384
8590 65369
8591 65458
8592 65596
8593 65315
8594 65587
8595 65352
8596 65708
8597 65679
8598 66018
8599 65865
8600 65828
8601 65514
8602 65620
8603 65554
8604 65330
8605 66207
8606 65927
8607 66204
8608 65585
8609 66012
8610 65908
8611 65861
8612 65709
8613 66089
8614 65493
8615 65981
8616 65867
8617 65413
8618 65664
8619 66096
8620 65686
8621 65886
8622 65696
8623 65861
8624 65757
8625 65320
8626 65677
8627 65573
8628 65744
8629 65549
8630 65485
8631 66084
8632 65783
8633 65561
8634 65469
8635 65307
8636 65611
8637 65098
8638 65122
8639 65688
8640 65363
8641 64888
8642 65357
8643 65357
8644 65709
8645 65402
8646 65340
8647 65216
8648 64858
8649 65269
8650 65031
8651 65177
8652 65260
8653 65397
8654 64661
8655 65491
8656 65264
8657 65451
8658 65531
8659 65304
8660 65194
8661 65125
8662 65635
8663 65639
8664 65719
8665 65231
8666 65420
8667 65656
8668 65285
8669 65608
8670 65397
8671 65322
8672 65370
8673 65633
8674 66137
8675 65632
8676 65728
8677 66119
8678 66006
8679 66196
8680 66007
8681 65909
8682 65724
8683 66053
8684 66105
8685 66364
8686 66113
8687 66063
8688 66234
8689 66121
8690 66415
8691 65593
8692 65741
8693 65786
8694 66168
8695 66416
8696 66598
8697 65971
8698 65902
8699 66046
8700 66274
8701 66442
8702 66492
8703 66330
8704 66753
8705 66573
8706 66546
8707 66418
8708 66311
8709 66435
8710 66000
8711 66220
8712 66193
8713 65810
8714 66204
8715 66192
8716 66281
8717 66454
8718 66096
8719 66201
8720 66223
8721 66306
8722 65927
8723 66384
8724 65857
8725 66375
8726 66274
8727 65730
8728 65764
8729 66015
8730 66414
8731 65856
8732 65974
8733 66368
8734 65949
8735 65695
8736 66461
8737 65731
8738 66179
8739 65979
8740 65710
8741 65920
8742 65948
8743 66207
8744 66142
8745 65951
8746 65822
8747 65804
8748 65873
8749 66322
8750 65384
8751 65882
8752 65736
8753 65788
8754 65807
8755 66084
8756 65967
8757 65601
8758 65847
8759 65944
8760 65898
8761 65867
8762 66057
8763 66065
8764 65980
8765 66282
8766 65814
8767 65920
8768 66188
8769 65905
8770 66477
8771 66144
8772 65656
8773 66340
8774 65903
8775 66509
8776 65797
8777 66119
8778 66215
8779 66248
8780 66431
8781 65929
8782 66466
8783 66595
8784 66449
8785 66929
8786 66626
8787 66153
8788 66642
8789 66334
8790 66221
8791 66493
8792 66565
8793 66737
8794 66557
8795 66698
8796 66169
8797 66337
8798 66743
8799 66948
8800 66690
8801 66562
8802 66411
8803 66489
8804 66614
8805 66494
8806 66516
8807 66675
8808 66537
8809 66371
8810 67031
8811 66161
8812 66324
8813 66909
8814 66539
8815 66431
8816 66103
8817 66299
8818 66419
8819 66323
8820 66177
8821 66644
8822 66505
8823 66219
8824 65847
8825 66340
8826 66876
8827 66726
8828 66635
8829 66169
8830 66488
8831 66423
8832 66502
8833 66260
8834 66509
8835 66038
8836 66187
8837 66335
8838 65930
8839 66177
8840 66119
8841 65923
8842 65829
8843 65990
8844 65745
8845 66135
8846 65800
8847 65928
8848 65420
8849 66027
8850 65484
8851 65818
8852 65742
8853 65726
8854 65428
8855 65990
8856 65652
8857 65814
8858 65715
8859 66229
8860 65586
8861 65738
8862 66184
8863 65973
8864 65869
8865 65763
8866 66077
8867 65997
8868 65685
8869 65810
8870 66013
8871 65897
8872 65947
8873 66148
8874 65767
8875 66163
8876 66387
8877 66384
8878 66358
8879 66421
8880 66076
8881 66348
8882 66382
8883 66548
8884 66328
8885 66145
8886 66275
8887 66208
8888 66430
8889 66001
8890 66378
8891 66101
8892 66452
8893 66483
8894 65927
8895 66584
8896 66706
8897 66319
8898 66156
8899 66411
8900 66572
8901 66575
8902 66668
8903 66655
8904 66391
8905 66535
8906 66177
8907 66566
8908 66432
8909 66458
8910 66555
8911 66732
8912 66456
8913 66194
8914 66313
8915 66016
8916 66445
8917 66134
8918 66009
8919 66383
8920 66587
8921 66550
8922 66199
8923 65742
8924 66706
8925 66254
8926 66326
8927 66048
8928 66079
8929 66220
8930 65883
8931 66154
8932 66018
8933 66199
8934 66402
8935 65915
8936 65885
8937 65829
8938 65655
8939 65451
8940 65660
8941 65545
8942 65584
8943 65961
8944 66072
8945 65481
8946 65679
8947 65506
8948 65980
8949 65562
8950 65361
8951 65920
8952 65909
8953 65687
8954 65356
8955 65378
8956 65252
8957 65220
8958 66006
8959 65782
8960 65334
8961 65446
8962 65586
8963 65920
8964 65707
8965 65935
8966 65564
8967 65641
8968 65637
8969 65501
8970 65666
8971 66021
8972 65595
8973 65646
8974 66002
8975 66012
8976 66133
8977 65737
8978 65831
8979 66035
8980 65935
8981 66181
8982 66213
8983 65583
8984 66068
8985 65939
8986 65629
8987 65881
8988 66021
8989 66028
8990 66331
8991 66518
8992 65805
8993 66305
8994 66128
8995 66054
8996 66507
8997 66012
8998 66171
8999 65997
9000 66285
9001 66586
9002 66360
9003 66305
9004 66149
9005 65956
9006 66205
9007 66347
9008 66242
9009 66196
9010 65948
9011 65720
9012 66184
9013 66291
9014 66064
9015 65938
9016 65973
9017 65888
9018 65958
9019 66034
9020 66154
9021 65362
9022 66033
9023 65950
9024 66131
9025 65535
9026 65849
9027 65688
9028 65466
9029 66196
9030 66118
9031 65488
9032 65988
9033 65431
9034 65730
9035 65367
9036 65362
9037 65153
9038 65481
9039 65522
9040 65512
9041 65343
9042 65309
9043 65316
9044 65340
9045 65460
9046 65308
9047 65344
9048 65478
9049 64987
9050 65220
9051 65213
9052 65444
9053 65337
9054 65075
9055 65020
9056 64966
9057 64879
9058 65434
9059 65318
9060 65544
9061 65311
9062 65276
9063 65014
9064 65124
9065 65038
9066 65018
9067 65117
9068 65549
9069 65657
9070 65410
9071 65379
9072 65817
9073 65380
9074 65665
9075 65696
9076 65542
9077 65492
9078 65417
9079 65422
9080 65259
9081 65615
9082 65821
9083 65568
9084 65682
9085 65936
9086 65697
9087 65282
9088 65686
9089 65961
9090 65649
9091 65872
9092 65612
9093 65700
9094 65713
9095 65936
9096 65653
9097 65943
9098 65764
9099 66159
9100 66075
9101 65906
9102 66054
9103 65612
9104 66055
9105 65745
9106 66005
9107 65901
9108 65831
9109 66044
9110 65490
9111 65767
9112 66040
9113 65705
9114 66029
9115 65646
9116 65750
9117 65429
9118 65984
9119 65280
9120 65385
9121 65632
9122 65336
9123 65379
9124 65172
9125 65342
9126 65478
9127 65418
9128 65733
9129 65369
9130 65553
9131 65734
9132 65612
9133 65285
9134 65293
9135 65045
9136 65319
9137 65247
9138 65183
9139 65224
9140 65455
9141 65064
9142 65262
9143 65163
9144 65293
9145 65126
9146 65147
9147 64750
9148 65090
9149 65370
9150 64675
9151 64753
9152 64883
9153 64872
9154 65037
9155 65121
9156 64747
9157 64542
9158 64725
9159 64807
9160 64766
9161 65090
9162 64878
9163 64966
9164 64978
9165 64797
9166 65066
9167 64750
9168 65027
9169 64711
9170 64627
9171 64943
9172 64963
9173 65120
9174 64929
9175 64980
9176 65435
9177 65337
9178 65013
9179 65246
9180 65223
9181 64931
9182 65500
9183 65243
9184 64976
9185 65600
9186 65155
9187 65296
9188 65292
9189 65374
9190 65177
9191 65557
9192 65677
9193 65662
9194 65371
9195 65634
9196 65494
9197 65394
9198 65538
9199 65465
9200 65472
9201 65624
9202 65535
9203 65684
9204 65258
9205 64627
9206 65496
9207 65643
9208 65463
9209 64974
9210 65271
9211 65510
9212 65245
9213 65573
9214 65541
9215 65355
9216 65538
9217 65429
9218 65122
9219 65071
9220 65003
9221 65370
9222 65278
9223 65180
9224 65162
9225 65265
9226 64966
9227 65179
9228 65336
9229 65038
9230 64864
9231 64743
9232 64987
9233 65174
9234 64992
9235 64880
9236 65354
9237 64580
9238 65280
9239 64381
9240 64603
9241 64481
9242 64885
9243 64740
9244 64884
9245 64591
9246 64128
9247 64755
9248 64636
9249 64716
9250 65176
9251 64456
9252 64237
9253 64337
9254 64442
9255 64690
9256 64803
9257 64639
9258 64456
9259 64429
9260 64813
9261 64513
9262 64476
9263 64857
9264 64938
9265 64731
9266 64726
9267 64527
9268 64904
9269 64821
9270 64339
9271 64884
9272 64890
9273 64574
9274 65201
9275 65172
9276 65283
9277 65329
9278 64966
9279 64891
9280 65065
9281 65029
9282 65168
9283 64655
9284 65276
9285 65398
9286 65359
9287 64808
9288 65586
9289 64855
9290 65366
9291 65306
9292 64500
9293 65695
9294 65199
9295 65357
9296 65047
9297 64962
9298 65561
9299 65066
9300 64973
9301 65217
9302 65109
9303 65481
9304 65212
9305 65511
9306 65381
9307 65908
9308 65463
9309 65233
9310 65546
9311 65037
9312 65429
9313 65656
9314 65323
9315 64890
9316 65370
9317 65229
9318 65092
9319 65182
9320 65343
9321 65130
9322 65054
9323 65117
9324 64973
9325 64935
9326 64871
9327 65298
9328 64882
9329 65315
9330 65001
9331 64864
9332 64984
9333 64697
9334 64545
9335 64828
9336 64937
9337 64601
9338 64593
9339 64952
9340 64402
9341 64586
9342 64452
9343 64650
9344 64846
9345 64405
9346 64344
9347 64991
9348 64499
9349 64565
9350 64442
9351 64133
9352 64601
9353 65107
9354 64575
9355 64296
9356 64192
9357 64195
9358 64756
9359 64607
9360 64496
9361 64571
9362 64814
9363 64463
9364 64406
9365 64241
9366 64598
9367 64356
9368 64424
9369 64374
9370 64420
9371 64286
9372 65073
9373 64763
9374 64599
9375 64983
9376 64858
9377 64664
9378 65027
9379 64852
9380 65210
9381 65226
9382 64645
9383 65004
9384 64859
9385 64588
9386 64772
9387 64850
9388 64302
9389 65283
9390 64987
9391 65459
9392 65175
9393 65038
9394 65272
9395 65185
9396 65271
9397 65267
9398 65433
9399 65303
9400 64906
9401 65236
9402 65364
9403 65633
9404 65166
9405 65445
9406 65289
9407 65472
9408 65691
9409 65414
9410 65268
9411 65362
9412 65713
9413 66005
9414 65203
9415 64854
9416 65394
9417 64888
9418 65027
9419 65426
9420 65103
9421 65017
9422 65465
9423 65142
9424 64858
9425 64929
9426 65176
9427 64971
9428 65069
9429 64723
9430 64556
9431 65446
9432 64936
9433 64879
9434 65041
9435 65053
9436 64949
9437 64454
9438 64729
9439 64846
9440 64929
9441 64832
9442 64535
9443 64537
9444 64594
9445 64349
9446 64327
9447 64124
9448 64490
9449 64684
9450 64648
9451 64444
9452 64696
9453 64794
9454 64336
9455 64280
9456 64745
9457 64583
9458 63999
9459 64774
9460 64677
9461 64825
9462 64599
9463 64458
9464 65066
9465 64934
9466 64774
9467 64914
9468 65214
9469 64577
9470 64772
9471 65062
9472 64979
9473 65213
9474 64869
9475 64996
9476 64946
9477 65257
9478 64965
9479 65274
9480 65211
9481 65225
9482 65199
9483 65361
9484 65671
9485 65639
9486 65228
9487 65462
9488 65170
9489 65045
9490 65262
9491 65371
9492 65833
9493 65763
9494 65208
9495 65378
9496 65849
9497 65938
9498 65899
9499 65211
9500 65571
9501 65257
9502 65375
9503 66197
9504 65792
9505 65435
9506 65423
9507 65607
9508 65371
9509 65488
9510 65535
9511 65731
9512 65687
9513 65924
9514 65088
9515 65663
9516 65537
9517 65255
9518 65565
9519 65744
9520 65622
9521 65317
9522 65501
9523 65758
9524 65467
9525 65468
9526 66260
9527 65329
9528 65669
9529 65842
9530 65837
9531 65457
9532 65406
9533 65954
9534 64702
9535 65067
9536 65820
9537 65696
9538 65635
9539 65682
9540 64819
9541 65382
9542 64989
9543 65253
9544 64966
9545 65241
9546 65072
9547 65334
9548 65185
9549 65247
9550 65242
9551 65174
9552 64926
9553 65003
9554 64894
9555 65215
9556 65006
9557 64886
9558 64923
9559 64300
9560 65282
9561 64911
9562 65377
9563 65052
9564 65138
9565 64952
9566 65562
9567 65417
9568 65584
9569 65040
9570 65156
9571 65343
9572 65167
9573 65226
9574 65457
9575 64999
9576 65589
9577 65659
9578 65083
9579 64858
9580 65989
9581 65891
9582 65709
9583 65844
9584 65765
9585 66036
9586 65848
9587 65762
9588 65562
9589 65714
9590 65906
9591 65814
9592 65810
9593 65786
9594 65758
9595 65864
9596 66121
9597 65773
9598 65732
9599 65898
9600 66007
9601 65840
9602 66087
9603 66138
9604 66057
9605 65935
9606 66317
9607 65962
9608 65797
9609 65933
9610 65744
9611 65597
9612 65367
9613 66295
9614 66166
9615 66145
9616 65525
9617 65665
9618 66060
9619 65757
9620 65930
9621 65591
9622 65803
9623 65574
9624 65885
9625 66063
9626 66017
9627 65771
9628 66101
9629 65730
9630 65934
9631 65360
9632 66007
9633 65674
9634 65730
9635 65728
9636 65386
9637 65537
9638 65540
9639 65172
9640 65462
9641 65277
9642 65438
9643 65331
9644 65580
9645 65578
9646 64976
9647 65266
9648 65302
9649 65358
9650 65167
9651 65350
9652 65355
9653 65369
9654 65305
9655 65190
9656 65268
9657 65276
9658 65148
9659 65796
9660 65190
9661 65089
9662 65492
9663 65332
9664 65748
9665 65205
9666 65367
9667 65409
9668 65539
9669 65628
9670 65707
9671 65596
9672 65689
9673 65868
9674 65657
9675 65605
9676 65835
9677 65708
9678 66161
9679 65900
9680 66104
9681 66149
9682 65688
9683 66059
9684 65690
9685 66006
9686 65694
9687 66301
9688 65943
9689 65851
9690 65679
9691 66301
9692 66218
9693 65685
9694 66056
9695 65775
9696 66133
9697 65871
9698 66031
9699 66461
9700 66200
9701 66363
9702 66192
9703 66256
9704 65833
9705 66233
9706 66018
9707 66046
9708 66114
9709 66098
9710 66351
9711 66219
9712 66378
9713 65891
9714 66023
9715 66169
9716 66263
9717 66203
9718 66034
9719 66051
9720 65853
9721 66056
9722 65444
9723 66165
9724 66269
9725 66083
9726 66143
9727 65695
9728 66006
9729 66314
9730 66030
9731 65993
9732 66235
9733 65879
9734 65422
9735 65998
9736 65699
9737 65612
9738 65501
9739 65683
9740 65954
9741 65832
9742 65331
9743 65327
9744 65819
9745 65455
9746 65411
9747 65599
9748 65592
9749 65478
9750 66040
9751 65639
9752 65084
9753 65617
9754 64786
9755 65523
9756 65814
9757 65491
9758 65169
9759 65665
9760 65622
9761 65320
9762 65586
9763 65520
9764 65459
9765 65696
9766 65380
9767 65481
9768 65533
9769 65660
9770 66103
9771 65786
9772 65727
9773 65721
9774 65819
9775 66012
9776 65461
9777 65621
9778 65853
9779 66309
9780 65737
9781 65707
9782 66071
9783 66077
9784 66249
9785 65804
9786 66449
9787 65480
9788 66213
9789 65850
9790 66199
9791 65995
9792 66037
9793 65866
9794 66240
9795 66465
9796 66350
9797 65970
9798 66387
9799 66132
9800 66127
9801 66431
9802 66309
9803 65900
9804 65908
9805 66272
9806 66642
9807 66193
9808 66095
9809 66391
9810 65983
9811 66296
9812 65869
9813 66585
9814 66145
9815 65978
9816 66241
9817 65858
9818 65989
9819 66352
9820 66035
9821 66548
9822 65876
9823 66050
9824 65893
9825 65891
9826 66104
9827 66198
9828 66194
9829 66014
9830 66052
9831 66296
9832 65671
9833 65644
9834 65669
9835 65890
9836 66051
9837 65905
9838 65813
9839 65742
9840 65637
9841 65998
9842 66267
9843 65604
9844 66070
9845 65655
9846 65574
9847 65308
9848 65889
9849 65049
9850 65706
9851 66013
9852 65640
9853 65241
9854 65563
9855 65465
9856 65442
9857 65439
9858 64942
9859 65531
9860 65759
9861 65607
9862 65318
9863 65675
9864 65476
9865 65315
9866 65425
9867 65873
9868 65625
9869 65682
9870 65387
9871 65430
9872 65966
9873 65552
9874 65935
9875 66110
9876 65749
9877 65774
9878 65935
9879 65988
9880 66319
9881 66148
9882 66264
9883 65947
9884 65888
9885 66071
9886 66095
9887 66066
9888 66281
9889 66001
9890 66579
9891 65993
9892 66090
9893 66250
9894 66165
9895 66354
9896 66250
9897 66165
9898 66236
9899 66285
9900 66457
9901 66253
9902 66162
9903 66338
9904 66232
9905 66671
9906 66711
9907 66752
9908 66194
9909 66499
9910 66266
9911 66674
9912 65644
9913 66341
9914 66418
9915 66060
9916 66181
9917 66505
9918 66033
9919 65846
9920 66716
9921 66022
9922 66242
9923 66148
9924 66413
9925 65628
9926 66297
9927 65946
9928 66328
9929 65797
9930 65677
9931 65966
9932 65918
9933 66098
9934 65701
9935 65971
9936 65585
9937 66030
9938 65653
9939 65805
9940 65646
9941 65923
9942 65547
9943 65790
9944 65300
9945 65385
9946 65437
9947 65862
9948 65265
9949 65623
9950 65363
9951 65166
9952 65021
9953 65428
9954 65331
9955 65354
9956 65236
9957 65203
9958 65352
9959 65398
9960 65211
9961 65473
9962 65703
9963 65598
9964 66049
9965 65861
9966 65250
9967 65610
9968 65779
9969 65504
9970 65628
9971 65533
9972 65510
9973 65784
9974 65653
9975 65544
9976 65675
9977 65793
9978 65650
9979 65604
9980 65629
9981 65867
9982 65917
9983 65917
9984 65678
9985 66091
9986 66026
9987 65282
9988 66105
9989 65750
9990 65902
9991 65761
9992 65737
9993 66154
9994 66506
9995 65832
9996 65926
9997 66405
9998 66327
9999 65916
10000 66381
10001 66003
10002 66151
10003 65900
10004 66426
10005 65697
10006 66647
10007 65897
10008 66202
10009 65497
10010 66109
10011 65903
10012 65640
10013 65715
10014 65895
10015 66254
10016 65451
10017 66502
10018 66041
10019 65719
10020 66016
10021 65726
10022 65918
10023 66026
10024 65423
10025 65962
10026 66154
10027 65828
10028 65502
10029 66114
10030 65741
10031 65725
10032 65543
10033 65067
10034 65405
10035 65360
10036 65637
10037 65443
10038 65678
10039 65143
10040 65391
10041 65058
10042 65140
10043 65028
10044 65228
10045 65160
10046 65212
10047 65416
10048 64889
10049 64825
10050 65106
10051 64880
10052 64985
10053 65136
10054 64915
10055 64960
10056 64797
10057 64996
10058 65331
10059 64854
10060 65020
10061 65055
10062 65133
10063 64877
10064 64994
10065 65517
10066 65117
10067 64788
10068 64995
10069 64959
10070 65282
10071 65052
10072 65252
10073 65319
10074 65490
10075 64791
10076 65049
10077 65495
10078 65508
10079 65979
10080 65344
10081 65402
10082 65234
10083 65432
10084 65431
10085 65146
10086 65389
10087 65084
10088 64960
10089 65292
10090 65029
10091 65234
10092 65148
10093 65128
10094 65462
10095 65136
10096 65114
10097 65495
10098 65025
10099 65571
10100 65471
10101 65169
10102 65101
10103 65502
10104 65823
10105 65663
10106 64999
10107 65446
10108 65022
10109 65133
10110 65182
10111 64839
10112 65254
10113 64904
10114 65035
10115 64979
10116 64693
10117 65408
10118 65150
10119 65210
10120 65199
10121 64757
10122 64955
10123 65004
10124 65226
10125 64962
10126 64886
10127 64854
10128 64915
10129 64958
10130 65008
10131 64740
10132 64546
10133 64619
10134 64489
10135 64787
10136 64596
10137 64786
10138 64710
10139 64636
10140 64296
10141 64456
10142 64437
10143 64358
10144 64610
10145 64410
10146 64224
10147 63959
10148 64142
10149 63961
10150 63870
10151 64063
10152 64007
10153 63817
10154 64204
10155 63532
10156 64220
10157 64302
10158 64006
10159 64064
10160 64632
10161 64430
10162 64133
10163 63797
10164 64240
10165 63937
10166 64123
10167 64371
10168 64235
10169 64480
10170 64532
10171 64263
10172 64147
10173 64347
10174 64040
10175 64018
10176 64284
10177 64337
10178 64612
10179 64537
10180 64372
10181 64562
10182 64595
10183 64643
10184 64493
10185 64078
10186 64493
10187 63871
10188 64687
10189 64358
10190 64352
10191 64459
10192 64148
10193 64590
10194 64478
10195 64468
10196 64482
10197 64550
10198 64166
10199 64625
10200 64960
10201 64629
10202 64480
10203 64474
10204 64570
10205 64549
10206 64290
10207 64512
10208 64277
10209 64039
10210 64536
10211 64367
10212 64109
10213 64440
10214 64297
10215 64328
10216 64575
10217 64455
10218 63938
10219 64367
10220 64177
10221 64089
10222 64197
10223 64345
10224 63909
10225 63876
10226 64005
10227 64023
10228 64008
10229 64187
10230 63978
10231 63599
10232 64312
10233 63705
10234 63714
10235 63539
10236 63821
10237 63684
10238 63466
10239 63455
10240 63511
10241 63538
10242 63092
10243 63317
10244 63552
10245 63399
10246 63177
10247 63537
10248 62958
10249 63257
10250 63198
10251 63192
10252 63198
10253 63026
10254 63371
10255 63308
10256 62990
10257 63255
10258 63046
10259 62973
10260 63198
10261 63032
10262 63241
10263 63400
10264 63188
10265 63112
10266 63274
10267 63242
10268 63420
10269 63252
10270 63281
10271 62964
10272 63567
10273 62944
10274 63285
10275 63137
10276 63602
10277 63539
10278 63398
10279 63249
10280 63610
10281 63769
10282 64093
10283 63595
10284 63808
10285 63677
10286 63480
10287 63460
10288 63083
10289 63421
10290 63430
10291 64167
10292 63365
10293 63497
10294 63535
10295 63485
10296 63514
10297 63321
10298 63928
10299 63779
10300 63269
10301 63670
10302 63374
10303 64175
10304 63621
10305 63594
10306 63813
10307 63810
10308 63873
10309 63653
10310 63366
10311 63737
10312 63381
10313 63476
10314 63737
10315 63633
10316 63062
10317 63415
10318 63347
10319 63380
10320 63245
10321 63370
10322 63482
10323 63405
10324 63950
10325 63332
10326 63443
10327 63136
10328 63120
10329 63347
10330 63195
10331 63037
10332 63189
10333 62924
10334 63390
10335 63116
10336 63054
10337 63051
10338 62783
10339 62915
10340 62713
10341 62477
10342 62910
10343 62666
10344 63192
10345 63240
10346 63204
10347 63085
10348 62476
10349 62472
10350 62501
10351 62275
10352 62936
10353 62657
10354 62672
10355 62516
10356 62559
10357 62560
10358 62565
10359 62360
10360 62992
10361 62292
10362 62675
10363 62374
10364 62880
10365 62857
10366 63328
10367 62724
10368 62725
10369 62724
10370 62979
10371 62797
10372 62744
10373 62652
10374 62876
10375 62752
10376 62933
10377 63256
10378 62729
10379 62983
10380 63361
10381 63087
10382 63538
10383 63630
10384 63334
10385 63291
10386 63003
10387 63370
10388 63261
10389 63189
10390 63045
10391 63134
10392 63342
10393 63380
10394 63479
10395 63442
10396 63207
10397 63360
10398 63151
10399 63421
10400 63495
10401 63260
10402 63587
10403 63553
10404 63264
10405 63031
10406 63173
10407 62883
10408 63359
10409 63106
10410 63298
10411 63166
10412 63392
10413 63205
10414 62897
10415 63047
10416 63162
10417 62949
10418 62933
10419 63122
10420 62888
10421 63020
10422 62596
10423 63057
10424 62979
10425 63109
10426 62914
10427 63386
10428 63156
10429 62768
10430 63131
10431 62882
10432 63120
10433 62297
10434 62557
10435 62624
10436 62663
10437 62366
10438 62676
10439 62566
10440 62018
10441 62257
10442 62430
10443 62495
10444 62176
10445 62489
10446 62080
10447 63044
10448 61915
10449 62477
10450 62546
10451 62367
10452 62057
10453 62425
10454 61844
10455 62213
10456 62265
10457 62169
10458 62677
10459 61980
10460 62355
10461 62027
10462 62694
10463 62808
10464 62440
10465 62372
10466 62325
10467 62548
10468 62834
10469 62342
10470 62609
10471 62710
10472 62456
10473 62467
10474 62595
10475 62825
10476 62468
10477 62958
10478 63047
10479 62989
10480 63256
10481 63234
10482 62875
10483 62744
10484 62972
10485 63047
10486 63064
10487 62736
10488 63066
10489 62825
10490 63015
10491 63486
10492 63014
10493 63111
10494 62920
10495 63053
10496 63467
10497 63216
10498 62752
10499 62936
10500 63241
10501 63575
10502 62786
10503 63226
10504 63228
10505 62878
10506 62538
10507 63174
10508 63082
10509 63064
10510 62990
10511 62852
10512 62888
10513 63247
10514 63239
10515 62746
10516 62669
10517 62843
10518 62640
10519 62673
10520 62650
10521 62613
10522 62511
10523 62775
10524 62341
10525 63111
10526 62369
10527 62902
10528 62914
10529 62591
10530 62590
10531 62624
10532 62252
10533 62368
10534 62036
10535 62171
10536 62413
10537 62156
10538 62503
10539 62323
10540 62483
10541 62319
10542 62345
10543 61864
10544 62594
10545 62199
10546 62070
10547 62298
10548 62061
10549 61962
10550 62422
10551 61991
10552 62068
10553 62142
10554 62070
10555 61989
10556 61844
10557 62165
10558 62023
10559 62277
10560 62178
10561 62086
10562 62265
10563 62269
10564 62340
10565 62358
10566 62454
10567 62646
10568 62250
10569 62495
10570 62447
10571 62454
10572 62452
10573 62396
10574 62801
10575 62201
10576 62293
10577 62798
10578 62997
10579 62811
10580 63313
10581 62779
10582 63123
10583 63131
10584 62837
10585 62780
10586 62533
10587 62666
10588 63327
10589 62809
10590 62602
10591 62660
10592 62747
10593 62988
10594 62495
10595 63224
10596 62884
10597 63053
10598 62823
10599 62458
10600 63056
10601 62818
10602 62795
10603 62877
10604 62753
10605 63291
10606 63165
10607 63347
10608 62973
10609 62808
10610 62975
10611 63270
10612 62652
10613 62590
10614 62687
10615 63174
10616 62854
10617 62322
10618 62812
10619 62778
10620 62605
10621 62490
10622 62603
10623 62769
10624 63097
10625 62878
10626 62546
10627 62799
10628 62735
10629 62910
10630 62756
10631 62854
10632 62382
10633 62564
10634 63074
10635 62438
10636 62340
10637 62224
10638 62265
10639 61828
10640 62091
10641 62435
10642 62351
10643 62554
10644 61948
10645 62268
10646 62645
10647 62389
10648 62264
10649 62200
10650 62237
10651 62203
10652 62131
10653 61859
10654 62490
10655 61993
10656 62011
10657 62385
10658 62011
10659 61993
10660 62593
10661 62283
10662 62390
10663 62443
10664 62181
10665 62126
10666 62113
10667 62077
10668 62306
10669 62588
10670 61806
10671 62228
10672 62285
10673 62229
10674 62173
10675 62489
10676 63081
10677 62628
10678 62678
10679 62747
10680 62878
10681 63026
10682 62659
10683 62753
10684 63088
10685 62547
10686 62469
10687 62771
10688 62788
10689 62551
10690 63098
10691 62961
10692 62886
10693 62855
10694 63083
10695 62971
10696 62743
10697 62606
10698 63302
10699 62923
10700 63134
10701 62997
10702 63050
10703 62867
10704 63148
10705 63107
10706 62950
10707 62885
10708 62803
10709 62993
10710 63237
10711 63373
10712 63060
10713 62986
10714 63237
10715 62736
10716 63216
10717 63201
10718 62924
10719 63182
10720 62725
10721 62564
10722 62736
10723 62491
10724 63004
10725 62501
10726 63237
10727 63553
10728 63258
10729 62912
10730 63057
10731 62773
10732 63307
10733 62539
10734 63204
10735 62504
10736 62658
10737 62589
10738 62635
10739 62209
10740 62507
10741 62710
10742 62466
10743 62480
10744 62286
10745 62534
10746 62389
10747 62341
10748 62617
10749 62005
10750 62153
10751 62118
10752 62611
10753 62338
10754 62433
10755 62165
10756 62438
10757 62377
10758 61834
10759 62235
10760 62346
10761 61944
10762 62388
10763 62207
10764 62403
10765 62297
10766 62587
10767 62535
10768 62211
10769 63149
10770 62267
10771 62138
10772 62124
10773 62421
10774 62422
10775 62395
10776 62381
10777 62873
10778 62579
10779 62451
10780 63014
10781 62965
10782 62840
10783 62675
10784 62968
10785 63002
10786 62812
10787 62591
10788 62766
10789 62683
10790 62802
10791 62987
10792 62675
10793 63242
10794 62925
10795 62774
10796 62917
10797 63162
10798 62859
10799 63063
10800 63294
10801 62674
10802 63119
10803 63090
10804 63405
10805 62786
10806 62913
10807 62937
10808 62810
10809 63079
10810 62980
10811 62970
10812 62948
10813 62509
10814 62928
10815 62957
10816 62580
10817 62757
10818 62669
10819 62292
10820 62893
10821 62547
10822 62460
10823 62882
10824 62506
10825 62629
10826 62689
10827 62595
10828 62919
10829 62664
10830 62614
10831 62613
10832 62797
10833 62576
10834 62368
10835 62759
10836 62386
10837 62694
10838 62042
10839 61958
10840 62377
10841 61961
10842 61986
10843 62240
10844 62191
10845 62168
10846 61796
10847 61927
10848 61743
10849 62244
10850 61695
10851 61728
10852 61927
10853 62314
10854 61645
10855 61841
10856 62218
10857 61861
10858 62188
10859 61975
10860 62236
10861 61774
10862 61636
10863 62372
10864 61907
10865 62581
10866 61880
10867 62229
10868 61881
10869 61890
10870 61830
10871 62320
10872 62117
10873 62349
10874 62463
10875 62187
10876 62303
10877 62348
10878 62741
10879 62358
10880 62732
10881 62662
10882 62742
10883 63224
10884 62625
10885 62709
10886 63107
10887 62715
10888 62368
10889 62546
10890 63001
10891 62387
10892 62911
10893 62575
10894 62533
10895 62676
10896 63549
10897 62386
10898 63022
10899 62786
10900 62895
10901 62988
10902 63073
10903 62601
10904 62828
10905 62941
10906 62853
10907 63007
10908 62743
10909 63001
10910 62452
10911 62815
10912 62349
10913 62573
10914 62802
10915 62972
10916 62627
10917 62210
10918 63460
10919 62616
10920 62226
10921 62512
10922 62859
10923 62794
10924 62636
10925 62363
10926 62319
10927 62907
10928 63068
10929 62519
10930 62607
10931 62509
10932 62796
10933 62295
10934 62257
10935 61912
10936 62054
10937 62626
10938 61963
10939 62129
10940 62021
10941 62407
10942 61939
10943 62171
10944 62314
10945 62038
10946 61677
10947 61667
10948 61769
10949 61638
10950 61838
10951 61793
10952 61643
10953 61551
10954 61476
10955 61845
10956 61810
10957 61984
10958 62187
10959 61999
10960 62111
10961 62313
10962 62315
10963 61717
10964 62132
10965 61985
10966 61890
10967 62058
10968 62079
10969 61994
10970 62757
10971 62065
10972 62237
10973 62161
10974 62400
10975 62214
10976 62066
10977 62151
10978 62426
10979 62675
10980 63099
10981 62624
10982 62759
10983 62466
10984 62541
10985 62071
10986 62596
10987 62394
10988 62401
10989 62345
10990 62388
10991 62243
10992 62587
10993 62395
10994 62285
10995 62084
10996 62452
10997 62753
10998 62674
10999 62550
11000 62504
11001 62455
11002 62511
11003 62457
11004 62751
11005 62344
11006 62863
11007 63013
11008 62521
11009 62768
11010 62245
11011 62241
11012 62704
11013 62578
11014 62182
11015 62721
11016 62229
11017 62621
11018 62171
11019 62529
11020 62892
11021 62070
11022 62938
11023 62274
11024 62573
11025 62419
11026 62658
11027 62431
11028 62755
11029 62416
11030 62553
11031 62745
11032 62293
11033 62218
11034 62145
11035 62451
11036 62037
11037 61931
11038 62078
11039 62067
11040 62361
11041 62015
11042 61678
11043 62349
11044 61731
11045 61717
11046 62383
11047 61758
11048 61546
11049 62031
11050 61461
11051 62072
11052 61909
11053 62136
11054 61507
11055 61431
11056 61405
11057 61945
11058 61895
11059 61815
11060 61607
11061 61720
11062 61857
11063 62106
11064 61561
11065 61995
11066 61643
11067 62455
11068 61871
11069 62015
11070 61990
11071 62101
11072 62181
11073 61989
11074 62528
11075 62026
11076 62058
11077 62390
11078 62055
11079 62220
11080 62210
11081 62504
11082 62455
11083 62417
11084 62496
11085 62514
11086 62297
11087 62566
11088 62450
11089 62231
11090 62161
11091 62319
11092 62658
11093 62173
11094 62786
11095 62877
11096 62308
11097 62542
11098 62535
11099 62536
11100 62686
11101 62689
11102 62626
11103 62053
11104 62548
11105 62307
11106 62707
11107 62662
11108 62719
11109 62381
11110 62755
11111 62464
11112 62841
11113 62119
11114 62491
11115 62596
11116 62214
11117 62174
11118 61843
11119 62293
11120 61886
11121 62416
11122 62426
11123 62330
11124 62426
11125 62221
11126 62397
11127 62100
11128 62531
11129 62693
11130 62348
11131 62202
11132 62289
11133 62200
11134 61868
11135 62046
11136 62279
11137 61706
11138 61756
11139 61775
11140 61985
11141 61783
11142 61760
11143 61940
11144 61833
11145 61749
11146 61558
11147 61817
11148 62073
11149 61860
11150 61656
11151 61574
11152 61626
11153 61487
11154 61868
11155 62018
11156 61712
11157 62055
11158 61901
11159 61947
11160 61497
11161 61962
11162 62032
11163 61872
11164 61973
11165 61756
11166 61907
11167 62221
11168 61928
11169 61806
11170 61742
11171 62086
11172 61806
11173 62231
11174 62063
11175 62124
11176 62662
11177 62354
11178 62008
11179 62595
11180 62272
11181 62568
11182 62468
11183 62372
11184 62629
11185 62563
11186 62144
11187 61995
11188 61613
11189 62294
11190 62780
11191 62637
11192 61986
11193 62433
11194 62418
11195 62170
11196 62360
11197 62514
11198 62110
11199 62325
11200 62476
11201 62771
11202 62591
11203 62540
11204 62711
11205 62269
11206 62634
11207 62545
11208 62544
11209 62716
11210 62019
11211 62118
11212 62319
11213 62191
11214 62562
11215 62640
11216 62286
11217 62706
11218 62465
11219 62442
11220 61837
11221 61891
11222 62220
11223 62019
11224 62434
11225 62364
11226 62463
11227 62209
11228 62767
11229 62280
11230 62680
11231 62049
11232 62223
11233 62268
11234 62064
11235 62145
11236 61901
11237 61820
11238 61666
11239 62317
11240 62377
11241 61494
11242 62327
11243 61982
11244 61688
11245 61697
11246 62026
11247 61995
11248 61606
11249 61811
11250 61810
11251 61776
11252 61798
11253 61577
11254 61327
11255 61598
11256 61804
11257 61570
11258 61790
11259 61285
11260 61767
11261 61693
11262 61860
11263 61715
11264 61823
11265 61571
11266 61696
11267 62116
11268 61940
11269 62252
11270 62131
11271 62111
11272 61818
11273 61829
11274 61686
11275 61915
11276 62166
11277 62206
11278 61922
11279 62112
11280 62368
11281 62484
11282 62591
11283 62657
11284 62588
11285 62261
11286 62498
11287 62329
11288 62386
11289 62171
11290 62313
11291 61789
11292 62328
11293 62277
11294 62242
11295 62426
11296 62130
11297 62245
11298 62636
11299 62472
11300 62182
11301 62266
11302 62228
11303 62333
11304 62398
11305 62990
11306 62461
11307 62226
11308 62255
11309 62648
11310 62295
11311 62146
11312 62416
11313 62310
11314 62237
11315 62462
11316 62139
11317 61955
11318 62961
11319 62011
11320 62198
11321 62092
11322 62217
11323 62230
11324 62246
11325 62089
11326 62445
11327 62571
11328 62362
11329 62679
11330 62309
11331 62562
11332 62561
11333 61940
11334 62327
11335 62142
11336 62133
11337 61672
11338 61857
11339 61683
11340 61641
11341 62121
11342 62007
11343 61826
11344 62206
11345 61515
11346 61683
11347 61746
11348 61948
11349 62014
11350 61517
11351 61441
11352 61719
11353 61807
11354 61678
11355 61470
11356 61627
11357 61589
11358 61641
11359 61785
11360 61965
11361 62177
11362 61923
11363 61535
11364 61858
11365 61807
11366 61954
11367 61809
11368 61850
11369 62101
11370 61858
11371 61643
11372 62059
11373 61825
11374 62002
11375 62225
11376 62144
11377 62107
11378 61954
11379 62345
11380 62288
11381 62451
11382 62002
11383 62314
11384 62455
11385 62302
11386 62436
11387 62146
11388 62666
11389 62514
11390 62635
11391 62585
11392 62420
11393 62394
11394 62040
11395 62042
11396 62460
11397 62175
11398 62683
11399 62585
11400 62390
11401 62674
11402 62815
11403 62212
11404 62255
11405 62582
11406 62359
11407 62439
11408 62393
11409 62639
11410 62635
11411 62631
11412 62467
11413 62598
11414 61909
11415 62362
11416 62283
11417 62510
11418 62243
11419 62184
11420 62010
11421 62555
11422 62306
11423 62203
11424 62283
11425 62456
11426 62529
11427 62155
11428 62848
11429 62272
11430 62212
11431 62591
11432 62190
11433 62317
11434 62075
11435 61896
11436 62162
11437 62363
11438 62174
11439 61832
11440 61969
11441 62080
11442 61969
11443 61938
11444 61854
11445 61745
11446 62051
11447 61809
11448 61769
11449 61900
11450 61989
11451 62280
11452 62284
11453 61620
11454 61701
11455 61931
11456 61593
11457 62240
11458 61755
11459 61758
11460 62037
11461 61757
11462 61716
11463 61604
11464 61770
11465 62077
11466 61908
11467 61739
11468 62263
11469 62124
11470 62142
11471 62736
11472 62255
11473 62229
11474 61934
11475 62165
11476 62446
11477 62160
11478 62544
11479 62790
11480 62624
11481 62853
11482 62304
11483 62669
11484 62308
11485 62348
11486 62559
11487 62063
11488 62363
11489 62321
11490 62487
11491 62658
11492 62606
11493 62465
11494 62411
11495 62570
11496 62509
11497 62749
11498 62606
11499 62278
11500 62900
11501 62342
11502 62959
11503 62515
11504 62816
11505 62560
11506 62422
11507 62326
11508 62453
11509 62687
11510 63170
11511 62800
11512 62534
11513 62206
11514 62412
11515 62418
11516 62453
11517 62583
11518 62233
11519 62818
11520 62403
11521 62535
11522 62428
11523 62406
11524 62573
11525 62370
11526 62927
11527 62563
11528 62799
11529 62264
11530 62761
11531 62834
11532 62360
11533 62301
11534 62294
11535 61793
11536 62037
11537 62429
11538 62061
11539 62404
11540 61907
11541 62017
11542 62002
11543 62168
11544 62265
11545 61886
11546 62049
11547 62047
11548 62186
11549 62072
11550 61774
11551 61827
11552 62063
11553 61969
11554 61711
11555 62007
11556 62263
11557 62076
11558 61680
11559 62002
11560 62061
11561 62204
11562 62118
11563 61984
11564 61998
11565 62294
11566 62042
11567 62301
11568 61928
11569 61976
11570 62472
11571 62113
11572 62198
11573 62250
11574 62084
11575 62151
11576 62229
11577 62470
11578 62119
11579 62718
11580 62682
11581 62709
11582 62811
11583 62822
11584 62963
11585 62509
11586 62384
11587 63311
11588 62327
11589 62718
11590 62348
11591 62423
11592 62407
11593 62759
11594 62472
11595 62502
11596 62768
11597 62798
11598 62618
11599 62588
11600 62310
11601 62771
11602 62743
11603 62645
11604 62850
11605 62982
11606 62548
11607 62856
11608 62355
11609 62547
11610 62442
11611 62318
11612 62866
11613 62337
11614 62795
11615 62703
11616 62644
11617 62330
11618 62514
11619 62523
11620 62839
11621 62543
11622 62845
11623 62492
11624 62497
11625 62631
11626 62611
11627 62540
11628 63067
11629 62491
11630 62534
11631 63081
11632 62158
11633 62347
11634 62352
11635 61851
11636 62638
11637 62278
11638 62273
11639 62256
11640 62528
11641 62145
11642 62036
11643 61984
11644 61811
11645 62088
11646 62208
11647 62139
11648 61838
11649 62217
11650 62194
11651 62204
11652 61884
11653 62406
11654 62049
11655 61875
11656 61924
11657 61824
11658 62333
11659 61797
11660 62129
11661 62065
11662 62489
11663 62300
11664 61603
11665 62361
11666 62164
11667 62081
11668 62320
11669 62142
11670 62595
11671 62382
11672 61766
11673 62490
11674 62303
11675 62657
11676 62280
11677 62438
11678 62607
11679 62323
11680 62737
11681 62757
11682 62989
11683 62397
11684 62521
11685 62663
11686 62426
11687 62829
11688 62438
11689 62598
11690 62641
11691 62740
11692 62366
11693 62173
11694 62446
11695 62775
11696 63221
11697 62516
11698 62992
11699 62991
11700 63032
11701 63025
11702 63068
11703 62836
11704 63163
11705 62883
11706 63091
11707 63129
11708 62704
11709 62789
11710 63249
11711 62694
11712 62704
11713 62742
11714 62577
11715 62584
11716 62664
11717 62562
11718 62691
11719 62713
11720 62767
11721 62473
11722 62684
11723 62738
11724 62967
11725 62777
11726 62802
11727 62200
11728 62595
11729 62693
11730 62824
11731 62717
11732 62572
11733 62414
11734 62744
11735 62567
11736 62198
11737 62445
11738 62460
11739 62495
11740 62163
11741 62089
11742 62229
11743 62611
11744 62160
11745 62165
11746 62320
11747 62068
11748 61911
11749 62057
11750 62077
11751 62032
11752 62243
11753 62001
11754 62032
11755 62366
11756 62262
11757 62139
11758 62374
11759 61937
11760 62396
11761 62300
11762 62357
11763 62480
11764 62225
11765 62657
11766 62804
11767 62768
11768 62023
11769 62246
11770 62457
11771 62415
11772 62651
11773 62479
11774 63117
11775 62745
11776 63143
11777 62874
11778 62526
11779 62878
11780 63273
11781 62524
11782 62974
11783 63220
11784 63237
11785 63072
11786 62982
11787 62752
11788 63157
11789 63085
11790 62872
11791 63140
11792 63217
11793 62800
11794 63319
11795 63241
11796 63132
11797 63031
11798 63191
11799 62763
11800 63040
11801 62684
11802 63234
11803 63148
11804 63370
11805 63012
11806 63075
11807 63059
11808 63282
11809 62913
11810 62828
11811 63264
11812 63462
11813 62845
11814 62493
11815 63065
11816 63161
11817 63102
11818 62866
11819 63169
11820 62983
11821 63104
11822 62808
11823 63172
11824 63409
11825 63346
11826 62765
11827 63055
11828 63328
11829 62801
11830 62945
11831 62890
11832 62663
11833 62928
11834 62630
11835 62257
11836 62423
11837 62911
11838 62616
11839 62666
11840 63014
11841 62793
11842 62757
11843 62549
11844 62345
11845 62516
11846 62495
11847 62656
11848 62391
11849 62268
11850 62367
11851 62325
11852 62354
11853 62267
11854 62083
11855 62560
11856 62146
11857 62364
11858 62064
11859 62728
11860 62516
11861 62194
11862 62679
11863 62635
11864 62539
11865 63101
11866 62770
11867 62828
11868 62448
11869 62677
11870 62359
11871 62423
11872 62866
11873 62815
11874 62476
11875 62784
11876 62885
11877 62721
11878 62637
11879 62853
11880 63209
11881 63175
11882 63253
11883 63064
11884 63136
11885 63194
11886 62476
11887 62990
11888 62966
11889 62680
11890 63071
11891 63076
11892 62601
11893 62815
11894 62980
11895 63085
11896 62821
11897 62877
11898 62928
11899 62990
11900 62731
11901 63159
11902 62778
11903 62729
11904 63434
11905 63069
11906 63206
11907 63145
11908 63030
11909 62727
11910 62910
11911 62723
11912 63168
11913 62778
11914 62752
11915 62952
11916 62878
11917 62745
11918 62551
11919 62385
11920 62639
11921 63248
11922 63007
11923 62679
11924 63064
11925 62274
11926 62558
11927 62501
11928 62995
11929 62981
11930 62970
11931 62563
11932 62714
11933 62241
11934 61925
11935 61839
11936 62373
11937 61912
11938 62268
11939 62195
11940 61831
11941 61878
11942 61728
11943 62342
11944 61864
11945 61580
11946 61778
11947 62029
11948 61910
11949 61699
11950 61958
11951 61746
11952 61504
11953 61714
11954 61887
11955 61773
11956 62145
11957 61974
11958 61893
11959 62011
11960 61835
11961 61535
11962 61944
11963 62172
11964 61757
11965 61609
11966 62015
11967 61591
11968 61887
11969 62006
11970 62279
11971 61750
11972 62220
11973 62239
11974 62318
11975 62313
11976 62163
11977 62387
11978 62302
11979 62544
11980 62519
11981 62460
11982 62466
11983 62298
11984 62303
11985 62400
11986 62248
11987 62589
11988 62543
11989 62409
11990 62810
11991 62106
11992 62413
11993 62234
11994 62711
11995 62260
11996 62393
11997 62974
11998 62819
11999 62795
12000 62926
12001 62924
12002 63297
12003 62987
12004 62786
12005 62701
12006 62901
12007 63085
12008 62882
12009 62970
12010 63218
12011 62749
12012 62676
12013 62604
12014 63035
12015 62612
12016 62882
12017 62762
12018 62738
12019 62600
12020 62763
12021 62912
12022 62415
12023 62874
12024 62993
12025 63038
12026 62816
12027 63120
12028 62761
12029 63053
12030 62790
12031 62989
12032 62828
12033 62820
12034 62830
12035 62749
12036 62369
12037 62433
12038 62392
12039 62738
12040 62294
12041 62932
12042 62831
12043 62219
12044 62732
12045 62639
12046 62898
12047 62488
12048 62123
12049 62457
12050 62368
12051 62414
12052 62551
12053 62593
12054 62304
12055 61977
12056 62467
12057 62336
12058 62562
12059 62370
12060 62219
12061 62494
12062 62743
12063 62417
12064 62511
12065 62825
12066 62787
12067 62797
12068 63247
12069 63059
12070 62451
12071 62973
12072 62364
12073 62937
12074 62692
12075 62641
12076 63211
12077 62753
12078 63266
12079 63015
12080 63096
12081 63264
12082 63163
12083 63157
12084 63229
12085 62913
12086 63102
12087 63398
12088 63186
12089 63067
12090 63142
12091 63374
12092 63452
12093 63103
12094 63136
12095 63145
12096 63510
12097 63451
12098 63255
12099 63492
12100 63995
12101 63549
12102 63616
12103 63894
12104 63796
12105 64360
12106 63618
12107 63366
12108 64283
12109 63573
12110 63740
12111 63802
12112 63654
12113 63367
12114 63897
12115 63247
12116 63617
12117 63597
12118 63738
12119 63577
12120 63469
12121 63455
12122 63575
12123 63716
12124 63610
12125 64082
12126 64048
12127 63303
12128 63996
12129 63658
12130 63846
12131 63844
12132 63466
12133 63503
12134 63701
12135 63587
12136 63211
12137 63158
12138 63391
12139 63198
12140 63255
12141 63155
12142 63339
12143 63458
12144 62921
12145 62994
12146 63722
12147 63033
12148 63073
12149 63625
12150 63182
12151 63193
12152 62735
12153 63359
12154 63103
12155 62916
12156 62980
12157 63172
12158 63337
12159 62919
12160 63026
12161 63377
12162 63137
12163 63111
12164 63271
12165 63021
12166 63545
12167 63265
12168 62726
12169 63003
12170 63442
12171 63386
12172 63991
12173 63328
12174 63347
12175 63387
12176 63683
12177 63398
12178 64038
12179 64194
12180 63627
12181 64236
12182 63808
12183 63931
12184 63811
12185 63742
12186 63587
12187 63745
12188 63776
12189 63605
12190 63898
12191 63561
12192 63875
12193 63759
12194 63707
12195 63739
12196 63743
12197 63935
12198 64314
12199 64354
12200 63518
12201 64028
12202 63336
12203 63938
12204 64032
12205 64315
12206 64168
12207 63540
12208 63821
12209 64082
