H11890
GateTime 10
GateNumber 0
SN 30430302
0 64384
1 64727
2 65005
3 64562
4 64980
5 64453
6 64623
7 64300
8 64719
9 64630
10 64431
11 64564
12 64206
13 64379
14 64359
15 64625
16 64087
17 64164
18 64254
19 64051
20 64254
21 63846
22 63988
23 63995
24 63874
25 63996
26 63610
27 63706
28 63884
29 63955
30 63772
31 63661
32 63556
33 63330
34 63468
35 63803
36 63187
37 63501
38 63357
39 63559
40 63767
41 63646
42 64152
43 63365
44 63992
45 63951
46 63763
47 63759
48 63928
49 64047
50 63989
51 63640
52 64073
53 63794
54 64463
55 64215
56 64604
57 64118
58 63944
59 64174
60 64239
61 64359
62 64242
63 64181
64 64159
65 64687
66 64343
67 64751
68 64847
69 64330
70 64411
71 64433
72 64795
73 64796
74 64986
75 64702
76 64881
77 64827
78 64993
79 65119
80 65208
81 64705
82 65123
83 64892
84 64970
85 64779
86 65262
87 65129
88 65612
89 65077
90 65014
91 65242
92 65207
93 65018
94 64805
95 65146
96 64703
97 64644
98 64693
99 64832
100 64723
101 64621
102 64492
103 64032
104 64629
105 64333
106 64365
107 64418
108 64557
109 64556
110 63872
111 64019
112 64224
113 64143
114 64433
115 64072
116 63735
117 63391
118 63562
119 63724
120 63591
121 63717
122 63932
123 63481
124 63610
125 63201
126 63184
127 63159
128 63151
129 63430
130 63346
131 63195
132 63302
133 63238
134 63355
135 63283
136 63070
137 62977
138 63644
139 63197
140 63324
141 63576
142 63015
143 63419
144 63017
145 63354
146 63287
147 62871
148 63456
149 63673
150 63586
151 63445
152 63240
153 63941
154 63455
155 63782
156 63387
157 63590
158 63556
159 63279
160 63890
161 63638
162 63827
163 63440
164 63463
165 63757
166 63753
167 63588
168 64019
169 64113
170 64143
171 63948
172 63946
173 63714
174 63905
175 64053
176 64030
177 64472
178 64194
179 64339
180 63853
181 64467
182 64283
183 64340
184 64238
185 64258
186 64274
187 63607
188 64167
189 64067
190 64338
191 64058
192 63935
193 63285
194 63627
195 63896
196 63640
197 64293
198 63578
199 63465
200 63971
201 63848
202 63574
203 63554
204 63597
205 63295
206 63478
207 63390
208 63382
209 63449
210 63305
211 62826
212 63221
213 63038
214 62960
215 63292
216 62849
217 62730
218 62936
219 62507
220 62407
221 62391
222 62688
223 62207
224 62643
225 62823
226 62357
227 62920
228 62449
229 62693
230 62133
231 62224
232 62465
233 62483
234 61828
235 62300
236 62172
237 62493
238 62203
239 61875
240 62686
241 62688
242 62329
243 62634
244 62190
245 61937
246 62204
247 62197
248 62808
249 62457
250 62403
251 62489
252 62657
253 62786
254 62928
255 62507
256 62751
257 62545
258 62799
259 62519
260 62852
261 63165
262 62884
263 63159
264 63135
265 63062
266 63327
267 63396
268 62947
269 63042
270 62931
271 63048
272 63537
273 63134
274 63062
275 63322
276 63336
277 63203
278 63251
279 63297
280 63457
281 63481
282 63590
283 63257
284 62941
285 62868
286 63048
287 63382
288 63124
289 63153
290 62874
291 62750
292 63545
293 63303
294 62516
295 62924
296 63086
297 62828
298 62735
299 62611
300 63266
301 62925
302 63040
303 62383
304 62833
305 62533
306 62722
307 62538
308 62563
309 62349
310 62268
311 62700
312 62838
313 62589
314 62623
315 62295
316 61904
317 62167
318 62677
319 62093
320 61956
321 61984
322 62344
323 61738
324 61833
325 61793
326 61749
327 62271
328 61610
329 62234
330 62390
331 62006
332 61654
333 61576
334 61730
335 61419
336 62226
337 61954
338 61577
339 61364
340 62307
341 61907
342 61773
343 61743
344 62228
345 62392
346 62334
347 62327
348 62096
349 62463
350 62904
351 62181
352 62160
353 62264
354 61864
355 62120
356 62423
357 62505
358 62296
359 62673
360 62398
361 62586
362 62724
363 62764
364 62732
365 62716
366 62958
367 62483
368 62885
369 62543
370 62733
371 63005
372 62832
373 62899
374 62854
375 62757
376 62812
377 63108
378 63196
379 63198
380 63407
381 63203
382 62786
383 63039
384 63080
385 62839
386 62781
387 63227
388 62842
389 62943
390 62788
391 63429
392 62685
393 63110
394 62708
395 62653
396 62308
397 62921
398 62812
399 62478
400 62479
401 62260
402 62908
403 62766
404 62651
405 62355
406 62497
407 62122
408 62633
409 62357
410 62300
411 62329
412 62121
413 62213
414 61979
415 62106
416 62366
417 62185
418 62373
419 61906
420 62183
421 61824
422 62497
423 62135
424 62275
425 62124
426 62117
427 61828
428 61419
429 61902
430 61728
431 61674
432 61569
433 61790
434 61625
435 61359
436 61896
437 61638
438 61658
439 62110
440 62019
441 62352
442 61979
443 61891
444 62290
445 61991
446 62091
447 61986
448 61867
449 62183
450 62445
451 62449
452 62380
453 62584
454 62384
455 62348
456 62548
457 62653
458 62151
459 62429
460 62427
461 62761
462 62463
463 62453
464 62242
465 62662
466 62463
467 62846
468 62832
469 62717
470 62740
471 63013
472 63020
473 63156
474 62866
475 62270
476 62458
477 62926
478 63294
479 63113
480 62767
481 62906
482 63248
483 62958
484 63095
485 63233
486 62927
487 62664
488 62763
489 63056
490 62721
491 62917
492 63103
493 62825
494 62760
495 62359
496 62647
497 62670
498 63202
499 62590
500 62575
501 62880
502 62248
503 62265
504 62228
505 62326
506 62673
507 62573
508 62611
509 62270
510 62355
511 62087
512 61856
513 62398
514 62220
515 62359
516 62484
517 62472
518 62210
519 62280
520 62088
521 61877
522 62252
523 61752
524 62031
525 61860
526 61699
527 61941
528 61936
529 62274
530 61660
531 61805
532 62232
533 61664
534 61763
535 61800
536 61665
537 61613
538 61788
539 61683
540 61728
541 61897
542 62012
543 61688
544 62341
545 62173
546 62123
547 61580
548 62092
549 61672
550 62068
551 61818
552 62368
553 62264
554 62214
555 62405
556 61628
557 62427
558 62075
559 62429
560 62254
561 62329
562 61884
563 62288
564 62037
565 62827
566 62437
567 62617
568 62620
569 62519
570 62923
571 62422
572 62516
573 62700
574 62329
575 62595
576 62953
577 62511
578 63115
579 62583
580 62872
581 62887
582 62470
583 63078
584 62429
585 62590
586 62797
587 62502
588 62584
589 62726
590 62656
591 62667
592 62480
593 62962
594 62960
595 63082
596 62676
597 62696
598 62304
599 62460
600 62212
601 62362
602 62375
603 62417
604 62407
605 62445
606 63003
607 62214
608 62406
609 62240
610 62514
611 62535
612 62331
613 62540
614 62015
615 61925
616 61904
617 62648
618 62164
619 61865
620 62567
621 62014
622 62181
623 61649
624 62165
625 61535
626 61636
627 62037
628 61943
629 62033
630 61745
631 61787
632 61801
633 61515
634 62035
635 62316
636 61894
637 61919
638 62086
639 62638
640 62223
641 62313
642 61985
643 61853
644 61963
645 61901
646 61917
647 61643
648 62155
649 62075
650 62007
651 62163
652 61994
653 61610
654 62322
655 61854
656 62604
657 62122
658 62273
659 62451
660 62525
661 62463
662 62807
663 62348
664 62339
665 62613
666 62925
667 62663
668 62396
669 62725
670 62524
671 62468
672 62653
673 62592
674 62764
675 62739
676 62769
677 62840
678 62670
679 62873
680 62887
681 63013
682 62347
683 63120
684 62736
685 62889
686 63001
687 62635
688 62539
689 62478
690 62540
691 62695
692 62245
693 63116
694 62129
695 62542
696 62376
697 62130
698 62699
699 62239
700 62598
701 62334
702 62456
703 62856
704 62730
705 62852
706 62372
707 62495
708 62603
709 62221
710 62215
711 62173
712 62209
713 62398
714 62564
715 62250
716 62378
717 62046
718 62027
719 62015
720 62092
721 61602
722 62206
723 61966
724 62172
725 61820
726 61748
727 61603
728 61658
729 62057
730 61812
731 61825
732 61764
733 61526
734 61588
735 61964
736 61567
737 61844
738 61735
739 61810
740 61951
741 62138
742 61618
743 62127
744 61843
745 61811
746 62022
747 62146
748 62068
749 62173
750 62232
751 62576
752 61754
753 61860
754 61988
755 62169
756 62383
757 62066
758 62495
759 62357
760 62202
761 62757
762 62448
763 62482
764 62850
765 62019
766 62836
767 62875
768 62958
769 62141
770 62554
771 62327
772 62403
773 62725
774 62207
775 63070
776 62865
777 62574
778 63188
779 63035
780 62989
781 63276
782 62894
783 62826
784 63189
785 62867
786 63089
787 63484
788 62810
789 62567
790 63040
791 62749
792 62703
793 62730
794 62714
795 63078
796 62735
797 62624
798 62796
799 62532
800 62293
801 62405
802 62510
803 62712
804 62740
805 62724
806 62427
807 62478
808 62080
809 62296
810 62763
811 62126
812 62676
813 62130
814 61903
815 62207
816 62057
817 62436
818 61859
819 61898
820 62131
821 62195
822 61431
823 61830
824 61894
825 61887
826 61902
827 62200
828 61968
829 61936
830 61986
831 62133
832 61947
833 61519
834 62035
835 61957
836 62317
837 61340
838 61791
839 61848
840 61718
841 62098
842 62105
843 61939
844 61945
845 61930
846 62238
847 61789
848 61890
849 62148
850 62099
851 61776
852 62375
853 62001
854 62133
855 62049
856 62149
857 62407
858 62369
859 62393
860 62546
861 62499
862 62373
863 62295
864 62515
865 62352
866 63290
867 62495
868 62779
869 62308
870 62569
871 63068
872 62275
873 62669
874 62997
875 62632
876 62586
877 62751
878 62964
879 62848
880 62876
881 62992
882 62743
883 62692
884 63336
885 62839
886 62628
887 62836
888 63050
889 62690
890 62772
891 62671
892 62462
893 62651
894 62497
895 62740
896 62382
897 62893
898 62327
899 62229
900 62681
901 62413
902 62261
903 62397
904 62215
905 62157
906 62474
907 62165
908 62474
909 62230
910 62102
911 62110
912 62018
913 62297
914 62219
915 62220
916 62100
917 62333
918 61756
919 62059
920 62164
921 61838
922 61989
923 62025
924 62184
925 62032
926 62393
927 62102
928 61694
929 61838
930 62215
931 61740
932 61368
933 61480
934 62109
935 61769
936 61607
937 61545
938 61937
939 61884
940 62097
941 62144
942 62060
943 62022
944 62123
945 62074
946 62599
947 62448
948 62026
949 62255
950 62272
951 61906
952 62181
953 62117
954 62258
955 62133
956 61955
957 62073
958 62743
959 61960
960 62596
961 62113
962 62444
963 62420
964 62122
965 62454
966 62551
967 62893
968 62538
969 62225
970 62885
971 62601
972 62418
973 62970
974 62157
975 62452
976 62548
977 62879
978 62687
979 62955
980 62794
981 62862
982 62959
983 62908
984 63100
985 62917
986 62742
987 62497
988 62585
989 62776
990 62858
991 62680
992 62365
993 62906
994 62896
995 62776
996 62803
997 62511
998 62247
999 62445
1000 62494
1001 62657
1002 62760
1003 62172
1004 62826
1005 62611
1006 62412
1007 62316
1008 62352
1009 62382
1010 62397
1011 62096
1012 62204
1013 62333
1014 62021
1015 62200
1016 62018
1017 61915
1018 62472
1019 62414
1020 61552
1021 62046
1022 62300
1023 62203
1024 61962
1025 62404
1026 61951
1027 62249
1028 62285
1029 61868
1030 61955
1031 62042
1032 61728
1033 61922
1034 61862
1035 62158
1036 61741
1037 61954
1038 61926
1039 61728
1040 61962
1041 62383
1042 62231
1043 62320
1044 62091
1045 62483
1046 62121
1047 62355
1048 62286
1049 62349
1050 62186
1051 62158
1052 62137
1053 62046
1054 62353
1055 62104
1056 62167
1057 62770
1058 62497
1059 62255
1060 62955
1061 62321
1062 62075
1063 62626
1064 62381
1065 62706
1066 62425
1067 62475
1068 62495
1069 62501
1070 62788
1071 62551
1072 63070
1073 62861
1074 62804
1075 62739
1076 62954
1077 62582
1078 62910
1079 62336
1080 62846
1081 62535
1082 62586
1083 62778
1084 62773
1085 62711
1086 62607
1087 62665
1088 62446
1089 62724
1090 63362
1091 62728
1092 62766
1093 62863
1094 62838
1095 62336
1096 62822
1097 62494
1098 62446
1099 62148
1100 62575
1101 62481
1102 62577
1103 62467
1104 62479
1105 62431
1106 62161
1107 62200
1108 62314
1109 62350
1110 62685
1111 62596
1112 62240
1113 62155
1114 62132
1115 62084
1116 62537
1117 62232
1118 62154
1119 61843
1120 61849
1121 61852
1122 61903
1123 62167
1124 62287
1125 62375
1126 61644
1127 61640
1128 61548
1129 61507
1130 61699
1131 61676
1132 61655
1133 61778
1134 61642
1135 61900
1136 61822
1137 61952
1138 61160
1139 61850
1140 61990
1141 62273
1142 62073
1143 61719
1144 61754
1145 61951
1146 61664
1147 61984
1148 62024
1149 61721
1150 62218
1151 62232
1152 62126
1153 61965
1154 62181
1155 61956
1156 62249
1157 62363
1158 62270
1159 62299
1160 62314
1161 62207
1162 62416
1163 62262
1164 62390
1165 62359
1166 62570
1167 62279
1168 62557
1169 62057
1170 62356
1171 61826
1172 62600
1173 62433
1174 62467
1175 62795
1176 62331
1177 62302
1178 62457
1179 62524
1180 62659
1181 62630
1182 62599
1183 62332
1184 62197
1185 62599
1186 62449
1187 62420
1188 62293
1189 62568
1190 62288
1191 62965
1192 62458
1193 62521
1194 62205
1195 62713
1196 62217
1197 62698
1198 62645
1199 62411
1200 61985
1201 62274
1202 62422
1203 62083
1204 62352
1205 61906
1206 61978
1207 62028
1208 62227
1209 62454
1210 62259
1211 62436
1212 62270
1213 62144
1214 61650
1215 62301
1216 62107
1217 62130
1218 61887
1219 61747
1220 61853
1221 61897
1222 61905
1223 61999
1224 61873
1225 61719
1226 61538
1227 61773
1228 61750
1229 61892
1230 62086
1231 61786
1232 61833
1233 61698
1234 61812
1235 61642
1236 61958
1237 61594
1238 61614
1239 61966
1240 61952
1241 62278
1242 61900
1243 61918
1244 62551
1245 62722
1246 62532
1247 62116
1248 62057
1249 62538
1250 62272
1251 62340
1252 62015
1253 62395
1254 62263
1255 62148
1256 62643
1257 62496
1258 62395
1259 62488
1260 62628
1261 62675
1262 62284
1263 62384
1264 62785
1265 63155
1266 62817
1267 62713
1268 63198
1269 62941
1270 63066
1271 62565
1272 62887
1273 62802
1274 63241
1275 62882
1276 63471
1277 63261
1278 63073
1279 62951
1280 63399
1281 63337
1282 63371
1283 62978
1284 63304
1285 63089
1286 63176
1287 63288
1288 63141
1289 62936
1290 62632
1291 63203
1292 63366
1293 63112
1294 63035
1295 63030
1296 62767
1297 62775
1298 62902
1299 62660
1300 62705
1301 63037
1302 62819
1303 62970
1304 62859
1305 62823
1306 62813
1307 62877
1308 62550
1309 62569
1310 62465
1311 62575
1312 62536
1313 62045
1314 62723
1315 63220
1316 62736
1317 62539
1318 62108
1319 62419
1320 62132
1321 62530
1322 62335
1323 62318
1324 62301
1325 62270
1326 62254
1327 62706
1328 62335
1329 62449
1330 61795
1331 62109
1332 62011
1333 61996
1334 61728
1335 62100
1336 62539
1337 61924
1338 61751
1339 61765
1340 62070
1341 62521
1342 62348
1343 62320
1344 62057
1345 62246
1346 62309
1347 62386
1348 62014
1349 62662
1350 61936
1351 62145
1352 62588
1353 62735
1354 62144
1355 62876
1356 62361
1357 62482
1358 62772
1359 62790
1360 62790
1361 62692
1362 62429
1363 62853
1364 62643
1365 62809
1366 62994
1367 62890
1368 62434
1369 62814
1370 62523
1371 62668
1372 62842
1373 62800
1374 62522
1375 62635
1376 63147
1377 62971
1378 63028
1379 63234
1380 62958
1381 63189
1382 62761
1383 62843
1384 62927
1385 63112
1386 63207
1387 62911
1388 62499
1389 63111
1390 62893
1391 63095
1392 62921
1393 63172
1394 62498
1395 62581
1396 62832
1397 62535
1398 62735
1399 62313
1400 62614
1401 62578
1402 62798
1403 62812
1404 62689
1405 62251
1406 62356
1407 62282
1408 62574
1409 62516
1410 62180
1411 62245
1412 62583
1413 62179
1414 62742
1415 62079
1416 62323
1417 62374
1418 62826
1419 62857
1420 62313
1421 62382
1422 62289
1423 62097
1424 62428
1425 61944
1426 62178
1427 62002
1428 62139
1429 62135
1430 61890
1431 62104
1432 62101
1433 61932
1434 61637
1435 61772
1436 61908
1437 61632
1438 61859
1439 61850
1440 62369
1441 62096
1442 62131
1443 62318
1444 61910
1445 62308
1446 62010
1447 62248
1448 62647
1449 62198
1450 62766
1451 62467
1452 62193
1453 62315
1454 62140
1455 62458
1456 62570
1457 62354
1458 62828
1459 62168
1460 62751
1461 62902
1462 62949
1463 63010
1464 62551
1465 62500
1466 62500
1467 62646
1468 62554
1469 63049
1470 62551
1471 62602
1472 62599
1473 62872
1474 62463
1475 62559
1476 62748
1477 62414
1478 62684
1479 62545
1480 62715
1481 62670
1482 62796
1483 62826
1484 62822
1485 63211
1486 62784
1487 63056
1488 62777
1489 63120
1490 62811
1491 62939
1492 62724
1493 62696
1494 62776
1495 62831
1496 62367
1497 62712
1498 62775
1499 62624
1500 62515
1501 62603
1502 62245
1503 62841
1504 62253
1505 62393
1506 62532
1507 62573
1508 62364
1509 62084
1510 62366
1511 62145
1512 62573
1513 61876
1514 62110
1515 61809
1516 62301
1517 62100
1518 61693
1519 62233
1520 62459
1521 61951
1522 62243
1523 62339
1524 62404
1525 61737
1526 62095
1527 62128
1528 61956
1529 61834
1530 61709
1531 61997
1532 61860
1533 61640
1534 62130
1535 61728
1536 62257
1537 62129
1538 61845
1539 61941
1540 61847
1541 62371
1542 62102
1543 61786
1544 62082
1545 61726
1546 61978
1547 61620
1548 62209
1549 62255
1550 62032
1551 62247
1552 62100
1553 61807
1554 62228
1555 62306
1556 62374
1557 62469
1558 62071
1559 62294
1560 62224
1561 62683
1562 62663
1563 62791
1564 62160
1565 62739
1566 62337
1567 62595
1568 62640
1569 62555
1570 62179
1571 62706
1572 62707
1573 62802
1574 62825
1575 62466
1576 62416
1577 62657
1578 62596
1579 62679
1580 62869
1581 62511
1582 62855
1583 62442
1584 63190
1585 62917
1586 62842
1587 63003
1588 62670
1589 62526
1590 62825
1591 62967
1592 62734
1593 62473
1594 62607
1595 62358
1596 62685
1597 62608
1598 62855
1599 62529
1600 62594
1601 62631
1602 62389
1603 62626
1604 62218
1605 62263
1606 62472
1607 62193
1608 62484
1609 62287
1610 62310
1611 62504
1612 62035
1613 62397
1614 63124
1615 62344
1616 62328
1617 61887
1618 61818
1619 62224
1620 62165
1621 62200
1622 61951
1623 62118
1624 62169
1625 61877
1626 62006
1627 61617
1628 61906
1629 61747
1630 61925
1631 61978
1632 61996
1633 62003
1634 61726
1635 62000
1636 61995
1637 62086
1638 61814
1639 61817
1640 62087
1641 61823
1642 62152
1643 61939
1644 62444
1645 62190
1646 62171
1647 62355
1648 61976
1649 62103
1650 62059
1651 62175
1652 62074
1653 61965
1654 62148
1655 62317
1656 62017
1657 62198
1658 62670
1659 62384
1660 62639
1661 62123
1662 62045
1663 62586
1664 62464
1665 62278
1666 62247
1667 62697
1668 62825
1669 62483
1670 62564
1671 62859
1672 62957
1673 62818
1674 62533
1675 63116
1676 63432
1677 62803
1678 62824
1679 62975
1680 62718
1681 62845
1682 62648
1683 62958
1684 62585
1685 62920
1686 62762
1687 63180
1688 62755
1689 62780
1690 62575
1691 62594
1692 62639
1693 62732
1694 62615
1695 63073
1696 62763
1697 62615
1698 62661
1699 62471
1700 62486
1701 62543
1702 62896
1703 62707
1704 62250
1705 62718
1706 62664
1707 62469
1708 62445
1709 62469
1710 62451
1711 62104
1712 61955
1713 62141
1714 62115
1715 62517
1716 62170
1717 61633
1718 61878
1719 62561
1720 61930
1721 62331
1722 62186
1723 62285
1724 61836
1725 62007
1726 61888
1727 62079
1728 62052
1729 61887
1730 61756
1731 62155
1732 61660
1733 61968
1734 61651
1735 62224
1736 61920
1737 61914
1738 61814
1739 61959
1740 62193
1741 62598
1742 62181
1743 61947
1744 62182
1745 62149
1746 62714
1747 62321
1748 62429
1749 62133
1750 62835
1751 62256
1752 62035
1753 62222
1754 61836
1755 62177
1756 62952
1757 62008
1758 62691
1759 62060
1760 62465
1761 62235
1762 62399
1763 62662
1764 62590
1765 62328
1766 62802
1767 62774
1768 62593
1769 63194
1770 62696
1771 62538
1772 62440
1773 62597
1774 62696
1775 62282
1776 62733
1777 62476
1778 63013
1779 62768
1780 62682
1781 62705
1782 62438
1783 62771
1784 62453
1785 62784
1786 62790
1787 62722
1788 62769
1789 62609
1790 63076
1791 62489
1792 62666
1793 62455
1794 62698
1795 62957
1796 62730
1797 62113
1798 63031
1799 61916
1800 62479
1801 62312
1802 62722
1803 62343
1804 62309
1805 61952
1806 62195
1807 62496
1808 62530
1809 62571
1810 62052
1811 62118
1812 62215
1813 62108
1814 62216
1815 62163
1816 62103
1817 62090
1818 62063
1819 62371
1820 62299
1821 62268
1822 62121
1823 62109
1824 61968
1825 61976
1826 61931
1827 61666
1828 62000
1829 61852
1830 61871
1831 62130
1832 61742
1833 61631
1834 61212
1835 61581
1836 61903
1837 62037
1838 61684
1839 62094
1840 61725
1841 61821
1842 61597
1843 61601
1844 61916
1845 61376
1846 61750
1847 62046
1848 61916
1849 61888
1850 61635
1851 61974
1852 61854
1853 62047
1854 62497
1855 61801
1856 61939
1857 62159
1858 62366
1859 62139
1860 62268
1861 62276
1862 62487
1863 62312
1864 62599
1865 62214
1866 62710
1867 62426
1868 62467
1869 62195
1870 62409
1871 62455
1872 62680
1873 62526
1874 63265
1875 62540
1876 62421
1877 62529
1878 62791
1879 62653
1880 62594
1881 62647
1882 62744
1883 62661
1884 62637
1885 62746
1886 62944
1887 62183
1888 63033
1889 62950
1890 62723
1891 62795
1892 62836
1893 62579
1894 62805
1895 62457
1896 62446
1897 62738
1898 62753
1899 62921
1900 62337
1901 62300
1902 62499
1903 62818
1904 62627
1905 61972
1906 62161
1907 62155
1908 62417
1909 62198
1910 62252
1911 62598
1912 62121
1913 62291
1914 61999
1915 62129
1916 62504
1917 61821
1918 61891
1919 61647
1920 61959
1921 61698
1922 61914
1923 61920
1924 62086
1925 62048
1926 61733
1927 62021
1928 61365
1929 61824
1930 61646
1931 61965
1932 61690
1933 61914
1934 61550
1935 62045
1936 61429
1937 61629
1938 61510
1939 61961
1940 61760
1941 61798
1942 61774
1943 61948
1944 62212
1945 62167
1946 62236
1947 62081
1948 62617
1949 61705
1950 61915
1951 62065
1952 62290
1953 62365
1954 62419
1955 62206
1956 62270
1957 62176
1958 62214
1959 61925
1960 62110
1961 62423
1962 62145
1963 61979
1964 62738
1965 62069
1966 62456
1967 62400
1968 62110
1969 62559
1970 62301
1971 62547
1972 62453
1973 62940
1974 62458
1975 62875
1976 62708
1977 62510
1978 63006
1979 62722
1980 62730
1981 62885
1982 62677
1983 62874
1984 62650
1985 62661
1986 62549
1987 62766
1988 62732
1989 63168
1990 62324
1991 62433
1992 62781
1993 62828
1994 62701
1995 62727
1996 62800
1997 63034
1998 62912
1999 62741
2000 62970
2001 62341
2002 62624
2003 62360
2004 62493
2005 62600
2006 62614
2007 62061
2008 62407
2009 62749
2010 62389
2011 62447
2012 62492
2013 61780
2014 62072
2015 62301
2016 61842
2017 62412
2018 61815
2019 62049
2020 62238
2021 61947
2022 61712
2023 61877
2024 61936
2025 61862
2026 61832
2027 61773
2028 61709
2029 61722
2030 62161
2031 61858
2032 61368
2033 61903
2034 61080
2035 61499
2036 61612
2037 61730
2038 61482
2039 61413
2040 61889
2041 61713
2042 61662
2043 61679
2044 61881
2045 61710
2046 61657
2047 61786
2048 61978
2049 62207
2050 61991
2051 61709
2052 62020
2053 61979
2054 61965
2055 62324
2056 62338
2057 62587
2058 62464
2059 62437
2060 62292
2061 62441
2062 62636
2063 62319
2064 62129
2065 62620
2066 62646
2067 62314
2068 62513
2069 62302
2070 62533
2071 62344
2072 62634
2073 62164
2074 62560
2075 62584
2076 62483
2077 62580
2078 62707
2079 62647
2080 62517
2081 62649
2082 62971
2083 63027
2084 62453
2085 62857
2086 62653
2087 63085
2088 62787
2089 62403
2090 62234
2091 62001
2092 62913
2093 62552
2094 62439
2095 62136
2096 62590
2097 62974
2098 62310
2099 62524
2100 62390
2101 62320
2102 62054
2103 61993
2104 62080
2105 62556
2106 62612
2107 62427
2108 62830
2109 62474
2110 62068
2111 62044
2112 62091
2113 61937
2114 62062
2115 61810
2116 62144
2117 62511
2118 62105
2119 62063
2120 61913
2121 62079
2122 61879
2123 61660
2124 61700
2125 61879
2126 62013
2127 61553
2128 61548
2129 61751
2130 61235
2131 61668
2132 61617
2133 61277
2134 61418
2135 61813
2136 61670
2137 61525
2138 61385
2139 61442
2140 61916
2141 61918
2142 61731
2143 61773
2144 61379
2145 62155
2146 61643
2147 61484
2148 61851
2149 61898
2150 61766
2151 62126
2152 62289
2153 62118
2154 62461
2155 62018
2156 62118
2157 62102
2158 61847
2159 62110
2160 62027
2161 62058
2162 61945
2163 62292
2164 62081
2165 62459
2166 62190
2167 62325
2168 62130
2169 62422
2170 62032
2171 62280
2172 62732
2173 62156
2174 62730
2175 62656
2176 62359
2177 62527
2178 62850
2179 62343
2180 62235
2181 62900
2182 62165
2183 62592
2184 62725
2185 62799
2186 62547
2187 62547
2188 62614
2189 62378
2190 62513
2191 62392
2192 62499
2193 62136
2194 62572
2195 62501
2196 62374
2197 62641
2198 62524
2199 62310
2200 61999
2201 62141
2202 62697
2203 61957
2204 62370
2205 62245
2206 62015
2207 62005
2208 61665
2209 62143
2210 61935
2211 62065
2212 61953
2213 62079
2214 61808
2215 61773
2216 62007
2217 61780
2218 61963
2219 61774
2220 61788
2221 61460
2222 61835
2223 61723
2224 61377
2225 61758
2226 61475
2227 61269
2228 61659
2229 61864
2230 61551
2231 61522
2232 61392
2233 61401
2234 61622
2235 61367
2236 61345
2237 61368
2238 61152
2239 61500
2240 61579
2241 61583
2242 61358
2243 61492
2244 61832
2245 61898
2246 61953
2247 61370
2248 62119
2249 61778
2250 61582
2251 61795
2252 62243
2253 61799
2254 62289
2255 61859
2256 61963
2257 62121
2258 61864
2259 62032
2260 62114
2261 62414
2262 62018
2263 62161
2264 62455
2265 62016
2266 62355
2267 62106
2268 62381
2269 62476
2270 62251
2271 62106
2272 62474
2273 62371
2274 62500
2275 62427
2276 62744
2277 62474
2278 62540
2279 62238
2280 62536
2281 62902
2282 62509
2283 62353
2284 62206
2285 62549
2286 62575
2287 62573
2288 62424
2289 62628
2290 62712
2291 62570
2292 62526
2293 62294
2294 62698
2295 62298
2296 62528
2297 62473
2298 62331
2299 62158
2300 62239
2301 62366
2302 62625
2303 62486
2304 61744
2305 62630
2306 61783
2307 62427
2308 61928
2309 62148
2310 61691
2311 62387
2312 62463
2313 62160
2314 61660
2315 62099
2316 61919
2317 61797
2318 62112
2319 61898
2320 62023
2321 61952
2322 61790
2323 61148
2324 61757
2325 61778
2326 61563
2327 61732
2328 61389
2329 61058
2330 61205
2331 61196
2332 61347
2333 61133
2334 61409
2335 61266
2336 61533
2337 61341
2338 61368
2339 61677
2340 61661
2341 61692
2342 61227
2343 61344
2344 61941
2345 61859
2346 61356
2347 61975
2348 61735
2349 61801
2350 61952
2351 61859
2352 62065
2353 62073
2354 61229
2355 62017
2356 61688
2357 61837
2358 61791
2359 62019
2360 61889
2361 61781
2362 62230
2363 61950
2364 61956
2365 62092
2366 62445
2367 62421
2368 62422
2369 61938
2370 61926
2371 62502
2372 62610
2373 62414
2374 62187
2375 62519
2376 62923
2377 62887
2378 62449
2379 61783
2380 62704
2381 62044
2382 62643
2383 62632
2384 62797
2385 62418
2386 62343
2387 62070
2388 62458
2389 62777
2390 62646
2391 62401
2392 62534
2393 62548
2394 62296
2395 62542
2396 62022
2397 62309
2398 62310
2399 62389
2400 62173
2401 62269
2402 62224
2403 62159
2404 62588
2405 62162
2406 62437
2407 62001
2408 62144
2409 61859
2410 61911
2411 61962
2412 61739
2413 61526
2414 62140
2415 61705
2416 61871
2417 62006
2418 62202
2419 62259
2420 61644
2421 61858
2422 61670
2423 61410
2424 61719
2425 61403
2426 61224
2427 61831
2428 61553
2429 61880
2430 61126
2431 61965
2432 61589
2433 61411
2434 61832
2435 61563
2436 61324
2437 61336
2438 61431
2439 61715
2440 61185
2441 61847
2442 61595
2443 61723
2444 61570
2445 61600
2446 61876
2447 61857
2448 61858
2449 61587
2450 62007
2451 61603
2452 62033
2453 61695
2454 61749
2455 61494
2456 62123
2457 61656
2458 61807
2459 62172
2460 62151
2461 62254
2462 61600
2463 62009
2464 62188
2465 62143
2466 61842
2467 62142
2468 62309
2469 62788
2470 62300
2471 62442
2472 61835
2473 62912
2474 62276
2475 62451
2476 62260
2477 62433
2478 62913
2479 62379
2480 62509
2481 62713
2482 62720
2483 62350
2484 62541
2485 62457
2486 62386
2487 62487
2488 62502
2489 62526
2490 62419
2491 62064
2492 62149
2493 62551
2494 62383
2495 62165
2496 62323
2497 62296
2498 62110
2499 62327
2500 62195
2501 62157
2502 62077
2503 62205
2504 62134
2505 62094
2506 61979
2507 62391
2508 62136
2509 62272
2510 62100
2511 62012
2512 61528
2513 61908
2514 61508
2515 62126
2516 61784
2517 61692
2518 61872
2519 61879
2520 61357
2521 61396
2522 61943
2523 61338
2524 61848
2525 61713
2526 61300
2527 61712
2528 61220
2529 61311
2530 61091
2531 61113
2532 61665
2533 61277
2534 61344
2535 61554
2536 61494
2537 61260
2538 61502
2539 61348
2540 61556
2541 61557
2542 61619
2543 61430
2544 61570
2545 61447
2546 61854
2547 61609
2548 61695
2549 61937
2550 61644
2551 61853
2552 61522
2553 61950
2554 61698
2555 62207
2556 62109
2557 62287
2558 61417
2559 61875
2560 61852
2561 61850
2562 61805
2563 61996
2564 62273
2565 62100
2566 61573
2567 62439
2568 62031
2569 62017
2570 62581
2571 62116
2572 62814
2573 62363
2574 62248
2575 62886
2576 62462
2577 62806
2578 62447
2579 62438
2580 61912
2581 62572
2582 63058
2583 62485
2584 62056
2585 62314
2586 62809
2587 62704
2588 62564
2589 62787
2590 62655
2591 62151
2592 62392
2593 62520
2594 62395
2595 62122
2596 62201
2597 62739
2598 61856
2599 62002
2600 62396
2601 62109
2602 62384
2603 61941
2604 62295
2605 62405
2606 61979
2607 62086
2608 62241
2609 61719
2610 62069
2611 62196
2612 62187
2613 61421
2614 61609
2615 62002
2616 61529
2617 61970
2618 61556
2619 61933
2620 61776
2621 61188
2622 61810
2623 61851
2624 61857
2625 61379
2626 61794
2627 61770
2628 61253
2629 61189
2630 61284
2631 61262
2632 61315
2633 61564
2634 61776
2635 61168
2636 61325
2637 61616
2638 61339
2639 61129
2640 61145
2641 61739
2642 61419
2643 61649
2644 61822
2645 61422
2646 61947
2647 61658
2648 61782
2649 61805
2650 61541
2651 61789
2652 61579
2653 61998
2654 61303
2655 61735
2656 61952
2657 61512
2658 62011
2659 61613
2660 62217
2661 61636
2662 61919
2663 62018
2664 62350
2665 62428
2666 62197
2667 62300
2668 62473
2669 62634
2670 62311
2671 61821
2672 62444
2673 62241
2674 62215
2675 62394
2676 62354
2677 62417
2678 62511
2679 62636
2680 62727
2681 62862
2682 62755
2683 62485
2684 62841
2685 63109
2686 62503
2687 62503
2688 62582
2689 62384
2690 62273
2691 62243
2692 62220
2693 62001
2694 62360
2695 62389
2696 62288
2697 62250
2698 62443
2699 62520
2700 62355
2701 62443
2702 62080
2703 62553
2704 62314
2705 62209
2706 62220
2707 61930
2708 61970
2709 62091
2710 61809
2711 62494
2712 62129
2713 62129
2714 62127
2715 62286
2716 62041
2717 61944
2718 61932
2719 61514
2720 61756
2721 61813
2722 61775
2723 61839
2724 61664
2725 61811
2726 61678
2727 61964
2728 61514
2729 61794
2730 61453
2731 61512
2732 61483
2733 61387
2734 61209
2735 61330
2736 61014
2737 61513
2738 61727
2739 61415
2740 61700
2741 61712
2742 61532
2743 61722
2744 61899
2745 61406
2746 61780
2747 61419
2748 62022
2749 62111
2750 61764
2751 61918
2752 62264
2753 61737
2754 61812
2755 62234
2756 61688
2757 61872
2758 62065
2759 62144
2760 62481
2761 61992
2762 62188
2763 62327
2764 62097
2765 61727
2766 62338
2767 62172
2768 62579
2769 62269
2770 62558
2771 62175
2772 62272
2773 62082
2774 62634
2775 62483
2776 62442
2777 62184
2778 62565
2779 62321
2780 62526
2781 62636
2782 62525
2783 62554
2784 62673
2785 62589
2786 62647
2787 62233
2788 62507
2789 62453
2790 62509
2791 62603
2792 62195
2793 62417
2794 62381
2795 61949
2796 62400
2797 62305
2798 62257
2799 61869
2800 62320
2801 62546
2802 62433
2803 61877
2804 62253
2805 61643
2806 62156
2807 61983
2808 62136
2809 61889
2810 62599
2811 61599
2812 62010
2813 61752
2814 61778
2815 61455
2816 61411
2817 61725
2818 61415
2819 61621
2820 61272
2821 61525
2822 61597
2823 62174
2824 61728
2825 61635
2826 61438
2827 61299
2828 61140
2829 61475
2830 61587
2831 61398
2832 61150
2833 61522
2834 61417
2835 61188
2836 61056
2837 61311
2838 61285
2839 61601
2840 61604
2841 61761
2842 61422
2843 61708
2844 61451
2845 61617
2846 61825
2847 61885
2848 61613
2849 61812
2850 61719
2851 61765
2852 61787
2853 61865
2854 61956
2855 62518
2856 62236
2857 61965
2858 61852
2859 62026
2860 61844
2861 61719
2862 62172
2863 62246
2864 62000
2865 61863
2866 62017
2867 62619
2868 62121
2869 61929
2870 62510
2871 62101
2872 62752
2873 62570
2874 62368
2875 62245
2876 62366
2877 62281
2878 62260
2879 62787
2880 62677
2881 62595
2882 62924
2883 62497
2884 62780
2885 62517
2886 62391
2887 62731
2888 62720
2889 62845
2890 62436
2891 62240
2892 62388
2893 62244
2894 62405
2895 62240
2896 62078
2897 62268
2898 62221
2899 62048
2900 62187
2901 62358
2902 62210
2903 62090
2904 61894
2905 62308
2906 62010
2907 62054
2908 62513
2909 62422
2910 62451
2911 61838
2912 62094
2913 61809
2914 62190
2915 61974
2916 61734
2917 62258
2918 61465
2919 61790
2920 61700
2921 61550
2922 61763
2923 61559
2924 61685
2925 61712
2926 61751
2927 61816
2928 61181
2929 61712
2930 61511
2931 61064
2932 61766
2933 61393
2934 61279
2935 61727
2936 61428
2937 61875
2938 61246
2939 61525
2940 61675
2941 61529
2942 61730
2943 61922
2944 61770
2945 61468
2946 61374
2947 61917
2948 62125
2949 61861
2950 61706
2951 61619
2952 61781
2953 61897
2954 61851
2955 62197
2956 62239
2957 62595
2958 61868
2959 62205
2960 62138
2961 62448
2962 62028
2963 62254
2964 62429
2965 62013
2966 62400
2967 62344
2968 62443
2969 62005
2970 62125
2971 62126
2972 62576
2973 62722
2974 62450
2975 62682
2976 62306
2977 62514
2978 62450
2979 62318
2980 62457
2981 62415
2982 62454
2983 62900
2984 62638
2985 62592
2986 62676
2987 62367
2988 62280
2989 62338
2990 62532
2991 62425
2992 62616
2993 62388
2994 62192
2995 62578
2996 62746
2997 62743
2998 62164
2999 62323
3000 62397
3001 62453
3002 62120
3003 62160
3004 62535
3005 61812
3006 62249
3007 61830
3008 62260
3009 62110
3010 62228
3011 61845
3012 61960
3013 61952
3014 62144
3015 61847
3016 61809
3017 62131
3018 61788
3019 61709
3020 61563
3021 62109
3022 61698
3023 62093
3024 61716
3025 61911
3026 61630
3027 61678
3028 61575
3029 61589
3030 61628
3031 61759
3032 61566
3033 61391
3034 61456
3035 61109
3036 61514
3037 61850
3038 61525
3039 61396
3040 61243
3041 61557
3042 61523
3043 61776
3044 61734
3045 61400
3046 61950
3047 62434
3048 61652
3049 61473
3050 61609
3051 61969
3052 62051
3053 62108
3054 61986
3055 61837
3056 62327
3057 62088
3058 61763
3059 62193
3060 62487
3061 62059
3062 61936
3063 61967
3064 62073
3065 62003
3066 62252
3067 62122
3068 62432
3069 61989
3070 62526
3071 62337
3072 62258
3073 62284
3074 62758
3075 62265
3076 62389
3077 62713
3078 62752
3079 62672
3080 62300
3081 62405
3082 62678
3083 62663
3084 62638
3085 62325
3086 62161
3087 62807
3088 62689
3089 62354
3090 62333
3091 62776
3092 62745
3093 62680
3094 62651
3095 62492
3096 62989
3097 62078
3098 62456
3099 61855
3100 62348
3101 61991
3102 62165
3103 62308
3104 61802
3105 62195
3106 62482
3107 62294
3108 62086
3109 62046
3110 62214
3111 61920
3112 62250
3113 61782
3114 62098
3115 62351
3116 62180
3117 62031
3118 61999
3119 62206
3120 61811
3121 61600
3122 62054
3123 61586
3124 61845
3125 61535
3126 61475
3127 61805
3128 61659
3129 61223
3130 61802
3131 61634
3132 61203
3133 61322
3134 61741
3135 61254
3136 61564
3137 61758
3138 61682
3139 61415
3140 61555
3141 61281
3142 61587
3143 61406
3144 61891
3145 61530
3146 61955
3147 61951
3148 61494
3149 61715
3150 61925
3151 62134
3152 61820
3153 62125
3154 62201
3155 61758
3156 61820
3157 62372
3158 62143
3159 62432
3160 61940
3161 61933
3162 62009
3163 61889
3164 62121
3165 62370
3166 61980
3167 62602
3168 61733
3169 62086
3170 62502
3171 61907
3172 62359
3173 62532
3174 62125
3175 62336
3176 62425
3177 62150
3178 62343
3179 62297
3180 62653
3181 62217
3182 62293
3183 62738
3184 62171
3185 62585
3186 62469
3187 62915
3188 62247
3189 62356
3190 62656
3191 62889
3192 62491
3193 62477
3194 62351
3195 62634
3196 62272
3197 62623
3198 62387
3199 62292
3200 62183
3201 62074
3202 62464
3203 62467
3204 62268
3205 62085
3206 62309
3207 61974
3208 61985
3209 62452
3210 61738
3211 61838
3212 62042
3213 61976
3214 61625
3215 62082
3216 62073
3217 61952
3218 61667
3219 61845
3220 61887
3221 61765
3222 61781
3223 61673
3224 61580
3225 61631
3226 61474
3227 61208
3228 61797
3229 61382
3230 61247
3231 61030
3232 61548
3233 61065
3234 61585
3235 61660
3236 61136
3237 61525
3238 61719
3239 61728
3240 62055
3241 61136
3242 61459
3243 61866
3244 61545
3245 61474
3246 61666
3247 61828
3248 61685
3249 61842
3250 61772
3251 61742
3252 61867
3253 62197
3254 61827
3255 61674
3256 62139
3257 61950
3258 61632
3259 62327
3260 61793
3261 62011
3262 61661
3263 62338
3264 62291
3265 62291
3266 61908
3267 62086
3268 62063
3269 62600
3270 62102
3271 62274
3272 62796
3273 62582
3274 62557
3275 62078
3276 62348
3277 62433
3278 62347
3279 62574
3280 62700
3281 62491
3282 62853
3283 62516
3284 62827
3285 62536
3286 62776
3287 62496
3288 62579
3289 61907
3290 62067
3291 62258
3292 62349
3293 62526
3294 62534
3295 62792
3296 62371
3297 62368
3298 62308
3299 62424
3300 62148
3301 62459
3302 62332
3303 62554
3304 62433
3305 61955
3306 62111
3307 62349
3308 62022
3309 62519
3310 62175
3311 62066
3312 62181
3313 62005
3314 61721
3315 62380
3316 61695
3317 62122
3318 62295
3319 62235
3320 61947
3321 61923
3322 61937
3323 61886
3324 62156
3325 62275
3326 61565
3327 62022
3328 62213
3329 61945
3330 62055
3331 61826
3332 61872
3333 61725
3334 62014
3335 62203
3336 61932
3337 61703
3338 62179
3339 61911
3340 62145
3341 62613
3342 61771
3343 62215
3344 62112
3345 62222
3346 62160
3347 62023
3348 61995
3349 62172
3350 62488
3351 62297
3352 62137
3353 62363
3354 62284
3355 62321
3356 62426
3357 62426
3358 62516
3359 62277
3360 62530
3361 62562
3362 62404
3363 62451
3364 62818
3365 62693
3366 62585
3367 62499
3368 63095
3369 62505
3370 62259
3371 62651
3372 62968
3373 62807
3374 62819
3375 62734
3376 62221
3377 62573
3378 62770
3379 63165
3380 63074
3381 62824
3382 63434
3383 62681
3384 62934
3385 62956
3386 63071
3387 62807
3388 62971
3389 62791
3390 63274
3391 62978
3392 62923
3393 62573
3394 63046
3395 62504
3396 62501
3397 62686
3398 62583
3399 62803
3400 62845
3401 62764
3402 62649
3403 62850
3404 62905
3405 62518
3406 62621
3407 62805
3408 63010
3409 62516
3410 62507
3411 62213
3412 62468
3413 62526
3414 62882
3415 62243
3416 62703
3417 62697
3418 62594
3419 62184
3420 62489
3421 62362
3422 62636
3423 62582
3424 62461
3425 62563
3426 62337
3427 62357
3428 62312
3429 62109
3430 62107
3431 62288
3432 62264
3433 62229
3434 62007
3435 62070
3436 62469
3437 62130
3438 61957
3439 62347
3440 62341
3441 62261
3442 62231
3443 62172
3444 62703
3445 62454
3446 62049
3447 62590
3448 62493
3449 62715
3450 62634
3451 62162
3452 63123
3453 62946
3454 62535
3455 62749
3456 62764
3457 62515
3458 62567
3459 62689
3460 62437
3461 62876
3462 62829
3463 62489
3464 63032
3465 62771
3466 62921
3467 62926
3468 62789
3469 62779
3470 63072
3471 62701
3472 62940
3473 62725
3474 62641
3475 63245
3476 62828
3477 63359
3478 63168
3479 62912
3480 62808
3481 63229
3482 62814
3483 63065
3484 63119
3485 63055
3486 63227
3487 62599
3488 62625
3489 62968
3490 63321
3491 62732
3492 62913
3493 63250
3494 62919
3495 63022
3496 63254
3497 62794
3498 63060
3499 62639
3500 63347
3501 62851
3502 62919
3503 62952
3504 62968
3505 63003
3506 63164
3507 62655
3508 62596
3509 62465
3510 62624
3511 62776
3512 62680
3513 62541
3514 62908
3515 62854
3516 62804
3517 62768
3518 62678
3519 62724
3520 62861
3521 62844
3522 62493
3523 62591
3524 62329
3525 62182
3526 62397
3527 62564
3528 62123
3529 62504
3530 62541
3531 62087
3532 62147
3533 62110
3534 62126
3535 62489
3536 62321
3537 63008
3538 62163
3539 62804
3540 62492
3541 62759
3542 62665
3543 62566
3544 62353
3545 62257
3546 62776
3547 62987
3548 62880
3549 62693
3550 62782
3551 62691
3552 62517
3553 62688
3554 62553
3555 62254
3556 62704
3557 62733
3558 63228
3559 62913
3560 62544
3561 63121
3562 63101
3563 62663
3564 62604
3565 62942
3566 62785
3567 63110
3568 63296
3569 63321
3570 63154
3571 63328
3572 62930
3573 63077
3574 63292
3575 63485
3576 63236
3577 63302
3578 63260
3579 63596
3580 63760
3581 63543
3582 63791
3583 63843
3584 63638
3585 63272
3586 63486
3587 63157
3588 63140
3589 62880
3590 63105
3591 62885
3592 63006
3593 63207
3594 63339
3595 63044
3596 63292
3597 63476
3598 63255
3599 63204
3600 63165
3601 62951
3602 63138
3603 63497
3604 63157
3605 63056
3606 63204
3607 63312
3608 62775
3609 62636
3610 62710
3611 62869
3612 63254
3613 63173
3614 63134
3615 62867
3616 62568
3617 62839
3618 63165
3619 62707
3620 62859
3621 62660
3622 62757
3623 62725
3624 62724
3625 62882
3626 62600
3627 62868
3628 62698
3629 62674
3630 62577
3631 62607
3632 62723
3633 62979
3634 62681
3635 62573
3636 62582
3637 62513
3638 62960
3639 62968
3640 62406
3641 62893
3642 62852
3643 62527
3644 63107
3645 62857
3646 62684
3647 63053
3648 62985
3649 63201
3650 63046
3651 62384
3652 63061
3653 62996
3654 62909
3655 62902
3656 63020
3657 62972
3658 63181
3659 63139
3660 63023
3661 63574
3662 62713
3663 63123
3664 62631
3665 62860
3666 62658
3667 62863
3668 62667
3669 62928
3670 63502
3671 63002
3672 63254
3673 62850
3674 62931
3675 63539
3676 63475
3677 63290
3678 63549
3679 63465
3680 63201
3681 63387
3682 63003
3683 63249
3684 63398
3685 63553
3686 63593
3687 63478
3688 63265
3689 63281
3690 63056
3691 63403
3692 62943
3693 63482
3694 63036
3695 62980
3696 63319
3697 63262
3698 63232
3699 63159
3700 63081
3701 62905
3702 63183
3703 62920
3704 62901
3705 62645
3706 63131
3707 62926
3708 62846
3709 62757
3710 63070
3711 62627
3712 62662
3713 62648
3714 62942
3715 62925
3716 63172
3717 62390
3718 62813
3719 62680
3720 62629
3721 62943
3722 62838
3723 62965
3724 62595
3725 62705
3726 62795
3727 62382
3728 62736
3729 62583
3730 62145
3731 62427
3732 62290
3733 62577
3734 62747
3735 62309
3736 62382
3737 62605
3738 62872
3739 62686
3740 62696
3741 62374
3742 62728
3743 62115
3744 62916
3745 62836
3746 62740
3747 62790
3748 63253
3749 63402
3750 62990
3751 63290
3752 63094
3753 63538
3754 63542
3755 63284
3756 63325
3757 63722
3758 63327
3759 63220
3760 63646
3761 63031
3762 63723
3763 63365
3764 63226
3765 63537
3766 63744
3767 64337
3768 63720
3769 63467
3770 63320
3771 63591
3772 63845
3773 63858
3774 63785
3775 64191
3776 63297
3777 63694
3778 63918
3779 64156
3780 64188
3781 63901
3782 63946
3783 63783
3784 64042
3785 63490
3786 64124
3787 63849
3788 63562
3789 63644
3790 64184
3791 64168
3792 64153
3793 63264
3794 63511
3795 63847
3796 63708
3797 63774
3798 63742
3799 63529
3800 63368
3801 63678
3802 63541
3803 63708
3804 63724
3805 63832
3806 63584
3807 63654
3808 63642
3809 63719
3810 63565
3811 63431
3812 63588
3813 63705
3814 63851
3815 63643
3816 63412
3817 63505
3818 63535
3819 64108
3820 63437
3821 63162
3822 63357
3823 63189
3824 63231
3825 63171
3826 62917
3827 63230
3828 62969
3829 62966
3830 63544
3831 63118
3832 63574
3833 63191
3834 63096
3835 63047
3836 63101
3837 62946
3838 63040
3839 63011
3840 63234
3841 63316
3842 63635
3843 63101
3844 62892
3845 63354
3846 63585
3847 63526
3848 63456
3849 63252
3850 63584
3851 62980
3852 63989
3853 63737
3854 63390
3855 63653
3856 63468
3857 63621
3858 63683
3859 63556
3860 63577
3861 63624
3862 63857
3863 63566
3864 63533
3865 63635
3866 63598
3867 63444
3868 63715
3869 63666
3870 63630
3871 63928
3872 63854
3873 63803
3874 63769
3875 63633
3876 63860
3877 63747
3878 63764
3879 63733
3880 64135
3881 63911
3882 64127
3883 64276
3884 64510
3885 64042
3886 63531
3887 63942
3888 64327
3889 64300
3890 63625
3891 63699
3892 63754
3893 63982
3894 63804
3895 63987
3896 64044
3897 63930
3898 64032
3899 63667
3900 63785
3901 63712
3902 63870
3903 63892
3904 63960
3905 64013
3906 63521
3907 63752
3908 63836
3909 63796
3910 64322
3911 63797
3912 63577
3913 63780
3914 63426
3915 64062
3916 63845
3917 63354
3918 63505
3919 63283
3920 63688
3921 63700
3922 63577
3923 64096
3924 63552
3925 63784
3926 63312
3927 63399
3928 63490
3929 63527
3930 63140
3931 63832
3932 63593
3933 63153
3934 63529
3935 63841
3936 63452
3937 63740
3938 63431
3939 63387
3940 63269
3941 63316
3942 63644
3943 63709
3944 63564
3945 63800
3946 63652
3947 63938
3948 63484
3949 63441
3950 64016
3951 64084
3952 63766
3953 64076
3954 64070
3955 63222
3956 64182
3957 63779
3958 63580
3959 63763
3960 64302
3961 63716
3962 63920
3963 63991
3964 64147
3965 63960
3966 64214
3967 63968
3968 64076
3969 64273
3970 63894
3971 63704
3972 64058
3973 63845
3974 63912
3975 64322
3976 64220
3977 64342
3978 63936
3979 63954
3980 63770
3981 64168
3982 64305
3983 64480
3984 64553
3985 64301
3986 64192
3987 64382
3988 64520
3989 64141
3990 64120
3991 64130
3992 64629
3993 63828
3994 64378
3995 64245
3996 63915
3997 64179
3998 63970
3999 63701
4000 63634
4001 64058
4002 64030
4003 63624
4004 64104
4005 64024
4006 63771
4007 63716
4008 64044
4009 64137
4010 64039
4011 64008
4012 63972
4013 63876
4014 63888
4015 64042
4016 64115
4017 64213
4018 63929
4019 64024
4020 63701
4021 64162
4022 63719
4023 63964
4024 64157
4025 63492
4026 64389
4027 63725
4028 63675
4029 64135
4030 63754
4031 63769
4032 63996
4033 64042
4034 64047
4035 63767
4036 63611
4037 63700
4038 63934
4039 63802
4040 63852
4041 64110
4042 63891
4043 63802
4044 63761
4045 63430
4046 63955
4047 63659
4048 63392
4049 63379
4050 63409
4051 63335
4052 63879
4053 63470
4054 63398
4055 63344
4056 64090
4057 63336
4058 63559
4059 63320
4060 64130
4061 63649
4062 63684
4063 63674
4064 63750
4065 63417
4066 63694
4067 63711
4068 63543
4069 63805
4070 63717
4071 63939
4072 63450
4073 63926
4074 63860
4075 63718
4076 63536
4077 63797
4078 63955
4079 63883
4080 63875
4081 64004
4082 63852
4083 64016
4084 63957
4085 63965
4086 64042
4087 63860
4088 63815
4089 63848
4090 64130
4091 63912
4092 63939
4093 64344
4094 64093
4095 63656
4096 63768
4097 63984
4098 63621
4099 63915
4100 63810
4101 63798
4102 63581
4103 63263
4104 63619
4105 64120
4106 63814
4107 63874
4108 63929
4109 63996
4110 63527
4111 63648
4112 63870
4113 64018
4114 63683
4115 63547
4116 63550
4117 63794
4118 63555
4119 64220
4120 63372
4121 63677
4122 63573
4123 63285
4124 63598
4125 63457
4126 64182
4127 63760
4128 63893
4129 63612
4130 63533
4131 63629
4132 63691
4133 63718
4134 63637
4135 63754
4136 63202
4137 63601
4138 63736
4139 63589
4140 63852
4141 63691
4142 63797
4143 63785
4144 63801
4145 63992
4146 63613
4147 63746
4148 63525
4149 63627
4150 63707
4151 63552
4152 63705
4153 63822
4154 63793
4155 63838
4156 64121
4157 63801
4158 63254
4159 64170
4160 64037
4161 64083
4162 64148
4163 63989
4164 64025
4165 64039
4166 63816
4167 63976
4168 64349
4169 64017
4170 64386
4171 64145
4172 64326
4173 63990
4174 64265
4175 64035
4176 64189
4177 64353
4178 64019
4179 64137
4180 64367
4181 64518
4182 64277
4183 64348
4184 64237
4185 64052
4186 64109
4187 64431
4188 64714
4189 64419
4190 64463
4191 64403
4192 64283
4193 64401
4194 64038
4195 64008
4196 64306
4197 64297
4198 64517
4199 64375
4200 64333
4201 64357
4202 64627
4203 64413
4204 64086
4205 64342
4206 64046
4207 64290
4208 64152
4209 64191
4210 64056
4211 63831
4212 64265
4213 64286
4214 63881
4215 63935
4216 64199
4217 64101
4218 64142
4219 63825
4220 64232
4221 63770
4222 63768
4223 63776
4224 63980
4225 64354
4226 64083
4227 64099
4228 64392
4229 64379
4230 63677
4231 64001
4232 63755
4233 63693
4234 63947
4235 63517
4236 64117
4237 63908
4238 63990
4239 64119
4240 64224
4241 64042
4242 64023
4243 64276
4244 64020
4245 64311
4246 63888
4247 63854
4248 64093
4249 63909
4250 63810
4251 63991
4252 64221
4253 64017
4254 64226
4255 64236
4256 64366
4257 64162
4258 64020
4259 64096
4260 64443
4261 63934
4262 63856
4263 64429
4264 64360
4265 64204
4266 64417
4267 64158
4268 64386
4269 64179
4270 64588
4271 64733
4272 64105
4273 64264
4274 64332
4275 64340
4276 64291
4277 64742
4278 65272
4279 65441
4280 65354
4281 65147
4282 65523
4283 65003
4284 65118
4285 65280
4286 65018
4287 65332
4288 64873
4289 65397
4290 64990
4291 65329
4292 65085
4293 65173
4294 65159
4295 65136
4296 65243
4297 65319
4298 65286
4299 65327
4300 65195
4301 65018
4302 65457
4303 64982
4304 65552
4305 65068
4306 65100
4307 64980
4308 64996
4309 65315
4310 64888
4311 64850
4312 64848
4313 65225
4314 65031
4315 64735
4316 64683
4317 65026
4318 65014
4319 64683
4320 64916
4321 64711
4322 64671
4323 64868
4324 64942
4325 65338
4326 65132
4327 64988
4328 64897
4329 64941
4330 64515
4331 64716
4332 64498
4333 64861
4334 64875
4335 64706
4336 64846
4337 65051
4338 64486
4339 64823
4340 64351
4341 64886
4342 64907
4343 64994
4344 64492
4345 64655
4346 64896
4347 64799
4348 64618
4349 64468
4350 64958
4351 65105
4352 64908
4353 65182
4354 64921
4355 65143
4356 64806
4357 65022
4358 65022
4359 64904
4360 65359
4361 65045
4362 65315
4363 65262
4364 65669
4365 65156
4366 65156
4367 65686
4368 65141
4369 65354
4370 65081
4371 64614
4372 65062
4373 65405
4374 65698
4375 65210
4376 65397
4377 65348
4378 65288
4379 65108
4380 65321
4381 65497
4382 65708
4383 65388
4384 65200
4385 65678
4386 65690
4387 65634
4388 65509
4389 65604
4390 65398
4391 65359
4392 65148
4393 65733
4394 65863
4395 65263
4396 65673
4397 65208
4398 65532
4399 65323
4400 65365
4401 65204
4402 65043
4403 65245
4404 65017
4405 65496
4406 65103
4407 65240
4408 65339
4409 65223
4410 64658
4411 65217
4412 65601
4413 65488
4414 64931
4415 65210
4416 64753
4417 65080
4418 64890
4419 65321
4420 65090
4421 65402
4422 65310
4423 65355
4424 64844
4425 64796
4426 64483
4427 65212
4428 65102
4429 65186
4430 64794
4431 64587
4432 64657
4433 65380
4434 65019
4435 64646
4436 65114
4437 65066
4438 65129
4439 64941
4440 64545
4441 64843
4442 64883
4443 65129
4444 65015
4445 65112
4446 65114
4447 65002
4448 65196
4449 65505
4450 65051
4451 65075
4452 65147
4453 65105
4454 65104
4455 65539
4456 65653
4457 65588
4458 65209
4459 65205
4460 65221
4461 65120
4462 65464
4463 65463
4464 65311
4465 65675
4466 65221
4467 65474
4468 65605
4469 65253
4470 65763
4471 65598
4472 65549
4473 65839
4474 65530
4475 65455
4476 65208
4477 65849
4478 65465
4479 65388
4480 65478
4481 65738
4482 65825
4483 65432
4484 64905
4485 65233
4486 65438
4487 65545
4488 65484
4489 65579
4490 65609
4491 65231
4492 65899
4493 65815
4494 65518
4495 65620
4496 65640
4497 65677
4498 65871
4499 64862
4500 65548
4501 65468
4502 65906
4503 65222
4504 65925
4505 65236
4506 65968
4507 65610
4508 65566
4509 65313
4510 65556
4511 65298
4512 65357
4513 65522
4514 65229
4515 65253
4516 65003
4517 65372
4518 65369
4519 65348
4520 65092
4521 65414
4522 64982
4523 65266
4524 65230
4525 65286
4526 65682
4527 65747
4528 65411
4529 65084
4530 64861
4531 65203
4532 65142
4533 65346
4534 64875
4535 64955
4536 65414
4537 64800
4538 65690
4539 65314
4540 65281
4541 65773
4542 65008
4543 65256
4544 65111
4545 65928
4546 64919
4547 65507
4548 65348
4549 65512
4550 65372
4551 65621
4552 65820
4553 65611
4554 65594
4555 65482
4556 65909
4557 65516
4558 65904
4559 65628
4560 65757
4561 65619
4562 65978
4563 65876
4564 65749
4565 65832
4566 66131
4567 65836
4568 66032
4569 65641
4570 65700
4571 66382
4572 65852
4573 65676
4574 66411
4575 65870
4576 65868
4577 66170
4578 65602
4579 65785
4580 66320
4581 66301
4582 65663
4583 65803
4584 66251
4585 66551
4586 66335
4587 66307
4588 65623
4589 66279
4590 65915
4591 65965
4592 65850
4593 66084
4594 65582
4595 66146
4596 65244
4597 65677
4598 65815
4599 66165
4600 65950
4601 65959
4602 65677
4603 65621
4604 65627
4605 65862
4606 65745
4607 65647
4608 65541
4609 65314
4610 65740
4611 65658
4612 65775
4613 65743
4614 65318
4615 65197
4616 65880
4617 65908
4618 65870
4619 65126
4620 65382
4621 65757
4622 65578
4623 65189
4624 65288
4625 64978
4626 65523
4627 65283
4628 65460
4629 65445
4630 65501
4631 65161
4632 65471
4633 65428
4634 65147
4635 65425
4636 65380
4637 66051
4638 65739
4639 65744
4640 65499
4641 65208
4642 65495
4643 65868
4644 65759
4645 65829
4646 65833
4647 65972
4648 65780
4649 65658
4650 65715
4651 65721
4652 65684
4653 66069
4654 65410
4655 65470
4656 65588
4657 65721
4658 65706
4659 66048
4660 65589
4661 65638
4662 65833
4663 65914
4664 66132
4665 65589
4666 66343
4667 65827
4668 65725
4669 65986
4670 65763
4671 65716
4672 65548
4673 65808
4674 65959
4675 65942
4676 65944
4677 66228
4678 65498
4679 65759
4680 65852
4681 66060
4682 65674
4683 65858
4684 65775
4685 66364
4686 66257
4687 66014
4688 65716
4689 66360
4690 66780
4691 66111
4692 66135
4693 66184
4694 66175
4695 66272
4696 65662
4697 66103
4698 65746
4699 66001
4700 65879
4701 65630
4702 65737
4703 65706
4704 66281
4705 65779
4706 65866
4707 66059
4708 65912
4709 65939
4710 65694
4711 66136
4712 65563
4713 65630
4714 65993
4715 66015
4716 65703
4717 65793
4718 65861
4719 65914
4720 65486
4721 65771
4722 65999
4723 65349
4724 65408
4725 65823
4726 66022
4727 65772
4728 65475
4729 65846
4730 65545
4731 65984
4732 65829
4733 65560
4734 65548
4735 65805
4736 65329
4737 65832
4738 65889
4739 65547
4740 65495
4741 65690
4742 66371
4743 65842
4744 65668
4745 65966
4746 66041
4747 65590
4748 65806
4749 65637
4750 65869
4751 65709
4752 66003
4753 66091
4754 65559
4755 66220
4756 65904
4757 65590
4758 65913
4759 65868
4760 65402
4761 65857
4762 65728
4763 65191
4764 66001
4765 65961
4766 65829
4767 65865
4768 66206
4769 66077
4770 66242
4771 65997
4772 66213
4773 65574
4774 66030
4775 66141
4776 66071
4777 65835
4778 66035
4779 65774
4780 66102
4781 66068
4782 66161
4783 66126
4784 66184
4785 66255
4786 66010
4787 66044
4788 65673
4789 66179
4790 66007
4791 66081
4792 66473
4793 66463
4794 66132
4795 66058
4796 66181
4797 66074
4798 66339
4799 65692
4800 65834
4801 65881
4802 66211
4803 66193
4804 66055
4805 66106
4806 65911
4807 65915
4808 65784
4809 65963
4810 66217
4811 65735
4812 65502
4813 66033
4814 65687
4815 65806
4816 65651
4817 65817
4818 65506
4819 65690
4820 66198
4821 66008
4822 65634
4823 65787
4824 65649
4825 65565
4826 66063
4827 65899
4828 65599
4829 65671
4830 65429
4831 65578
4832 65973
4833 65242
4834 65529
4835 65934
4836 65465
4837 65435
4838 65566
4839 65962
4840 65627
4841 65454
4842 66168
4843 66082
4844 65783
4845 65232
4846 66099
4847 65935
4848 66201
4849 65603
4850 66196
4851 65600
4852 65538
4853 65756
4854 65882
4855 65987
4856 65658
4857 65781
4858 65905
4859 65886
4860 66054
4861 65883
4862 66405
4863 66169
4864 66017
4865 65856
4866 65817
4867 66226
4868 65792
4869 65846
4870 66008
4871 66032
4872 65939
4873 65635
4874 66223
4875 66340
4876 65963
4877 66149
4878 65749
4879 65830
4880 65896
4881 66122
4882 66336
4883 66127
4884 66062
4885 65841
4886 65947
4887 66045
4888 66143
4889 66014
4890 65922
4891 65909
4892 65919
4893 66239
4894 66212
4895 66094
4896 65999
4897 66245
4898 65789
4899 66212
4900 66653
4901 65677
4902 66121
4903 65658
4904 66065
4905 65691
4906 65947
4907 65759
4908 65477
4909 65714
4910 65841
4911 66170
4912 65589
4913 65689
4914 65912
4915 65866
4916 65922
4917 65988
4918 65540
4919 65768
4920 65882
4921 65815
4922 65667
4923 65814
4924 65558
4925 66021
4926 65788
4927 65764
4928 65208
4929 65885
4930 65174
4931 65914
4932 65490
4933 65559
4934 65911
4935 65727
4936 65594
4937 65809
4938 65492
4939 65688
4940 65544
4941 66115
4942 65679
4943 66167
4944 65288
4945 66027
4946 65564
4947 65440
4948 66123
4949 65369
4950 65288
4951 65481
4952 65866
4953 65687
4954 65878
4955 65623
4956 65778
4957 65754
4958 66046
4959 65984
4960 66024
4961 65933
4962 65693
4963 66020
4964 65700
4965 65965
4966 65701
4967 66091
4968 66124
4969 65918
4970 65815
4971 65828
4972 66051
4973 66290
4974 65935
4975 65799
4976 65923
4977 66096
4978 66201
4979 65908
4980 65780
4981 66010
4982 65977
4983 65994
4984 66364
4985 66149
4986 66187
4987 65963
4988 65911
4989 66107
4990 65922
4991 66117
4992 65850
4993 65512
4994 65977
4995 66295
4996 66203
4997 65634
4998 66002
4999 65795
5000 66140
5001 65875
5002 66095
5003 65692
5004 66091
5005 65409
5006 65800
5007 65591
5008 65598
5009 66161
5010 65839
5011 65995
5012 65750
5013 65779
5014 65506
5015 65874
5016 65590
5017 65402
5018 65545
5019 65449
5020 65352
5021 65692
5022 65634
5023 65597
5024 65230
5025 65739
5026 65396
5027 65307
5028 65662
5029 65807
5030 65598
5031 65433
5032 65875
5033 65600
5034 65422
5035 65362
5036 65097
5037 65230
5038 65238
5039 64960
5040 65161
5041 65706
5042 64901
5043 65773
5044 65362
5045 65563
5046 65504
5047 65668
5048 65433
5049 65485
5050 65859
5051 65363
5052 65263
5053 65383
5054 65395
5055 65236
5056 65215
5057 65445
5058 65409
5059 65610
5060 65662
5061 65388
5062 65785
5063 65400
5064 65687
5065 65737
5066 65189
5067 65259
5068 65909
5069 65391
5070 65638
5071 65397
5072 64950
5073 65692
5074 65419
5075 65595
5076 65626
5077 65732
5078 65846
5079 65760
5080 65515
5081 65397
5082 65468
5083 65324
5084 65334
5085 65788
5086 65816
5087 65599
5088 65380
5089 65252
5090 65534
5091 65290
5092 65001
5093 65673
5094 65331
5095 65387
5096 65119
5097 65399
5098 65532
5099 65191
5100 65290
5101 65329
5102 65204
5103 64834
5104 65316
5105 65029
5106 65214
5107 65324
5108 65420
5109 65355
5110 64996
5111 65516
5112 64874
5113 65134
5114 65316
5115 65056
5116 65245
5117 65097
5118 65435
5119 65340
5120 65239
5121 65085
5122 65078
5123 64880
5124 65148
5125 64644
5126 65086
5127 64783
5128 64820
5129 64645
5130 65027
5131 64659
5132 64912
5133 64605
5134 64897
5135 64859
5136 65172
5137 64825
5138 64789
5139 64717
5140 65011
5141 65011
5142 64629
5143 64784
5144 65007
5145 64648
5146 64918
5147 64778
5148 64794
5149 64771
5150 64690
5151 64859
5152 65216
5153 65158
5154 65224
5155 65342
5156 64820
5157 64723
5158 64612
5159 65516
5160 65130
5161 64992
5162 65278
5163 65508
5164 65090
5165 65448
5166 65119
5167 65269
5168 65025
5169 65200
5170 65231
5171 65149
5172 65136
5173 65223
5174 65508
5175 65462
5176 65222
5177 65157
5178 65406
5179 65616
5180 65169
5181 65385
5182 64926
5183 65260
5184 65584
5185 65065
5186 64865
5187 65062
5188 65031
5189 65121
5190 65243
5191 64942
5192 65315
5193 65345
5194 64964
5195 65330
5196 64988
5197 65500
5198 65136
5199 64598
5200 65282
5201 65036
5202 65017
5203 65427
5204 64824
5205 65175
5206 64989
5207 64971
5208 64836
5209 65306
5210 64966
5211 64748
5212 64912
5213 64740
5214 65356
5215 64575
5216 64743
5217 64656
5218 64733
5219 64487
5220 64400
5221 64223
5222 64778
5223 65074
5224 64598
5225 64897
5226 64382
5227 64418
5228 64481
5229 64534
5230 64626
5231 64557
5232 64564
5233 64787
5234 64750
5235 64458
5236 64570
5237 64897
5238 64362
5239 64167
5240 64178
5241 64770
5242 64949
5243 64647
5244 65024
5245 64646
5246 64784
5247 65078
5248 64995
5249 65094
5250 64900
5251 64733
5252 64671
5253 64525
5254 64769
5255 64778
5256 64958
5257 64926
5258 64548
5259 64281
5260 65086
5261 65114
5262 64699
5263 64734
5264 64710
5265 64996
5266 64728
5267 64788
5268 65310
5269 65087
5270 64730
5271 64761
5272 64963
5273 64934
5274 65146
5275 65074
5276 64802
5277 64760
5278 64867
5279 64944
5280 65075
5281 65252
5282 64854
5283 65082
5284 64954
5285 65422
5286 65385
5287 64918
5288 64949
5289 64948
5290 64924
5291 64944
5292 64783
5293 64767
5294 65052
5295 64929
5296 64944
5297 64687
5298 64709
5299 64737
5300 64751
5301 64203
5302 64916
5303 64645
5304 64619
5305 64991
5306 64476
5307 64673
5308 65044
5309 64727
5310 64733
5311 64556
5312 64378
5313 64911
5314 64160
5315 64511
5316 64065
5317 64566
5318 64789
5319 64468
5320 64756
5321 64278
5322 64049
5323 64146
5324 64665
5325 64438
5326 64232
5327 64348
5328 64191
5329 64678
5330 64412
5331 64218
5332 64097
5333 64198
5334 64578
5335 64128
5336 64652
5337 64536
5338 64033
5339 64180
5340 64335
5341 64413
5342 64604
5343 64660
5344 63934
5345 64123
5346 64312
5347 64772
5348 64507
5349 64676
5350 64288
5351 64441
5352 64442
5353 64486
5354 64512
5355 64942
5356 64206
5357 64269
5358 65115
5359 64779
5360 64729
5361 64646
5362 64683
5363 64621
5364 64098
5365 64885
5366 64379
5367 64792
5368 64645
5369 64899
5370 64629
5371 64362
5372 64557
5373 64542
5374 64773
5375 65399
5376 64516
5377 64847
5378 64404
5379 64386
5380 64803
5381 64674
5382 64772
5383 64692
5384 64972
5385 64773
5386 64900
5387 64877
5388 64776
5389 64619
5390 64596
5391 64592
5392 64372
5393 64776
5394 64101
5395 64292
5396 64628
5397 64718
5398 64610
5399 64417
5400 64012
5401 64585
5402 64042
5403 64534
5404 64338
5405 64243
5406 64334
5407 64209
5408 64480
5409 64380
5410 63992
5411 64171
5412 64165
5413 64203
5414 63564
5415 64165
5416 64033
5417 63569
5418 63764
5419 63986
5420 64213
5421 63497
5422 64189
5423 63927
5424 64012
5425 63718
5426 63837
5427 63542
5428 63282
5429 64000
5430 63650
5431 63651
5432 64160
5433 63486
5434 63722
5435 63574
5436 63869
5437 63746
5438 64134
5439 63543
5440 64160
5441 64161
5442 63564
5443 63444
5444 64052
5445 63798
5446 63818
5447 64158
5448 63666
5449 64084
5450 63889
5451 63764
5452 63932
5453 63611
5454 63928
5455 63960
5456 64018
5457 64249
5458 63835
5459 64032
5460 64425
5461 64334
5462 64053
5463 63911
5464 64310
5465 63992
5466 64169
5467 64458
5468 64215
5469 63755
5470 63610
5471 64007
5472 63783
5473 64290
5474 64320
5475 64131
5476 64264
5477 64352
5478 63828
5479 63719
5480 64100
5481 64209
5482 64440
5483 64234
5484 63929
5485 64423
5486 63901
5487 64615
5488 64165
5489 63822
5490 63674
5491 64095
5492 63969
5493 64015
5494 63974
5495 64239
5496 64082
5497 64053
5498 64397
5499 63981
5500 63641
5501 63725
5502 64078
5503 63584
5504 63797
5505 63932
5506 63819
5507 63289
5508 63968
5509 63717
5510 63699
5511 63403
5512 63899
5513 62896
5514 64189
5515 63697
5516 63776
5517 63578
5518 63649
5519 63445
5520 63573
5521 63734
5522 63767
5523 63332
5524 63750
5525 63604
5526 63438
5527 63024
5528 63303
5529 63512
5530 63075
5531 63401
5532 62976
5533 62772
5534 63098
5535 63237
5536 63471
5537 63015
5538 63061
5539 62930
5540 63434
5541 63075
5542 63205
5543 63649
5544 63202
5545 63365
5546 63385
5547 63436
5548 63433
5549 63561
5550 63541
5551 63346
5552 63391
5553 63527
5554 63423
5555 63347
5556 63772
5557 63241
5558 63230
5559 63509
5560 63794
5561 63969
5562 63623
5563 63243
5564 64040
5565 63326
5566 63504
5567 63161
5568 63705
5569 63673
5570 63613
5571 63755
5572 63683
5573 63524
5574 63761
5575 63999
5576 63938
5577 63503
5578 63955
5579 63388
5580 63356
5581 63737
5582 64085
5583 63943
5584 63621
5585 63854
5586 63845
5587 63393
5588 63726
5589 63586
5590 63434
5591 63258
5592 63883
5593 63441
5594 63324
5595 63352
5596 63736
5597 64077
5598 63385
5599 63260
5600 63548
5601 63672
5602 63567
5603 63160
5604 63191
5605 63037
5606 63276
5607 63563
5608 63474
5609 63145
5610 63381
5611 63608
5612 62757
5613 63362
5614 63121
5615 62915
5616 62990
5617 62815
5618 63305
5619 62845
5620 63173
5621 62961
5622 63191
5623 62797
5624 62627
5625 62651
5626 62754
5627 62895
5628 62565
5629 62752
5630 62926
5631 62693
5632 63016
5633 62595
5634 62787
5635 62647
5636 62332
5637 63006
5638 62947
5639 62660
5640 63092
5641 62889
5642 62628
5643 62860
5644 62911
5645 62746
5646 63095
5647 63038
5648 63280
5649 63056
5650 62848
5651 63190
5652 63295
5653 62916
5654 63429
5655 62692
5656 63182
5657 63472
5658 63157
5659 63240
5660 63256
5661 63162
5662 63189
5663 62856
5664 63412
5665 63205
5666 62744
5667 63262
5668 63085
5669 63356
5670 63123
5671 63120
5672 63342
5673 63063
5674 63176
5675 63184
5676 63143
5677 63596
5678 62935
5679 63466
5680 63301
5681 63594
5682 63129
5683 63371
5684 63220
5685 63196
5686 63874
5687 63399
5688 62833
5689 63214
5690 63334
5691 63433
5692 62841
5693 63406
5694 63248
5695 63086
5696 63147
5697 63067
5698 62939
5699 63262
5700 62795
5701 62802
5702 62777
5703 62771
5704 62288
5705 62644
5706 63159
5707 62564
5708 62923
5709 62827
5710 62696
5711 62686
5712 62424
5713 62634
5714 62447
5715 63124
5716 62553
5717 62238
5718 62388
5719 62091
5720 62559
5721 62922
5722 62990
5723 62324
5724 62637
5725 62417
5726 62430
5727 62463
5728 62474
5729 62708
5730 62017
5731 62294
5732 62071
5733 62482
5734 62119
5735 62145
5736 62181
5737 62320
5738 62067
5739 62361
5740 62454
5741 62263
5742 62233
5743 62416
5744 62082
5745 62342
5746 62430
5747 62724
5748 62599
5749 62562
5750 62970
5751 62981
5752 62647
5753 62488
5754 62679
5755 62916
5756 62755
5757 63052
5758 62622
5759 62565
5760 62898
5761 62637
5762 62854
5763 62753
5764 62797
5765 62863
5766 63045
5767 63107
5768 62936
5769 62656
5770 62708
5771 63158
5772 63008
5773 63069
5774 62789
5775 62775
5776 63333
5777 62975
5778 63040
5779 63364
5780 63339
5781 63157
5782 62849
5783 63502
5784 63365
5785 63197
5786 63368
5787 62522
5788 63079
5789 62678
5790 62955
5791 63253
5792 62803
5793 62569
5794 63285
5795 63066
5796 62729
5797 63294
5798 62695
5799 62636
5800 63129
5801 62875
5802 62528
5803 63108
5804 62822
5805 62839
5806 62899
5807 63006
5808 62502
5809 62565
5810 62797
5811 62389
5812 62848
5813 62779
5814 62376
5815 62641
5816 62541
5817 62268
5818 62863
5819 62380
5820 62728
5821 61773
5822 62309
5823 62631
5824 62219
5825 61988
5826 62060
5827 62070
5828 62039
5829 62087
5830 62481
5831 62027
5832 61925
5833 62008
5834 61819
5835 62245
5836 61817
5837 61837
5838 62197
5839 61903
5840 62192
5841 61776
5842 62341
5843 62165
5844 61758
5845 62240
5846 62244
5847 62328
5848 62241
5849 61895
5850 62152
5851 62428
5852 62337
5853 62566
5854 62425
5855 62397
5856 62567
5857 62565
5858 62579
5859 62439
5860 62803
5861 62614
5862 62457
5863 62494
5864 62657
5865 62679
5866 62431
5867 63109
5868 62815
5869 62615
5870 63076
5871 62366
5872 62843
5873 62590
5874 62737
5875 62627
5876 62939
5877 62921
5878 63167
5879 63125
5880 62552
5881 63196
5882 62463
5883 63022
5884 63193
5885 62859
5886 63014
5887 62930
5888 63269
5889 62803
5890 62578
5891 62907
5892 62881
5893 62508
5894 62642
5895 62930
5896 62659
5897 62515
5898 62943
5899 62623
5900 62539
5901 62510
5902 62473
5903 62641
5904 62780
5905 62350
5906 62590
5907 62381
5908 62350
5909 62312
5910 62488
5911 62475
5912 62267
5913 62299
5914 62352
5915 62449
5916 62325
5917 62219
5918 62170
5919 62558
5920 62312
5921 62078
5922 61832
5923 62177
5924 62311
5925 62241
5926 62121
5927 62170
5928 61588
5929 61926
5930 61894
5931 61709
5932 61802
5933 62242
5934 61731
5935 62004
5936 61929
5937 62025
5938 62240
5939 62091
5940 62147
5941 61905
5942 62513
5943 62041
5944 61811
5945 62204
5946 61754
5947 61893
5948 62649
5949 62163
5950 62649
5951 62118
5952 61857
5953 62679
5954 62416
5955 62286
5956 62524
5957 62074
5958 62153
5959 62174
5960 62559
5961 62444
5962 62328
5963 62499
5964 62193
5965 62573
5966 62359
5967 62495
5968 62484
5969 62545
5970 62592
5971 62857
5972 62404
5973 62513
5974 62808
5975 62276
5976 62613
5977 62822
5978 62613
5979 62999
5980 62669
5981 62925
5982 62674
5983 63019
5984 62598
5985 62194
5986 62917
5987 62708
5988 62778
5989 62950
5990 62772
5991 63095
5992 62296
5993 63022
5994 62889
5995 62999
5996 62670
5997 62607
5998 62353
5999 62484
6000 62549
6001 62922
6002 62286
6003 63127
6004 62070
6005 62621
6006 61974
6007 62457
6008 62340
6009 62058
6010 62124
6011 62172
6012 62393
6013 62337
6014 62319
6015 62434
6016 62138
6017 62284
6018 62255
6019 62004
6020 61984
6021 62035
6022 62061
6023 62216
6024 62062
6025 62022
6026 61865
6027 61678
6028 61867
6029 61997
6030 62059
6031 61760
6032 62315
6033 61655
6034 61826
6035 61984
6036 61670
6037 61591
6038 61570
6039 61809
6040 61514
6041 62022
6042 62235
6043 62238
6044 62283
6045 61795
6046 61823
6047 62223
6048 62054
6049 62095
6050 62250
6051 62012
6052 62193
6053 61707
6054 62344
6055 62138
6056 62453
6057 62170
6058 62193
6059 62595
6060 62394
6061 62547
6062 62335
6063 62362
6064 62285
6065 62766
6066 62803
6067 62317
6068 62420
6069 63044
6070 62977
6071 62880
6072 62717
6073 62950
6074 62906
6075 62775
6076 63301
6077 62748
6078 63050
6079 62990
6080 63423
6081 63002
6082 62968
6083 63051
6084 62839
6085 63005
6086 63071
6087 62959
6088 62786
6089 62835
6090 62725
6091 63106
6092 63002
6093 62713
6094 62582
6095 62694
6096 62619
6097 62333
6098 62672
6099 62649
6100 62361
6101 62387
6102 62403
6103 62621
6104 62636
6105 62377
6106 62211
6107 62758
6108 62181
6109 62334
6110 62352
6111 62602
6112 62364
6113 62474
6114 62587
6115 62232
6116 62313
6117 62015
6118 62152
6119 62036
6120 62506
6121 61909
6122 61773
6123 61951
6124 61822
6125 62045
6126 62128
6127 61723
6128 61833
6129 61765
6130 61798
6131 61921
6132 61863
6133 61838
6134 61739
6135 61648
6136 61598
6137 62251
6138 61992
6139 61666
6140 61843
6141 62002
6142 61699
6143 61691
6144 62001
6145 61884
6146 62239
6147 62140
6148 62141
6149 61999
6150 62218
6151 62091
6152 62131
6153 62330
6154 62554
6155 62551
6156 62082
6157 62332
6158 62378
6159 62265
6160 62193
6161 62450
6162 62534
6163 62374
6164 62300
6165 62304
6166 62847
6167 62440
6168 62825
6169 62388
6170 62354
6171 62711
6172 62675
6173 62876
6174 62973
6175 62924
6176 62615
6177 62859
6178 62992
6179 62887
6180 62736
6181 62695
6182 62909
6183 62585
6184 62918
6185 63031
6186 62973
6187 63086
6188 63072
6189 62702
6190 62702
6191 62317
6192 62915
6193 62300
6194 62710
6195 62460
6196 62574
6197 62607
6198 62905
6199 62627
6200 62329
6201 62753
6202 62411
6203 62119
6204 62552
6205 62311
6206 62801
6207 61860
6208 61999
6209 62124
6210 62051
6211 62075
6212 62640
6213 62735
6214 61881
6215 62447
6216 62000
6217 62160
6218 61976
6219 62339
6220 62287
6221 62138
6222 61847
6223 61603
6224 62062
6225 61964
6226 61949
6227 61398
6228 61752
6229 61871
6230 61642
6231 61502
6232 61639
6233 61693
6234 61668
6235 61566
6236 61900
6237 61556
6238 61846
6239 62450
6240 61466
6241 61469
6242 62077
6243 61854
6244 62387
6245 61695
6246 61905
6247 61471
6248 62259
6249 61959
6250 62000
6251 61923
6252 61846
6253 62094
6254 61956
6255 62475
6256 62351
6257 61938
6258 62317
6259 62089
6260 62465
6261 62269
6262 62320
6263 62467
6264 62625
6265 62585
6266 62184
6267 62489
6268 62665
6269 62572
6270 62237
6271 62722
6272 62431
6273 62659
6274 63247
6275 62500
6276 62747
6277 62786
6278 62786
6279 62840
6280 62397
6281 62814
6282 62762
6283 63177
6284 63055
6285 63376
6286 62846
6287 62939
6288 62635
6289 62843
6290 62876
6291 62535
6292 62481
6293 62881
6294 62547
6295 62707
6296 62843
6297 62505
6298 62672
6299 62576
6300 62593
6301 62161
6302 62378
6303 62407
6304 62442
6305 62010
6306 62526
6307 62643
6308 62476
6309 62185
6310 62364
6311 62761
6312 62396
6313 62119
6314 62439
6315 62347
6316 61849
6317 61674
6318 61804
6319 62137
6320 62165
6321 62039
6322 61870
6323 61943
6324 61874
6325 61752
6326 61807
6327 61449
6328 61740
6329 61943
6330 61519
6331 61427
6332 61764
6333 61192
6334 61822
6335 61339
6336 61915
6337 61765
6338 61383
6339 61615
6340 61844
6341 61825
6342 62095
6343 61687
6344 62014
6345 62263
6346 62128
6347 61523
6348 62363
6349 62042
6350 61914
6351 61829
6352 62306
6353 62126
6354 62127
6355 61809
6356 61978
6357 62004
6358 62210
6359 62233
6360 62114
6361 62319
6362 62445
6363 62547
6364 62161
6365 62293
6366 62159
6367 62443
6368 62602
6369 62370
6370 62249
6371 62488
6372 62628
6373 62714
6374 62524
6375 62695
6376 62542
6377 62651
6378 62699
6379 63114
6380 63077
6381 63115
6382 62865
6383 62860
6384 62910
6385 62843
6386 62790
6387 62802
6388 62544
6389 62496
6390 62293
6391 62544
6392 62375
6393 62758
6394 62309
6395 62834
6396 62782
6397 62609
6398 62571
6399 62238
6400 62555
6401 62174
6402 62046
6403 62340
6404 62316
6405 62237
6406 62254
6407 62583
6408 61403
6409 62421
6410 62031
6411 61871
6412 62048
6413 62153
6414 62077
6415 61919
6416 61860
6417 62087
6418 61945
6419 62012
6420 62088
6421 62161
6422 61648
6423 62028
6424 62320
6425 61890
6426 61870
6427 61867
6428 61392
6429 61905
6430 61257
6431 61630
6432 61145
6433 61495
6434 61670
6435 61617
6436 61246
6437 61741
6438 61518
6439 61519
6440 61925
6441 61556
6442 61399
6443 61567
6444 61672
6445 61523
6446 61647
6447 61799
6448 61606
6449 61947
6450 62235
6451 61659
6452 62102
6453 61863
6454 62373
6455 61899
6456 62005
6457 62176
6458 61934
6459 62271
6460 61743
6461 62458
6462 62006
6463 62020
6464 62168
6465 62310
6466 62423
6467 62577
6468 62367
6469 62719
6470 62442
6471 62193
6472 62377
6473 62343
6474 62869
6475 62746
6476 62521
6477 62633
6478 63121
6479 62855
6480 62950
6481 62819
6482 62656
6483 63000
6484 62933
6485 62827
6486 63013
6487 62801
6488 62713
6489 62696
6490 62609
6491 62795
6492 62507
6493 62618
6494 62530
6495 62894
6496 62680
6497 62460
6498 62650
6499 62296
6500 62529
6501 62737
6502 62703
6503 62177
6504 62271
6505 62323
6506 62112
6507 62209
6508 62061
6509 62290
6510 62129
6511 61866
6512 62231
6513 61645
6514 61694
6515 62263
6516 62138
6517 61852
6518 61787
6519 61863
6520 61737
6521 62303
6522 61704
6523 61413
6524 61958
6525 61329
6526 61964
6527 61825
6528 61558
6529 61837
6530 61713
6531 61940
6532 61469
6533 61295
6534 61312
6535 61578
6536 61740
6537 61612
6538 61446
6539 61560
6540 62053
6541 61710
6542 61815
6543 61494
6544 61673
6545 61452
6546 61725
6547 62446
6548 62075
6549 61689
6550 61949
6551 62280
6552 62672
6553 62364
6554 62564
6555 62212
6556 62052
6557 62340
6558 62090
6559 62272
6560 62441
6561 62221
6562 62037
6563 62211
6564 62609
6565 62538
6566 62117
6567 62772
6568 62981
6569 62622
6570 62397
6571 62841
6572 62448
6573 62534
6574 62834
6575 62869
6576 62676
6577 62709
6578 62433
6579 62530
6580 62734
6581 63451
6582 63114
6583 62937
6584 63105
6585 63099
6586 62823
6587 62763
6588 62708
6589 62884
6590 62828
6591 62258
6592 62594
6593 62579
6594 62620
6595 62881
6596 62602
6597 62552
6598 62544
6599 62401
6600 62514
6601 62722
6602 62350
6603 62420
6604 61905
6605 62428
6606 62269
6607 62663
6608 62256
6609 62244
6610 62251
6611 62146
6612 62335
6613 62412
6614 61652
6615 62131
6616 61974
6617 62310
6618 62146
6619 61559
6620 62220
6621 62212
6622 61714
6623 61932
6624 61768
6625 61729
6626 61685
6627 61281
6628 61482
6629 61401
6630 61537
6631 61822
6632 61656
6633 61328
6634 61837
6635 61621
6636 61962
6637 61410
6638 61467
6639 61680
6640 61729
6641 62266
6642 61897
6643 61928
6644 61196
6645 61653
6646 61744
6647 61617
6648 62169
6649 62054
6650 61697
6651 61866
6652 62177
6653 62091
6654 61954
6655 62083
6656 62359
6657 61885
6658 62286
6659 62381
6660 62016
6661 62746
6662 62173
6663 62311
6664 62222
6665 62243
6666 62176
6667 62539
6668 62686
6669 62505
6670 62748
6671 62485
6672 62604
6673 62573
6674 62485
6675 62658
6676 62651
6677 62925
6678 62844
6679 62800
6680 62622
6681 62849
6682 62827
6683 62923
6684 62753
6685 62671
6686 62832
6687 63163
6688 62871
6689 62633
6690 62684
6691 62845
6692 62742
6693 62479
6694 62619
6695 62630
6696 62432
6697 62382
6698 62804
6699 62654
6700 62267
6701 62136
6702 62318
6703 62454
6704 61914
6705 62300
6706 62017
6707 62290
6708 62135
6709 61387
6710 62249
6711 62040
6712 61745
6713 62084
6714 62171
6715 61851
6716 61894
6717 61960
6718 62193
6719 61370
6720 61973
6721 61687
6722 61622
6723 61616
6724 61562
6725 61739
6726 61618
6727 61133
6728 61391
6729 61524
6730 61434
6731 60985
6732 61519
6733 61431
6734 61646
6735 61192
6736 61876
6737 61009
6738 61923
6739 61806
6740 61761
6741 61823
6742 61920
6743 61547
6744 61887
6745 61830
6746 61795
6747 61780
6748 61710
6749 61906
6750 61695
6751 61956
6752 61822
6753 61578
6754 61933
6755 61759
6756 61926
6757 61967
6758 62201
6759 62294
6760 62112
6761 62150
6762 62546
6763 62283
6764 62152
6765 62013
6766 62341
6767 62441
6768 62331
6769 62244
6770 62414
6771 61980
6772 62420
6773 62519
6774 61868
6775 62707
6776 62508
6777 62489
6778 62641
6779 62702
6780 62850
6781 62846
6782 62670
6783 63053
6784 62871
6785 63008
6786 62842
6787 62535
6788 62755
6789 62566
6790 62752
6791 62582
6792 62986
6793 62251
6794 62597
6795 62688
6796 62133
6797 62338
6798 62428
6799 61869
6800 62031
6801 62317
6802 62450
6803 61823
6804 62103
6805 62046
6806 62080
6807 62568
6808 61946
6809 62298
6810 62404
6811 62270
6812 62250
6813 62181
6814 62228
6815 61762
6816 61709
6817 62531
6818 61597
6819 62394
6820 62175
6821 61776
6822 61847
6823 61587
6824 61540
6825 62323
6826 61596
6827 61607
6828 61179
6829 61176
6830 61687
6831 61486
6832 61814
6833 61342
6834 61809
6835 61384
6836 61565
6837 61567
6838 61628
6839 61387
6840 61568
6841 61671
6842 61726
6843 62020
6844 61968
6845 61492
6846 61887
6847 61791
6848 62063
6849 61897
6850 61848
6851 61881
6852 61728
6853 61761
6854 62210
6855 61553
6856 62129
6857 62038
6858 62055
6859 61880
6860 61992
6861 61814
6862 62235
6863 62243
6864 62273
6865 62153
6866 62303
6867 62621
6868 62313
6869 62303
6870 62291
6871 62422
6872 62926
6873 62906
6874 62420
6875 62706
6876 62291
6877 62528
6878 62846
6879 62632
6880 62933
6881 62747
6882 62881
6883 62752
6884 62901
6885 62749
6886 62647
6887 62983
6888 62726
6889 62883
6890 62916
6891 62608
6892 62766
6893 62646
6894 62857
6895 62802
6896 62378
6897 62990
6898 62476
6899 62359
6900 62531
6901 62762
6902 62184
6903 62360
6904 62377
6905 62204
6906 62588
6907 61814
6908 62244
6909 61957
6910 62107
6911 62550
6912 61827
6913 62058
6914 62078
6915 62118
6916 62133
6917 62018
6918 62003
6919 61705
6920 62343
6921 61977
6922 61865
6923 61753
6924 61951
6925 61661
6926 61567
6927 61991
6928 61673
6929 61251
6930 62177
6931 61819
6932 62083
6933 61749
6934 61651
6935 61749
6936 62101
6937 61948
6938 61521
6939 62031
6940 61624
6941 61645
6942 61763
6943 62016
6944 61665
6945 61730
6946 62093
6947 62048
6948 61816
6949 62032
6950 62143
6951 61690
6952 61922
6953 62023
6954 62029
6955 61832
6956 62348
6957 62179
6958 61978
6959 62341
6960 62399
6961 62528
6962 62018
6963 62010
6964 62324
6965 62563
6966 62554
6967 62838
6968 62853
6969 62464
6970 62364
6971 62266
6972 62682
6973 62268
6974 62606
6975 62425
6976 62647
6977 62583
6978 62194
6979 62867
6980 62583
6981 62423
6982 62868
6983 62873
6984 63116
6985 62812
6986 62886
6987 62594
6988 63024
6989 62401
6990 62799
6991 63024
6992 63112
6993 62371
6994 62579
6995 62751
6996 62574
6997 62426
6998 62658
6999 62460
7000 62446
7001 62748
7002 62102
7003 62548
7004 62423
7005 62461
7006 62002
7007 62348
7008 62431
7009 61891
7010 62186
7011 62063
7012 62200
7013 62163
7014 61928
7015 62322
7016 62236
7017 62320
7018 62143
7019 62336
7020 62230
7021 61919
7022 61969
7023 61949
7024 61362
7025 61849
7026 62089
7027 61554
7028 61695
7029 61813
7030 61818
7031 61709
7032 61476
7033 61683
7034 61612
7035 61746
7036 61913
7037 61850
7038 62118
7039 61680
7040 61653
7041 61439
7042 61978
7043 62052
7044 61950
7045 61966
7046 62031
7047 62352
7048 61888
7049 61821
7050 61989
7051 62144
7052 62124
7053 61885
7054 62039
7055 61977
7056 62128
7057 62285
7058 62350
7059 61987
7060 62575
7061 62191
7062 62119
7063 62358
7064 62335
7065 62209
7066 62238
7067 62533
7068 62534
7069 63005
7070 62428
7071 62188
7072 62665
7073 62741
7074 62806
7075 63102
7076 62390
7077 63003
7078 62620
7079 63259
7080 62407
7081 62967
7082 62795
7083 62642
7084 62833
7085 62661
7086 62820
7087 62436
7088 62858
7089 63066
7090 62677
7091 62554
7092 62793
7093 62607
7094 62850
7095 62686
7096 62777
7097 62786
7098 62274
7099 62341
7100 62357
7101 62862
7102 62494
7103 62179
7104 62401
7105 62361
7106 62084
7107 62268
7108 62242
7109 62186
7110 62463
7111 61998
7112 61604
7113 62043
7114 62210
7115 62137
7116 62185
7117 62089
7118 62163
7119 62131
7120 62310
7121 61990
7122 61888
7123 61437
7124 61962
7125 61538
7126 61583
7127 61904
7128 61804
7129 61394
7130 62155
7131 61877
7132 61145
7133 61491
7134 61671
7135 61354
7136 61993
7137 61821
7138 61828
7139 61713
7140 61851
7141 61832
7142 61480
7143 61742
7144 61759
7145 61754
7146 61992
7147 61418
7148 62348
7149 62070
7150 61845
7151 62207
7152 62776
7153 62119
7154 62106
7155 61955
7156 62076
7157 62249
7158 62117
7159 62073
7160 62517
7161 62121
7162 62359
7163 62563
7164 62408
7165 62132
7166 62492
7167 62244
7168 62759
7169 62454
7170 62709
7171 62601
7172 62754
7173 62690
7174 62396
7175 62505
7176 62882
7177 62622
7178 62746
7179 62752
7180 63000
7181 62849
7182 63015
7183 63558
7184 62602
7185 62586
7186 63211
7187 62587
7188 62278
7189 63061
7190 62763
7191 62609
7192 62591
7193 63089
7194 62846
7195 62562
7196 62713
7197 62922
7198 62379
7199 62440
7200 62536
7201 61977
7202 62583
7203 62481
7204 62756
7205 62346
7206 62302
7207 62459
7208 61731
7209 62203
7210 62113
7211 61934
7212 62259
7213 62270
7214 62285
7215 62241
7216 62316
7217 62347
7218 61934
7219 62004
7220 61799
7221 61775
7222 62019
7223 61885
7224 61951
7225 61594
7226 62036
7227 62277
7228 61483
7229 62137
7230 61482
7231 61929
7232 61331
7233 61530
7234 61701
7235 61958
7236 61571
7237 61185
7238 61841
7239 61542
7240 62066
7241 61435
7242 62324
7243 61868
7244 62019
7245 62068
7246 61846
7247 62045
7248 61886
7249 61856
7250 61850
7251 62137
7252 61849
7253 62391
7254 62398
7255 61908
7256 62464
7257 62486
7258 62021
7259 62239
7260 62376
7261 62323
7262 62240
7263 62366
7264 62217
7265 62408
7266 63006
7267 62675
7268 62458
7269 62689
7270 62418
7271 62498
7272 62697
7273 62631
7274 62452
7275 62279
7276 63072
7277 62715
7278 62550
7279 62870
7280 62672
7281 63312
7282 62763
7283 62693
7284 63328
7285 62598
7286 62919
7287 62689
7288 62990
7289 62769
7290 62675
7291 62782
7292 62844
7293 62578
7294 62967
7295 62742
7296 62600
7297 62540
7298 62476
7299 62519
7300 62524
7301 62576
7302 62813
7303 62395
7304 62171
7305 62269
7306 62705
7307 62388
7308 62303
7309 61954
7310 62365
7311 62265
7312 62454
7313 62433
7314 62270
7315 61626
7316 62715
7317 62140
7318 61975
7319 61814
7320 61816
7321 62155
7322 61841
7323 61803
7324 61797
7325 61989
7326 61685
7327 61789
7328 62119
7329 61931
7330 61522
7331 61538
7332 61301
7333 61663
7334 61743
7335 61592
7336 62137
7337 61646
7338 61536
7339 61957
7340 61756
7341 61911
7342 61448
7343 61865
7344 62009
7345 62214
7346 62061
7347 61752
7348 61811
7349 62218
7350 61712
7351 62493
7352 62446
7353 61857
7354 62089
7355 62277
7356 62182
7357 61926
7358 62638
7359 62236
7360 62320
7361 62218
7362 62124
7363 61963
7364 62397
7365 62253
7366 62829
7367 62680
7368 62488
7369 62272
7370 62505
7371 62631
7372 62447
7373 62975
7374 62674
7375 62732
7376 62305
7377 62442
7378 62836
7379 62500
7380 62296
7381 62874
7382 62649
7383 62930
7384 62429
7385 62980
7386 62655
7387 62318
7388 62802
7389 62319
7390 62863
7391 62734
7392 62184
7393 62294
7394 62842
7395 62367
7396 62594
7397 62504
7398 62673
7399 62684
7400 62500
7401 62331
7402 62691
7403 62064
7404 62424
7405 62438
7406 62494
7407 62088
7408 61582
7409 62282
7410 62074
7411 62382
7412 62142
7413 62133
7414 62230
7415 62143
7416 62178
7417 61850
7418 62174
7419 61952
7420 61201
7421 61744
7422 61864
7423 61838
7424 61591
7425 61964
7426 61951
7427 61567
7428 61874
7429 61261
7430 61942
7431 61294
7432 61524
7433 61451
7434 61961
7435 61438
7436 61254
7437 61558
7438 61454
7439 61615
7440 61463
7441 61502
7442 61371
7443 61824
7444 61519
7445 61548
7446 61546
7447 61868
7448 61508
7449 61962
7450 61769
7451 62559
7452 61820
7453 62169
7454 62226
7455 61512
7456 61991
7457 61820
7458 62176
7459 62097
7460 62144
7461 62239
7462 62331
7463 62404
7464 62159
7465 62216
7466 62344
7467 62169
7468 62381
7469 62429
7470 62302
7471 62239
7472 62188
7473 62307
7474 62815
7475 62690
7476 62637
7477 62664
7478 62769
7479 62687
7480 62902
7481 62213
7482 62682
7483 62671
7484 62571
7485 62334
7486 62748
7487 62595
7488 62695
7489 62644
7490 62493
7491 62508
7492 62247
7493 63077
7494 62425
7495 62423
7496 62535
7497 62190
7498 62487
7499 62438
7500 62464
7501 62638
7502 62142
7503 62130
7504 62021
7505 62141
7506 62090
7507 62393
7508 62231
7509 62446
7510 62675
7511 62037
7512 62045
7513 62007
7514 61918
7515 61989
7516 62074
7517 61838
7518 62115
7519 61542
7520 61875
7521 61739
7522 61820
7523 61630
7524 61579
7525 61641
7526 61517
7527 61459
7528 61804
7529 61726
7530 61469
7531 61869
7532 61643
7533 61189
7534 61475
7535 61059
7536 61536
7537 61839
7538 61549
7539 61644
7540 61397
7541 61420
7542 61447
7543 61031
7544 61802
7545 61630
7546 62032
7547 61574
7548 61940
7549 61728
7550 61769
7551 61547
7552 61757
7553 62031
7554 61958
7555 61966
7556 61711
7557 62367
7558 61788
7559 62032
7560 61908
7561 62412
7562 62026
7563 62202
7564 62317
7565 62120
7566 62524
7567 62676
7568 62757
7569 62645
7570 62320
7571 62660
7572 62714
7573 62836
7574 62624
7575 62555
7576 63212
7577 62863
7578 62384
7579 62595
7580 62871
7581 62860
7582 62554
7583 62411
7584 62889
7585 62609
7586 62879
7587 62680
7588 62559
7589 62797
7590 62400
7591 62647
7592 62878
7593 62616
7594 63340
7595 62981
7596 62296
7597 62373
7598 62319
7599 61949
7600 62358
7601 62064
7602 62412
7603 62181
7604 62354
7605 62123
7606 62400
7607 61987
7608 62033
7609 61988
7610 61852
7611 62022
7612 62272
7613 61676
7614 62165
7615 62084
7616 61678
7617 62035
7618 61825
7619 61834
7620 61511
7621 61408
7622 61702
7623 61585
7624 61610
7625 61229
7626 61617
7627 61549
7628 61420
7629 61214
7630 61476
7631 61123
7632 61330
7633 61668
7634 61020
7635 61341
7636 61298
7637 61143
7638 61267
7639 61355
7640 61680
7641 61558
7642 61922
7643 61458
7644 61851
7645 61173
7646 61671
7647 61858
7648 61998
7649 61627
7650 61769
7651 62030
7652 62327
7653 62151
7654 62210
7655 61951
7656 62060
7657 62146
7658 62176
7659 62016
7660 62446
7661 61891
7662 61740
7663 62230
7664 62704
7665 62329
7666 62158
7667 62159
7668 62214
7669 62500
7670 62384
7671 62125
7672 62361
7673 62766
7674 62788
7675 62572
7676 62842
7677 62727
7678 62358
7679 62892
7680 62396
7681 63015
7682 62485
7683 62774
7684 62913
7685 62532
7686 62437
7687 62950
7688 62580
7689 62597
7690 62426
7691 62550
7692 62364
7693 62923
7694 62401
7695 62588
7696 62323
7697 62360
7698 62802
7699 62318
7700 62202
7701 62001
7702 61006
7703 60957
7704 60952
7705 60922
7706 60757
7707 60429
7708 60581
7709 60274
7710 60707
7711 61030
7712 60354
7713 60578
7714 60389
7715 60499
7716 60362
7717 60191
7718 60160
7719 60585
7720 60038
7721 60443
7722 60329
7723 60229
7724 60191
7725 60389
7726 60518
7727 59946
7728 60551
7729 59958
7730 59926
7731 60397
7732 59860
7733 60300
7734 60179
7735 59744
7736 60214
7737 60139
7738 60152
7739 59952
7740 60334
7741 60537
7742 60559
7743 60290
7744 60172
7745 60927
7746 60625
7747 60497
7748 60303
7749 60604
7750 60346
7751 60423
7752 60447
7753 60583
7754 60420
7755 60604
7756 60937
7757 60683
7758 60511
7759 60588
7760 60477
7761 60764
7762 61220
7763 61024
7764 60619
7765 61299
7766 60813
7767 60575
7768 61125
7769 61048
7770 61126
7771 61022
7772 60703
7773 61207
7774 61599
7775 61198
7776 61174
7777 61238
7778 61335
7779 61481
7780 61377
7781 61245
7782 61481
7783 61568
7784 61023
7785 61521
7786 61402
7787 61252
7788 61579
7789 61677
7790 62272
7791 62287
7792 61870
7793 62243
7794 62160
7795 62318
7796 61788
7797 61790
7798 62127
7799 62249
7800 62015
7801 62078
7802 62090
7803 61783
7804 62031
7805 62104
7806 61797
7807 61687
7808 61898
7809 61785
7810 61868
7811 61803
7812 61720
7813 61846
7814 61185
7815 61984
7816 61670
7817 61723
7818 62031
7819 61761
7820 61050
7821 61741
7822 61934
7823 61558
7824 61650
7825 61849
7826 61535
7827 61668
7828 61735
7829 61452
7830 61324
7831 61545
7832 61960
7833 61421
7834 61272
7835 61582
7836 61291
7837 61396
7838 61390
7839 61349
7840 61140
7841 61253
7842 61463
7843 61936
7844 61767
7845 61733
7846 61978
7847 61377
7848 61674
7849 61919
7850 61751
7851 61729
7852 61695
7853 61511
7854 61885
7855 61998
7856 61623
7857 62267
7858 61964
7859 62075
7860 62225
7861 61711
7862 61887
7863 61914
7864 61814
7865 62655
7866 61872
7867 61998
7868 62442
7869 61962
7870 61822
7871 62077
7872 62262
7873 62269
7874 62250
7875 62274
7876 62349
7877 62503
7878 62259
7879 62344
7880 62477
7881 62239
7882 62469
7883 63332
7884 62432
7885 62906
7886 62807
7887 62592
7888 62282
7889 62276
7890 62415
7891 62381
7892 62449
7893 62648
7894 62092
7895 62269
7896 62806
7897 62504
7898 62126
7899 62579
7900 61900
7901 62214
7902 62474
7903 62196
7904 62196
7905 62135
7906 62345
7907 62048
7908 61954
7909 61941
7910 62409
7911 62278
7912 62117
7913 61826
7914 62222
7915 61787
7916 62376
7917 62133
7918 61955
7919 61744
7920 62022
7921 61335
7922 61475
7923 62451
7924 61936
7925 61505
7926 61441
7927 62043
7928 61488
7929 61815
7930 61666
7931 61586
7932 61641
7933 61577
7934 61354
7935 61515
7936 61663
7937 61980
7938 61645
7939 61443
7940 61537
7941 61559
7942 61781
7943 62111
7944 61426
7945 61728
7946 62298
7947 62033
7948 61652
7949 61268
7950 61467
7951 61758
7952 62058
7953 61996
7954 61407
7955 62038
7956 62071
7957 62042
7958 62116
7959 62010
7960 61393
7961 61039
7962 61134
7963 61177
7964 61486
7965 61255
7966 61205
7967 61383
7968 61245
7969 61743
7970 61341
7971 61463
7972 61176
7973 61522
7974 61543
7975 61570
7976 61453
7977 61647
7978 61512
7979 61758
7980 61713
7981 61750
7982 61560
7983 61617
7984 62165
7985 61377
7986 61419
7987 61093
7988 61543
7989 61657
7990 61624
7991 61310
7992 61953
7993 61612
7994 61255
7995 61596
7996 61442
7997 61306
7998 61047
7999 61048
8000 61200
8001 61119
8002 61361
8003 61321
8004 61577
8005 61115
8006 61100
8007 61152
8008 61091
8009 60729
8010 61566
8011 60815
8012 61034
8013 61491
8014 61031
8015 60785
8016 61118
8017 61101
8018 60909
8019 60780
8020 60668
8021 60894
8022 60976
8023 60842
8024 61162
8025 60872
8026 61154
8027 60798
8028 60622
8029 60679
8030 60804
8031 60905
8032 60357
8033 60541
8034 60490
8035 60413
8036 60701
8037 60906
8038 60809
8039 60755
8040 60702
8041 60836
8042 61319
8043 60569
8044 61132
8045 60789
8046 60875
8047 60578
8048 60909
8049 60891
8050 61049
8051 60991
8052 61384
8053 61116
8054 61118
8055 61008
8056 61150
8057 61318
8058 61603
8059 61003
8060 61034
8061 61425
8062 61110
8063 61204
8064 61322
8065 61156
8066 61698
8067 61214
8068 61138
8069 61336
8070 62099
8071 62297
8072 61737
8073 61653
8074 61674
8075 61234
8076 61994
8077 61744
8078 61857
8079 61928
8080 61765
8081 61654
8082 61946
8083 61784
8084 61642
8085 61722
8086 61795
8087 61780
8088 61901
8089 61579
8090 61597
8091 61660
8092 61778
8093 61733
8094 61527
8095 61500
8096 61991
8097 61562
8098 61730
8099 61571
8100 61718
8101 61588
8102 61605
8103 61428
8104 61610
8105 61646
8106 61826
8107 61240
8108 61800
8109 61375
8110 60966
8111 61398
8112 61624
8113 61089
8114 61190
8115 61244
8116 61375
8117 61198
8118 61144
8119 61109
8120 61266
8121 60882
8122 60831
8123 60767
8124 61171
8125 60992
8126 61039
8127 61071
8128 60765
8129 60885
8130 60770
8131 60960
8132 60810
8133 60656
8134 60591
8135 60492
8136 60883
8137 60653
8138 60633
8139 61000
8140 60815
8141 60769
8142 61293
8143 60831
8144 60855
8145 61109
8146 60882
8147 61015
8148 61416
8149 60767
8150 61248
8151 60949
8152 61201
8153 61566
8154 61016
8155 61009
8156 61478
8157 60937
8158 61010
8159 61351
8160 61612
8161 61269
8162 61798
8163 61596
8164 61837
8165 61189
8166 61158
8167 61545
8168 61368
8169 62034
8170 61474
8171 61703
8172 61421
8173 61725
8174 61790
8175 61716
8176 61949
8177 61525
8178 61614
8179 61652
8180 62330
8181 61781
8182 61574
8183 61701
8184 62148
8185 62229
8186 62181
8187 61673
8188 61630
8189 62173
8190 61725
8191 61903
8192 61649
8193 61725
8194 61629
8195 61929
8196 61508
8197 61773
8198 61705
8199 61490
8200 61593
8201 61606
8202 61510
8203 61469
8204 61396
8205 61299
8206 61486
8207 61531
8208 62111
8209 61020
8210 61368
8211 61276
8212 61204
8213 61638
8214 61151
8215 61436
8216 60996
8217 60895
8218 61569
8219 61123
8220 61047
8221 60919
8222 60840
8223 61092
8224 60942
8225 61188
8226 60857
8227 61347
8228 60639
8229 61122
8230 61285
8231 60791
8232 60882
8233 60684
8234 61136
8235 60620
8236 60682
8237 60575
8238 60805
8239 61011
8240 60995
8241 61076
8242 61006
8243 60683
8244 61181
8245 61171
8246 61113
8247 61175
8248 61319
8249 61407
8250 61378
8251 61317
8252 61177
8253 60905
8254 61333
8255 61022
8256 60902
8257 61457
8258 61474
8259 61354
8260 61238
8261 61778
8262 61512
8263 61257
8264 61408
8265 61771
8266 61697
8267 61652
8268 61739
8269 61602
8270 61540
8271 61325
8272 61585
8273 62177
8274 61608
8275 61578
8276 61997
8277 61837
8278 61675
8279 61471
8280 61256
8281 61908
8282 61701
8283 62014
8284 61757
8285 62261
8286 62193
8287 62136
8288 62014
8289 61632
8290 61676
8291 61831
8292 62224
8293 61563
8294 61934
8295 61982
8296 61742
8297 61468
8298 61616
8299 61206
8300 61761
8301 61920
8302 61617
8303 61732
8304 61920
8305 62031
8306 61557
8307 61567
8308 61291
8309 61322
8310 61692
8311 61353
8312 61579
8313 61640
8314 61271
8315 61273
8316 61044
8317 61396
8318 61576
8319 61350
8320 61223
8321 61213
8322 61597
8323 61509
8324 61737
8325 61230
8326 61083
8327 61396
8328 61109
8329 61066
8330 61089
8331 61095
8332 61227
8333 60855
8334 61007
8335 61581
8336 61065
8337 61370
8338 61121
8339 61618
8340 61336
8341 61441
8342 61713
8343 61268
8344 61536
8345 61799
8346 61431
8347 61720
8348 61599
8349 61768
8350 61679
8351 61513
8352 61859
8353 61572
8354 61507
8355 61289
8356 61244
8357 61422
8358 61620
8359 61738
8360 61835
8361 61930
8362 61663
8363 61761
8364 61917
8365 61981
8366 62060
8367 61955
8368 61137
8369 62131
8370 61983
8371 61935
8372 62061
8373 62028
8374 61598
8375 61997
8376 62026
8377 62033
8378 61770
8379 61718
8380 62309
8381 62064
8382 62536
8383 62561
8384 62356
8385 62088
8386 62141
8387 61855
8388 62516
8389 62420
8390 63094
8391 63291
8392 63099
8393 62997
8394 63117
8395 63158
8396 63323
8397 63043
8398 62893
8399 63062
8400 63114
8401 62895
8402 62979
8403 62830
8404 63090
8405 63081
8406 62592
8407 62853
8408 63011
8409 62863
8410 62976
8411 62945
8412 62933
8413 62818
8414 62532
8415 62597
8416 62836
8417 62789
8418 62932
8419 62819
8420 62879
8421 62966
8422 62686
8423 62981
8424 62924
8425 62915
8426 62688
8427 62726
8428 63163
8429 62558
8430 62738
8431 62689
8432 62735
8433 61905
8434 62648
8435 63099
8436 63175
8437 62543
8438 62434
8439 62460
8440 62829
8441 62778
8442 62794
8443 62746
8444 62844
8445 62732
8446 62721
8447 62833
8448 63134
8449 62904
8450 62690
8451 63413
8452 62738
8453 63232
8454 63155
8455 62954
8456 63321
8457 63445
8458 63209
8459 63329
8460 63168
8461 62818
8462 63619
8463 63214
8464 63151
8465 63406
8466 63309
8467 63359
8468 63438
8469 63497
8470 63613
8471 63678
8472 63369
8473 63868
8474 63467
8475 63838
8476 63578
8477 63232
8478 63817
8479 63688
8480 63484
8481 63662
8482 63608
8483 63843
8484 63459
8485 63765
8486 63710
8487 63671
8488 63657
8489 63037
8490 63173
8491 63568
8492 63394
8493 63478
8494 63508
8495 62710
8496 63259
8497 63422
8498 63181
8499 63117
8500 63405
8501 63372
8502 63550
8503 63158
8504 63112
8505 62865
8506 63049
8507 62839
8508 63120
8509 63239
8510 62687
8511 63056
8512 63104
8513 62796
8514 62909
8515 62884
8516 62709
8517 62986
8518 62968
8519 62771
8520 62884
8521 62869
8522 63140
8523 62455
8524 62937
8525 62748
8526 62894
8527 62766
8528 62619
8529 62760
8530 62955
8531 62935
8532 63029
8533 62421
8534 62683
8535 62270
8536 62954
8537 62579
8538 63004
8539 62833
8540 63040
8541 62379
8542 62608
8543 62284
8544 62978
8545 62535
8546 62342
8547 62853
8548 62930
8549 62814
8550 62731
8551 62411
8552 62843
8553 62778
8554 63220
8555 63335
8556 63184
8557 62723
8558 63169
8559 62958
8560 63187
8561 63429
8562 63181
8563 63447
8564 63365
8565 63307
8566 63340
8567 63205
8568 63103
8569 63334
8570 63586
8571 63340
8572 63669
8573 63618
8574 63345
8575 62875
8576 63044
8577 63386
8578 63268
8579 63494
8580 63610
8581 63281
8582 63585
8583 63766
8584 63539
8585 63759
8586 63968
8587 63368
8588 63674
8589 63158
8590 63592
8591 63756
8592 63727
8593 63055
8594 63266
8595 63503
8596 63528
8597 63465
8598 63637
8599 63757
8600 63070
8601 63365
8602 63601
8603 63327
8604 63154
8605 63591
8606 62965
8607 63120
8608 63566
8609 63175
8610 63076
8611 63498
8612 63602
8613 63337
8614 63638
8615 63191
8616 63231
8617 63369
8618 63387
8619 63378
8620 63260
8621 63259
8622 63055
8623 63479
8624 63279
8625 63317
8626 63493
8627 63303
8628 63236
8629 62941
8630 63125
8631 63092
8632 63194
8633 62966
8634 63281
8635 63466
8636 63334
8637 63191
8638 63084
8639 63069
8640 63213
8641 63191
8642 63454
8643 63742
8644 63139
8645 63221
8646 63300
8647 64199
8648 63647
8649 63458
8650 63566
8651 63522
8652 63702
8653 63921
8654 63747
8655 63980
8656 63546
8657 63500
8658 63789
8659 63756
8660 63931
8661 63894
8662 63562
8663 63783
8664 64059
8665 63884
8666 63774
8667 63694
8668 64088
8669 63964
8670 64231
8671 64275
8672 63788
8673 63963
8674 63920
8675 64430
8676 63942
8677 64113
8678 64164
8679 63732
8680 64024
8681 64352
8682 64176
8683 64467
8684 64235
8685 64133
8686 64388
8687 64044
8688 64239
8689 64263
8690 64161
8691 64180
8692 64361
8693 63900
8694 64056
8695 64124
8696 64079
8697 64156
8698 64145
8699 64234
8700 63996
8701 64377
8702 64119
8703 63777
8704 63820
8705 64221
8706 64040
8707 64249
8708 63994
8709 64361
8710 64615
8711 64312
8712 64430
8713 63995
8714 64165
8715 64464
8716 64677
8717 64260
8718 64056
8719 64423
8720 63835
8721 64220
8722 64339
8723 63829
8724 64099
8725 64136
8726 63894
8727 64163
8728 64048
8729 64299
8730 63709
8731 64137
8732 63821
8733 63709
8734 63860
8735 64073
8736 63998
8737 63838
8738 64204
8739 64750
8740 64270
8741 63992
8742 64025
8743 63812
8744 63971
8745 63918
8746 64060
8747 64247
8748 64041
8749 63938
8750 63908
8751 64492
8752 63968
8753 64128
8754 64124
8755 63915
8756 64693
8757 63927
8758 64272
8759 64328
8760 64372
8761 64549
8762 64091
8763 63902
8764 64434
8765 64376
8766 64303
8767 64328
8768 63989
8769 64301
8770 64520
8771 64277
8772 64213
8773 64006
8774 64409
8775 64916
8776 64932
8777 64864
8778 64189
8779 64768
8780 64571
8781 64075
8782 64818
8783 65101
8784 64403
8785 64331
8786 64694
8787 64497
8788 64340
8789 64089
8790 64481
8791 64477
8792 64596
8793 64562
8794 64449
8795 64684
8796 64070
8797 64534
8798 64373
8799 64599
8800 64725
8801 64413
8802 64036
8803 64669
8804 64348
