H11890
GateTime 10
GateNumber 0
SN 30430302
0 60503
1 60981
2 61217
3 60976
4 60781
5 61043
6 60746
7 61278
8 61060
9 60892
10 61124
11 61242
12 61037
13 61336
14 61509
15 61392
16 60948
17 61066
18 61785
19 61291
20 61457
21 61562
22 61669
23 61526
24 61714
25 62364
26 61860
27 61572
28 62256
29 62362
30 62193
31 62075
32 61965
33 62253
34 61852
35 62079
36 62012
37 62064
38 61974
39 61647
40 61708
41 62126
42 61474
43 61719
44 61344
45 61563
46 61413
47 61823
48 61173
49 61241
50 61304
51 61195
52 61243
53 61284
54 61271
55 61125
56 61174
57 61125
58 61369
59 61075
60 61290
61 61116
62 61684
63 61419
64 61662
65 61809
66 61694
67 62025
68 61868
69 62070
70 61891
71 62275
72 61786
73 61839
74 62235
75 61996
76 62251
77 62307
78 62363
79 62308
80 62337
81 62240
82 62148
83 62323
84 61798
85 61974
86 61617
87 61827
88 61660
89 61686
90 61674
91 61255
92 61439
93 61429
94 61203
95 61068
96 61234
97 61170
98 60964
99 60985
100 60964
101 61148
102 61009
103 61351
104 60768
105 61056
106 61161
107 60605
108 60849
109 61184
110 60551
111 61198
112 60981
113 60987
114 61239
115 61110
116 61063
117 61086
118 61717
119 61784
120 61486
121 61735
122 61842
123 61585
124 61472
125 61912
126 62080
127 61799
128 61925
129 62071
130 62094
131 62235
132 61961
133 62213
134 62289
135 62424
136 61987
137 62336
138 61486
139 61738
140 61953
141 61815
142 61379
143 61473
144 61508
145 61205
146 61187
147 61101
148 61063
149 61431
150 60887
151 60718
152 61203
153 60795
154 60647
155 60865
156 60898
157 61123
158 61167
159 60711
160 61135
161 61001
162 61378
163 61291
164 61521
165 61552
166 60953
167 61769
168 61825
169 61699
170 62079
171 61702
172 61620
173 62138
174 62034
175 62287
176 61991
177 61874
178 62487
179 62077
180 61958
181 61825
182 62141
183 62112
184 61790
185 61667
186 61652
187 61616
188 61626
189 61499
190 61538
191 61502
192 61396
193 61400
194 61126
195 61155
196 60771
197 61264
198 60575
199 60662
200 60818
201 60662
202 60913
203 60692
204 60482
205 60428
206 61123
207 60820
208 60893
209 61061
210 60934
211 61115
212 61220
213 61101
214 61006
215 61348
216 61417
217 61413
218 61497
219 61770
220 61246
221 61369
222 61772
223 61860
224 61748
225 61662
226 62069
227 62077
228 61598
229 61734
230 62555
231 62316
232 61659
233 62371
234 61953
235 62683
236 62340
237 61948
238 62250
239 61935
240 61246
241 61655
242 61494
243 61742
244 61353
245 61471
246 61476
247 60912
248 61716
249 61323
250 61559
251 61284
252 61006
253 60922
254 61331
255 60858
256 61293
257 61208
258 61041
259 61162
260 61028
261 61645
262 60944
263 61400
264 61231
265 61970
266 61416
267 61859
268 61432
269 61401
270 62098
271 61602
272 61768
273 62214
274 61942
275 62019
276 62263
277 62197
278 61965
279 62126
280 61951
281 61989
282 61860
283 61938
284 61767
285 61343
286 61658
287 61826
288 61498
289 61425
290 61803
291 61371
292 61530
293 61273
294 61152
295 61106
296 61553
297 61107
298 61464
299 60933
300 60754
301 60970
302 60986
303 61192
304 61098
305 60853
306 61037
307 61165
308 61066
309 61337
310 61249
311 61192
312 61329
313 60974
314 61025
315 61178
316 61451
317 61637
318 61544
319 61936
320 61965
321 61904
322 61962
323 61428
324 61766
325 61802
326 61883
327 62038
328 62165
329 62647
330 62629
331 62717
332 61989
333 62335
334 61983
335 61637
336 62278
337 61991
338 62183
339 62086
340 61618
341 61738
342 62165
343 61516
344 62002
345 61349
346 61692
347 61411
348 61057
349 61555
350 61074
351 61303
352 61257
353 61402
354 61141
355 61299
356 61379
357 61465
358 61413
359 61492
360 61578
361 61550
362 61441
363 61531
364 61594
365 61694
366 61624
367 61698
368 62066
369 61974
370 61976
371 62113
372 61956
373 62063
374 62044
375 62332
376 62304
377 62135
378 62495
379 62088
380 62191
381 62312
382 61992
383 61948
384 61941
385 62127
386 61861
387 62131
388 61863
389 62042
390 61425
391 61626
392 61478
393 61569
394 61547
395 61494
396 61229
397 61192
398 60974
399 61315
400 61485
401 60946
402 60531
403 60945
404 61226
405 60994
406 61215
407 60990
408 61167
409 61295
410 61240
411 61373
412 61209
413 61306
414 61868
415 61512
416 61316
417 61175
418 61794
419 61503
420 61979
421 61817
422 62054
423 61792
424 61896
425 62160
426 62069
427 61807
428 62097
429 62163
430 62736
431 62518
432 62607
433 62255
434 62320
435 62225
436 62503
437 61720
438 61917
439 62275
440 62069
441 61936
442 62015
443 62058
444 61439
445 61872
446 61694
447 61420
448 61583
449 61373
450 61240
451 61423
452 61617
453 61388
454 61539
455 61437
456 61307
457 61752
458 61463
459 61374
460 61586
461 61557
462 61640
463 61299
464 61601
465 61690
466 61848
467 61893
468 62529
469 61130
470 61666
471 62133
472 61928
473 61813
474 62190
475 61848
476 62330
477 62363
478 62162
479 61742
480 62803
481 61827
482 61953
483 62106
484 62122
485 61776
486 62152
487 61620
488 62084
489 62098
490 61491
491 62215
492 61936
493 61881
494 61516
495 61156
496 61451
497 61247
498 61468
499 61360
500 61701
501 61212
502 61113
503 61274
504 60757
505 61191
506 61609
507 61210
508 60995
509 61309
510 61363
511 61296
512 61623
513 61282
514 61213
515 61850
516 61872
517 61774
518 61580
519 61837
520 61723
521 61719
522 61968
523 62607
524 61981
525 61965
526 62330
527 62144
528 62008
529 62006
530 62264
531 62476
532 62163
533 62449
534 62326
535 62139
536 62398
537 62128
538 62414
539 62250
540 62355
541 61923
542 61795
543 61766
544 61807
545 62035
546 61665
547 61456
548 61889
549 61513
550 61678
551 61406
552 61632
553 61644
554 61494
555 61536
556 61580
557 61771
558 61571
559 61494
560 61441
561 61488
562 61624
563 61841
564 61446
565 62147
566 61804
567 61767
568 61812
569 62208
570 62310
571 62130
572 61942
573 62228
574 62569
575 62118
576 62310
577 62279
578 62652
579 62257
580 62549
581 62500
582 62014
583 62291
584 61782
585 61844
586 62058
587 61789
588 61805
589 61750
590 61696
591 61986
592 61457
593 61432
594 61434
595 61281
596 61541
597 61782
598 61250
599 61571
600 61396
601 61305
602 61144
603 61118
604 61237
605 61172
606 61001
607 61096
608 61521
609 61279
610 61494
611 61394
612 61352
613 61402
614 60956
615 61336
616 61614
617 61199
618 61232
619 61699
620 61692
621 61801
622 61273
623 62183
624 61698
625 61862
626 62426
627 62199
628 62011
629 61761
630 62390
631 62415
632 62466
633 62228
634 62152
635 62579
636 62377
637 61845
638 61801
639 61702
640 61761
641 61792
642 61803
643 61840
644 61373
645 61605
646 61556
647 61665
648 61939
649 61126
650 61619
651 61836
652 61575
653 61171
654 61200
655 61577
656 61583
657 61121
658 61222
659 61426
660 61621
661 61567
662 61761
663 61224
664 61422
665 61469
666 61845
667 61727
668 61681
669 61805
670 61966
671 61905
672 61799
673 61621
674 62052
675 61911
676 62448
677 61892
678 62073
679 61620
680 61547
681 61928
682 62152
683 61522
684 61952
685 61930
686 61413
687 61826
688 61976
689 61661
690 61786
691 61577
692 61328
693 61628
694 61455
695 60804
696 61123
697 61516
698 60849
699 60887
700 61040
701 60909
702 61217
703 61066
704 60793
705 60598
706 60672
707 60902
708 60750
709 60591
710 61017
711 61319
712 61305
713 61009
714 61088
715 61085
716 61185
717 60993
718 61135
719 61403
720 61357
721 61422
722 61926
723 61450
724 61998
725 61555
726 61412
727 61950
728 61733
729 61938
730 62041
731 61875
732 61859
733 61697
734 61395
735 62021
736 61891
737 61790
738 61580
739 61708
740 61669
741 61362
742 61928
743 61721
744 61271
745 61787
746 61586
747 61370
748 61508
749 61168
750 61065
751 61333
752 61543
753 61429
754 60954
755 60847
756 61053
757 61243
758 60987
759 61184
760 61376
761 61534
762 61491
763 61698
764 61505
765 61303
766 61333
767 61377
768 61735
769 61244
770 62024
771 62288
772 62068
773 61803
774 62274
775 62049
776 61458
777 61928
778 62321
779 61831
780 62274
781 62001
782 61798
783 61791
784 62012
785 61745
786 62097
787 62240
788 61875
789 61850
790 61784
791 61839
792 61586
793 61590
794 61391
795 61841
796 61766
797 61500
798 61395
799 61567
800 61203
801 61609
802 61197
803 60969
804 61729
805 61441
806 61557
807 61181
808 61132
809 61297
810 61595
811 61503
812 61484
813 61942
814 61294
815 61957
816 61618
817 61645
818 61561
819 61820
820 62113
821 62152
822 62302
823 62027
824 61698
825 62375
826 62221
827 61930
828 62316
829 62086
830 62665
831 62679
832 62235
833 62559
834 62525
835 62012
836 62973
837 62361
838 62171
839 62087
840 62490
841 61997
842 61719
843 62211
844 62050
845 62082
846 61926
847 61984
848 61953
849 61667
850 61342
851 61739
852 61708
853 61070
854 61694
855 61451
856 61676
857 61844
858 62354
859 61851
860 62172
861 62286
862 61860
863 62402
864 61837
865 61761
866 62008
867 62538
868 62322
869 62473
870 62300
871 62586
872 62200
873 62310
874 62744
875 62544
876 62674
877 62916
878 62572
879 62511
880 62221
881 62853
882 62591
883 62611
884 62382
885 62241
886 62591
887 62265
888 61922
889 62275
890 62290
891 62061
892 62307
893 61794
894 61936
895 62071
896 61888
897 62024
898 61698
899 61637
900 61467
901 61325
902 61634
903 61378
904 61546
905 61106
906 61208
907 61818
908 61631
909 61545
910 61992
911 61449
912 61623
913 61839
914 62173
915 61786
916 61978
917 62022
918 62275
919 62057
920 62127
921 61966
922 62325
923 62292
924 62362
925 62406
926 62356
927 62496
928 62622
929 62323
930 62693
931 62683
932 62313
933 62562
934 62544
935 62479
936 62060
937 62532
938 62629
939 62158
940 62406
941 62191
942 61998
943 61979
944 62093
945 62123
946 62049
947 61624
948 61716
949 61789
950 61967
951 61644
952 61888
953 61345
954 61861
955 61803
956 61691
957 61563
958 61724
959 62030
960 62040
961 62093
962 62225
963 62245
964 61337
965 61946
966 62106
967 62405
968 62169
969 62457
970 62457
971 62310
972 62770
973 62547
974 62593
975 63059
976 62617
977 62716
978 62538
979 62619
980 62586
981 62524
982 62500
983 62802
984 62598
985 62011
986 62175
987 62123
988 62020
989 62265
990 62084
991 61618
992 61859
993 61918
994 61940
995 61922
996 61315
997 61701
998 61436
999 61769
1000 61785
1001 61415
1002 61299
1003 61078
1004 61158
1005 61091
1006 61567
1007 61358
1008 61639
1009 61814
1010 61289
1011 61649
1012 61832
1013 61788
1014 61913
1015 61552
1016 62106
1017 62268
1018 61772
1019 61968
1020 61912
1021 62162
1022 62176
1023 62033
1024 62395
1025 62570
1026 62261
1027 61938
1028 62478
1029 62351
1030 62517
1031 62710
1032 62674
1033 62846
1034 62556
1035 62386
1036 62733
1037 62399
1038 62167
1039 62602
1040 62152
1041 62446
1042 62238
1043 61726
1044 61876
1045 61972
1046 62211
1047 61430
1048 62287
1049 61704
1050 61975
1051 61598
1052 61752
1053 61897
1054 61634
1055 61559
1056 61681
1057 62056
1058 61569
1059 61998
1060 61815
1061 61546
1062 61777
1063 61665
1064 62133
1065 61817
1066 62174
1067 62342
1068 62644
1069 62300
1070 62869
1071 62296
1072 62951
1073 62305
1074 62062
1075 62505
1076 62635
1077 62307
1078 62767
1079 62673
1080 62308
1081 62210
1082 62830
1083 62640
1084 62458
1085 62342
1086 62204
1087 62121
1088 62395
1089 62140
1090 62081
1091 62004
1092 61622
1093 61866
1094 61862
1095 61721
1096 61641
1097 61494
1098 62040
1099 61818
1100 61934
1101 61438
1102 61489
1103 61393
1104 61199
1105 61612
1106 61799
1107 61627
1108 61361
1109 61726
1110 61904
1111 61394
1112 61439
1113 61748
1114 61810
1115 61620
1116 61950
1117 61750
1118 61913
1119 61966
1120 62334
1121 61680
1122 61873
1123 62337
1124 62141
1125 62472
1126 62598
1127 62453
1128 62658
1129 62605
1130 62460
1131 62544
1132 62255
1133 62738
1134 62452
1135 62605
1136 62544
1137 62213
1138 62656
1139 62189
1140 62049
1141 62450
1142 61895
1143 61755
1144 62307
1145 62200
1146 62112
1147 61550
1148 62131
1149 61768
1150 61837
1151 61886
1152 61691
1153 61544
1154 61996
1155 61631
1156 62190
1157 61979
1158 61837
1159 61649
1160 61919
1161 61834
1162 62178
1163 61901
1164 62030
1165 61999
1166 62037
1167 62335
1168 62545
1169 62550
1170 62690
1171 62740
1172 62667
1173 62669
1174 62704
1175 62664
1176 62286
1177 62808
1178 62717
1179 62531
1180 62850
1181 62740
1182 62425
1183 62137
1184 61968
1185 62406
1186 62117
1187 62566
1188 62068
1189 62447
1190 61827
1191 62035
1192 62154
1193 61827
1194 61939
1195 61652
1196 61496
1197 61468
1198 62032
1199 61639
1200 61736
1201 61734
1202 61596
1203 61431
1204 61407
1205 61242
1206 61529
1207 61216
1208 61715
1209 61156
1210 61794
1211 62155
1212 61968
1213 61530
1214 61922
1215 61948
1216 62039
1217 62125
1218 61664
1219 62152
1220 62121
1221 62072
1222 62206
1223 62269
1224 61872
1225 62207
1226 62369
1227 62570
1228 62556
1229 62782
1230 62465
1231 62811
1232 62088
1233 62635
1234 62571
1235 62526
1236 62582
1237 62746
1238 62334
1239 62244
1240 62253
1241 62496
1242 62207
1243 61854
1244 62023
1245 61935
1246 61996
1247 62077
1248 61834
1249 61445
1250 62021
1251 61708
1252 61611
1253 61758
1254 61773
1255 61694
1256 61818
1257 61760
1258 61525
1259 61425
1260 62117
1261 61733
1262 62206
1263 61924
1264 61533
1265 61959
1266 62133
1267 62109
1268 61944
1269 62518
1270 62247
1271 62611
1272 62548
1273 62155
1274 62203
1275 62557
1276 62462
1277 62053
1278 62451
1279 62540
1280 62757
1281 62696
1282 62359
1283 62603
1284 62373
1285 62200
1286 62537
1287 62462
1288 62136
1289 62334
1290 62149
1291 61916
1292 61815
1293 61683
1294 61382
1295 61625
1296 62159
1297 61605
1298 62116
1299 61662
1300 61782
1301 62058
1302 61626
1303 61503
1304 61696
1305 61693
1306 61423
1307 61741
1308 61518
1309 61962
1310 62328
1311 61256
1312 62189
1313 61511
1314 61759
1315 61923
1316 61684
1317 61909
1318 61986
1319 61957
1320 62011
1321 62045
1322 62093
1323 62237
1324 62521
1325 61939
1326 62837
1327 62460
1328 62480
1329 62511
1330 62966
1331 62487
1332 62242
1333 62597
1334 62257
1335 62422
1336 62414
1337 62349
1338 62440
1339 62545
1340 62428
1341 62269
1342 62050
1343 62100
1344 62028
1345 62213
1346 62001
1347 61991
1348 62021
1349 61925
1350 61627
1351 61890
1352 61821
1353 61864
1354 61710
1355 61529
1356 62154
1357 61711
1358 61818
1359 61710
1360 61488
1361 61926
1362 61757
1363 61627
1364 62082
1365 62010
1366 62464
1367 62285
1368 62039
1369 62123
1370 62495
1371 62346
1372 62335
1373 63102
1374 62893
1375 62396
1376 62757
1377 62545
1378 62834
1379 62341
1380 62535
1381 62423
1382 62020
1383 62248
1384 62411
1385 62624
1386 61992
1387 62030
1388 62195
1389 62125
1390 61999
1391 62030
1392 62400
1393 61758
1394 62102
1395 61388
1396 62006
1397 61499
1398 61777
1399 61876
1400 60995
1401 61438
1402 61554
1403 61430
1404 61796
1405 61577
1406 61602
1407 61450
1408 61487
1409 61663
1410 61683
1411 61549
1412 61590
1413 61643
1414 61601
1415 61440
1416 62229
1417 61721
1418 61986
1419 61995
1420 62485
1421 61942
1422 62412
1423 62531
1424 62628
1425 62606
1426 62303
1427 62330
1428 62910
1429 62466
1430 62676
1431 62489
1432 62585
1433 62661
1434 62269
1435 62833
1436 62343
1437 62638
1438 62499
1439 62345
1440 62018
1441 61661
1442 62511
1443 62284
1444 61982
1445 61977
1446 62214
1447 62174
1448 62082
1449 61818
1450 62066
1451 62019
1452 61632
1453 61827
1454 61673
1455 62062
1456 61666
1457 61710
1458 61896
1459 61561
1460 61902
1461 61493
1462 61946
1463 62095
1464 62002
1465 62551
1466 61981
1467 62226
1468 62037
1469 61898
1470 62710
1471 62242
1472 62812
1473 62690
1474 62399
1475 62521
1476 62653
1477 62781
1478 62541
1479 63142
1480 62652
1481 62506
1482 62510
1483 62172
1484 62317
1485 62144
1486 62440
1487 62278
1488 62328
1489 62122
1490 62311
1491 61956
1492 62135
1493 61725
1494 61993
1495 61951
1496 61989
1497 62048
1498 62228
1499 61626
1500 62014
1501 61826
1502 61471
1503 61621
1504 61345
1505 61559
1506 61386
1507 61745
1508 62030
1509 61807
1510 61572
1511 62218
1512 62154
1513 62055
1514 61855
1515 61597
1516 61653
1517 61834
1518 61843
1519 62535
1520 62593
1521 62126
1522 62178
1523 62675
1524 62732
1525 62486
1526 62391
1527 62683
1528 62717
1529 62606
1530 62284
1531 62464
1532 62884
1533 62846
1534 63032
1535 62630
1536 62416
1537 62567
1538 62452
1539 62563
1540 62476
1541 62884
1542 62367
1543 61986
1544 62325
1545 62589
1546 62286
1547 62272
1548 62006
1549 62341
1550 62324
1551 62464
1552 62264
1553 62188
1554 62310
1555 61837
1556 62016
1557 62199
1558 62393
1559 61779
1560 62139
1561 62419
1562 62553
1563 62151
1564 62833
1565 62507
1566 62533
1567 62840
1568 62547
1569 62675
1570 62825
1571 63071
1572 62679
1573 62462
1574 62702
1575 62955
1576 62463
1577 62826
1578 62932
1579 62687
1580 63104
1581 62763
1582 62893
1583 62639
1584 62692
1585 62712
1586 62464
1587 62292
1588 62228
1589 62593
1590 61946
1591 62166
1592 62570
1593 62091
1594 62343
1595 61918
1596 61916
1597 62144
1598 61538
1599 61804
1600 62052
1601 61766
1602 61913
1603 62088
1604 61688
1605 61567
1606 62018
1607 62073
1608 62055
1609 62363
1610 62003
1611 62263
1612 62404
1613 61990
1614 61880
1615 62223
1616 62358
1617 62588
1618 62024
1619 62272
1620 62341
1621 62244
1622 62362
1623 62680
1624 63002
1625 62694
1626 62837
1627 62878
1628 62726
1629 62896
1630 62647
1631 63208
1632 63048
1633 62716
1634 62761
1635 62604
1636 63262
1637 62762
1638 62862
1639 62762
1640 62502
1641 62361
1642 62230
1643 62137
1644 62117
1645 61974
1646 62107
1647 62368
1648 62230
1649 62197
1650 61991
1651 62613
1652 62002
1653 62180
1654 61906
1655 62116
1656 61956
1657 62113
1658 62468
1659 62774
1660 62258
1661 62530
1662 61799
1663 62165
1664 62183
1665 62303
1666 62388
1667 62894
1668 62161
1669 62146
1670 63093
1671 63189
1672 62607
1673 63025
1674 63231
1675 62883
1676 63284
1677 62659
1678 62743
1679 62928
1680 62504
1681 63125
1682 62774
1683 62516
1684 62621
1685 62966
1686 62426
1687 62408
1688 62128
1689 62238
1690 62330
1691 62270
1692 62362
1693 62324
1694 62195
1695 62099
1696 62857
1697 61938
1698 61989
1699 62219
1700 62029
1701 62147
1702 61757
1703 62075
1704 62329
1705 61836
1706 61667
1707 62005
1708 61934
1709 62451
1710 61923
1711 62035
1712 62032
1713 62091
1714 62062
1715 62633
1716 62453
1717 62287
1718 62747
1719 62439
1720 62624
1721 62508
1722 62924
1723 62416
1724 63078
1725 62632
1726 62907
1727 62628
1728 62664
1729 63047
1730 63083
1731 62924
1732 62467
1733 62844
1734 62710
1735 62996
1736 63103
1737 63085
1738 62951
1739 62652
1740 62717
1741 62815
1742 62823
1743 62703
1744 62592
1745 61819
1746 62304
1747 62533
1748 62482
1749 62415
1750 61731
1751 62457
1752 62124
1753 62330
1754 61859
1755 62303
1756 62734
1757 62473
1758 62345
1759 62326
1760 62054
1761 62651
1762 62020
1763 62311
1764 62105
1765 62774
1766 62619
1767 62839
1768 62562
1769 62565
1770 62997
1771 63247
1772 63172
1773 62783
1774 63037
1775 62843
1776 62924
1777 62961
1778 62798
1779 63293
1780 63114
1781 62759
1782 63023
1783 63029
1784 62789
1785 62989
1786 62922
1787 62387
1788 62721
1789 62764
1790 62340
1791 62503
1792 62297
1793 62671
1794 62393
1795 62947
1796 62198
1797 62626
1798 62149
1799 62326
1800 62222
1801 62111
1802 62284
1803 62431
1804 62559
1805 62240
1806 62337
1807 62303
1808 62743
1809 61758
1810 62346
1811 62427
1812 62383
1813 62248
1814 62349
1815 62442
1816 62530
1817 62806
1818 62529
1819 62465
1820 62276
1821 62701
1822 62817
1823 62651
1824 62899
1825 62725
1826 63068
1827 63128
1828 63091
1829 63572
1830 62917
1831 62889
1832 62809
1833 63077
1834 63625
1835 62916
1836 62860
1837 62905
1838 62747
1839 62984
1840 62904
1841 63373
1842 62564
1843 62913
1844 62834
1845 62913
1846 62696
1847 62861
1848 62476
1849 62648
1850 62524
1851 63109
1852 62413
1853 62595
1854 62632
1855 62673
1856 62280
1857 62730
1858 62617
1859 62791
1860 62408
1861 62899
1862 62898
1863 62990
1864 62605
1865 63197
1866 63022
1867 62768
1868 62810
1869 63284
1870 62875
1871 63277
1872 63389
1873 63173
1874 63083
1875 63596
1876 63251
1877 63130
1878 63315
1879 63588
1880 63590
1881 63426
1882 63570
1883 63370
1884 63750
1885 63403
1886 63655
1887 62903
1888 63142
1889 63232
1890 63237
1891 62962
1892 62995
1893 62862
1894 62843
1895 62672
1896 62733
1897 62468
1898 63169
1899 62520
1900 62879
1901 62524
1902 62504
1903 62885
1904 62999
1905 62874
1906 62936
1907 62998
1908 62993
1909 62751
1910 62792
1911 62782
1912 62857
1913 62538
1914 63142
1915 62757
1916 62941
1917 62893
1918 63142
1919 63209
1920 63209
1921 63239
1922 63374
1923 63527
1924 63396
1925 63571
1926 63837
1927 63474
1928 63652
1929 63462
1930 63715
1931 63770
1932 63916
1933 63527
1934 63704
1935 64028
1936 63230
1937 63933
1938 63785
1939 63137
1940 63487
1941 63376
1942 63472
1943 63217
1944 63076
1945 62967
1946 63083
1947 63584
1948 63133
1949 63492
1950 63056
1951 63185
1952 62977
1953 63131
1954 63117
1955 63438
1956 63239
1957 62911
1958 63061
1959 62981
1960 63408
1961 63252
1962 63184
1963 63280
1964 63415
1965 63331
1966 63379
1967 63583
1968 63213
1969 63655
1970 63696
1971 63249
1972 63504
1973 63604
1974 64339
1975 63476
1976 64054
1977 63669
1978 64072
1979 63726
1980 63718
1981 63874
1982 63686
1983 63754
1984 63627
1985 63364
1986 63916
1987 64105
1988 63933
1989 63598
1990 63799
1991 63191
1992 63639
1993 63375
1994 63349
1995 63304
1996 63693
1997 63269
1998 63899
1999 63256
2000 63309
2001 63313
2002 63298
2003 63425
2004 63309
2005 63539
2006 63158
2007 63693
2008 63225
2009 63322
2010 63255
2011 63453
2012 63564
2013 63374
2014 63311
2015 63723
2016 63238
2017 63680
2018 63761
2019 63409
2020 63762
2021 63957
2022 63584
2023 63483
2024 64024
2025 63714
2026 63518
2027 63772
2028 63453
2029 64560
2030 63889
2031 64244
2032 63947
2033 63782
2034 63935
2035 64232
2036 63914
2037 64254
2038 64054
2039 64040
2040 63996
2041 63972
2042 63495
2043 63997
2044 63465
2045 63426
2046 63513
2047 63357
2048 63519
2049 63407
2050 63533
2051 62894
2052 63534
2053 63346
2054 63998
2055 63932
2056 63846
2057 63144
2058 63807
2059 62978
2060 63574
2061 63621
2062 63416
2063 63221
2064 63530
2065 63564
2066 63518
2067 63492
2068 63892
2069 63443
2070 63907
2071 63777
2072 63670
2073 64120
2074 64100
2075 63788
2076 64348
2077 64109
2078 64428
2079 64321
2080 64379
2081 64246
2082 64268
2083 64106
2084 64010
2085 64395
2086 63603
2087 63974
2088 63962
2089 63643
2090 63972
2091 63763
2092 63902
2093 63624
2094 63455
2095 63786
2096 63482
2097 63488
2098 63569
2099 63173
2100 63537
2101 63589
2102 63414
2103 63224
2104 63337
2105 63616
2106 63509
2107 63808
2108 63389
2109 63506
2110 63129
2111 63339
2112 63559
2113 63696
2114 63861
2115 63373
2116 63658
2117 63887
2118 63838
2119 63919
2120 64107
2121 64109
2122 63843
2123 63809
2124 63774
2125 63874
2126 64090
2127 64074
2128 64382
2129 64463
2130 64368
2131 64358
2132 64423
2133 63731
2134 63757
2135 64295
2136 64061
2137 64016
2138 64020
2139 63902
2140 63732
2141 63822
2142 64242
2143 63921
2144 63802
2145 63787
2146 63837
2147 64063
2148 63859
2149 63849
2150 63191
2151 63451
2152 63417
2153 63768
2154 64101
2155 63693
2156 63412
2157 63439
2158 63342
2159 63687
2160 63288
2161 63363
2162 63275
2163 63626
2164 63413
2165 63960
2166 63882
2167 63609
2168 63594
2169 63901
2170 63995
2171 64149
2172 63568
2173 63882
2174 64183
2175 63877
2176 63788
2177 63953
2178 64161
2179 64004
2180 64035
2181 64103
2182 64191
2183 63881
2184 63858
2185 64346
2186 63584
2187 63992
2188 63938
2189 63264
2190 63567
2191 63832
2192 63206
2193 63355
2194 63401
2195 63256
2196 63414
2197 63366
2198 63121
2199 63187
2200 62995
2201 63367
2202 63134
2203 63270
2204 62986
2205 63392
2206 63505
2207 62968
2208 63203
2209 63546
2210 63176
2211 63610
2212 63333
2213 63075
2214 63499
2215 63564
2216 63323
2217 63925
2218 63885
2219 63533
2220 63523
2221 64077
2222 63793
2223 63821
2224 63618
2225 63669
2226 64080
2227 64208
2228 63516
2229 64474
2230 63917
2231 63851
2232 64252
2233 64365
2234 64048
2235 64129
2236 64026
2237 64008
2238 63950
2239 63814
2240 64196
2241 63572
2242 63367
2243 63640
2244 63486
2245 63432
2246 64227
2247 63520
2248 63174
2249 63492
2250 63395
2251 63367
2252 63330
2253 63863
2254 63036
2255 63373
2256 63405
2257 63631
2258 63273
2259 63739
2260 63354
2261 63523
2262 63433
2263 64155
2264 63771
2265 63709
2266 63462
2267 64026
2268 63401
2269 63483
2270 63780
2271 63812
2272 64639
2273 63617
2274 64056
2275 63820
2276 63635
2277 63763
2278 64112
2279 63743
2280 63558
2281 63912
2282 63729
2283 63939
2284 63878
2285 63566
2286 63573
2287 63628
2288 63785
2289 63446
2290 63186
2291 63096
2292 63296
2293 63355
2294 63189
2295 63206
2296 62897
2297 63511
2298 63023
2299 63017
2300 63229
2301 63284
2302 62956
2303 62880
2304 63539
2305 62628
2306 62818
2307 63042
2308 63397
2309 62944
2310 63245
2311 62945
2312 63354
2313 63175
2314 62971
2315 63050
2316 63427
2317 63175
2318 63523
2319 63260
2320 63215
2321 63671
2322 63735
2323 63595
2324 63642
2325 63488
2326 63581
2327 63320
2328 63606
2329 63702
2330 63615
2331 63841
2332 63696
2333 63340
2334 63938
2335 63550
2336 63804
2337 63771
2338 63592
2339 63225
2340 63380
2341 63192
2342 63471
2343 63119
2344 63430
2345 62763
2346 63383
2347 63342
2348 63162
2349 63137
2350 63048
2351 62843
2352 63324
2353 63199
2354 63008
2355 63465
2356 63275
2357 62949
2358 63227
2359 63000
2360 63016
2361 63159
2362 62933
2363 62913
2364 63010
2365 63173
2366 63436
2367 63500
2368 63136
2369 63745
2370 63631
2371 63472
2372 63529
2373 62990
2374 63297
2375 63185
2376 63685
2377 63269
2378 63316
2379 63477
2380 63303
2381 63659
2382 63223
2383 63542
2384 63254
2385 63588
2386 63067
2387 62809
2388 63317
2389 62926
2390 63244
2391 63112
2392 62630
2393 62901
2394 62994
2395 62616
2396 63029
2397 62639
2398 62708
2399 62547
2400 62810
2401 63420
2402 62415
2403 62783
2404 62679
2405 62908
2406 62389
2407 62553
2408 62869
2409 62595
2410 62217
2411 62830
2412 62680
2413 62681
2414 62973
2415 62778
2416 62929
2417 62574
2418 63026
2419 62931
2420 62956
2421 62789
2422 63186
2423 63438
2424 63647
2425 63257
2426 63212
2427 63472
2428 63586
2429 63419
2430 63109
2431 63435
2432 63634
2433 63483
2434 63139
2435 63234
2436 63642
2437 63381
2438 62808
2439 63051
2440 63643
2441 63474
2442 63217
2443 63119
2444 62747
2445 63074
2446 63086
2447 62894
2448 62813
2449 62544
2450 62332
2451 63020
2452 62834
2453 62648
2454 62793
2455 62065
2456 62524
2457 62888
2458 62619
2459 62533
2460 63173
2461 62958
2462 63134
2463 62782
2464 62946
2465 62790
2466 62986
2467 62696
2468 63114
2469 63044
2470 63209
2471 63621
2472 63163
2473 63028
2474 62939
2475 62982
2476 63270
2477 63115
2478 63125
2479 63315
2480 62954
2481 62759
2482 63365
2483 63117
2484 63272
2485 63112
2486 63042
2487 63030
2488 62899
2489 63343
2490 62716
2491 63060
2492 62768
2493 62877
2494 62654
2495 62064
2496 62514
2497 62699
2498 62179
2499 62233
2500 62389
2501 62381
2502 62681
2503 62747
2504 62545
2505 62416
2506 62267
2507 62224
2508 62451
2509 62395
2510 62167
2511 62440
2512 62629
2513 62327
2514 62323
2515 62483
2516 62479
2517 62943
2518 62631
2519 62671
2520 62787
2521 62658
2522 63166
2523 62943
2524 62971
2525 62996
2526 62936
2527 62798
2528 63375
2529 63238
2530 62908
2531 62915
2532 63285
2533 63028
2534 63230
2535 63038
2536 62870
2537 63168
2538 62648
2539 62762
2540 62809
2541 63067
2542 62621
2543 62834
2544 62806
2545 62650
2546 62364
2547 62752
2548 62574
2549 62349
2550 62776
2551 62599
2552 62408
2553 62137
2554 62596
2555 62143
2556 61955
2557 62483
2558 62498
2559 62248
2560 62963
2561 62764
2562 62494
2563 62568
2564 62729
2565 62371
2566 62684
2567 62576
2568 62769
2569 62876
2570 62472
2571 62690
2572 62978
2573 62964
2574 63214
2575 63195
2576 63185
2577 62851
2578 63053
2579 63010
2580 62934
2581 62793
2582 62854
2583 62383
2584 62896
2585 62618
2586 62477
2587 62653
2588 62486
2589 63025
2590 62660
2591 62305
2592 62869
2593 62118
2594 62548
2595 62416
2596 61802
2597 62422
2598 62078
2599 62535
2600 62257
2601 62333
2602 62015
2603 61744
2604 61913
2605 62475
2606 61868
2607 62344
2608 61618
2609 62048
2610 62050
2611 61985
2612 62393
2613 62195
2614 61992
2615 62102
2616 62748
2617 62274
2618 62688
2619 62014
2620 62439
2621 62566
2622 62662
2623 62970
2624 62691
2625 62901
2626 62645
2627 62636
2628 62657
2629 63048
2630 63015
2631 62464
2632 62883
2633 62974
2634 62765
2635 62884
2636 63039
2637 62124
2638 62709
2639 62764
2640 62564
2641 62635
2642 62334
2643 62464
2644 62229
2645 62415
2646 62306
2647 62376
2648 61887
2649 62046
2650 62009
2651 62021
2652 62260
2653 61914
2654 61786
2655 61955
2656 62373
2657 62143
2658 62171
2659 61517
2660 62155
2661 61926
2662 61942
2663 62056
2664 62397
2665 62323
2666 62635
2667 62258
2668 62781
2669 62574
2670 62485
2671 62298
2672 62633
2673 62742
2674 62661
2675 62625
2676 62328
2677 62738
2678 62469
2679 63183
2680 62256
2681 62561
2682 62584
2683 62379
2684 62671
2685 62516
2686 62785
2687 62066
2688 62694
2689 62331
2690 62266
2691 62033
2692 61820
2693 61848
2694 62024
2695 62330
2696 61947
2697 61682
2698 62180
2699 61616
2700 61289
2701 61860
2702 61742
2703 61992
2704 61980
2705 62209
2706 61407
2707 62238
2708 61905
2709 61843
2710 61470
2711 61916
2712 61345
2713 61982
2714 61873
2715 61934
2716 61995
2717 61973
2718 61941
2719 62087
2720 62449
2721 62194
2722 62046
2723 62502
2724 62665
2725 62618
2726 62816
2727 62662
2728 62469
2729 62908
2730 62982
2731 62708
2732 62488
2733 62584
2734 62491
2735 62403
2736 62553
2737 62502
2738 62533
2739 62436
2740 61898
2741 62028
2742 62313
2743 62271
2744 62051
2745 61671
2746 61906
2747 62128
2748 61811
2749 61733
2750 61920
2751 62143
2752 62330
2753 62113
2754 61811
2755 61881
2756 61290
2757 61970
2758 61643
2759 61994
2760 61869
2761 61620
2762 62118
2763 61856
2764 62218
2765 62606
2766 61970
2767 61698
2768 62331
2769 62496
2770 62230
2771 62438
2772 62638
2773 62378
2774 62864
2775 62669
2776 63014
2777 62995
2778 62436
2779 62551
2780 62537
2781 62816
2782 62500
2783 62628
2784 62574
2785 62373
2786 62425
2787 62395
2788 62015
2789 62312
2790 62205
2791 62396
2792 61653
2793 61637
2794 62060
2795 62004
2796 61694
2797 61746
2798 61460
2799 61637
2800 61843
2801 61593
2802 61458
2803 61588
2804 61796
2805 61842
2806 61267
2807 61845
2808 62154
2809 62155
2810 62133
2811 62118
2812 61698
2813 61616
2814 61651
2815 62056
2816 62147
2817 61936
2818 62202
2819 62093
2820 62414
2821 62407
2822 62139
2823 62238
2824 62547
2825 62438
2826 62715
2827 62640
2828 62790
2829 62669
2830 62685
2831 62237
2832 62714
2833 62231
2834 62529
2835 62566
2836 62370
2837 62398
2838 62869
2839 62167
2840 62852
2841 62481
2842 62193
2843 62068
2844 62072
2845 61933
2846 62206
2847 62432
2848 61679
2849 61860
2850 61849
2851 61714
2852 61793
2853 61624
2854 61761
2855 61279
2856 61352
2857 61386
2858 61934
2859 61788
2860 61797
2861 61821
2862 62264
2863 61558
2864 61802
2865 62231
2866 62081
2867 62486
2868 62398
2869 62348
2870 62113
2871 62383
2872 62155
2873 62113
2874 62517
2875 62478
2876 62146
2877 62657
2878 61824
2879 62025
2880 62583
2881 62440
2882 62291
2883 62019
2884 62150
2885 61737
2886 61905
2887 61710
2888 62312
2889 61803
2890 61707
2891 61620
2892 61598
2893 61457
2894 62004
2895 61768
2896 61362
2897 61554
2898 61558
2899 61217
2900 61538
2901 61537
2902 61209
2903 61337
2904 61291
2905 60951
2906 61516
2907 60818
2908 61185
2909 61553
2910 61235
2911 61221
2912 61466
2913 61504
2914 61774
2915 61782
2916 61855
2917 62163
2918 61763
2919 61877
2920 62024
2921 62246
2922 62372
2923 62189
2924 62082
2925 61913
2926 62227
2927 62214
2928 62279
2929 62544
2930 62249
2931 62049
2932 62546
2933 62394
2934 62583
2935 62280
2936 62049
2937 62165
2938 62097
2939 62218
2940 62417
2941 61989
2942 61985
2943 61767
2944 61447
2945 61696
2946 61372
2947 61654
2948 61590
2949 61351
2950 61434
2951 61340
2952 61751
2953 61420
2954 61331
2955 61653
2956 61369
2957 61873
2958 61639
2959 61925
2960 61903
2961 61480
2962 61725
2963 61597
2964 61503
2965 61295
2966 61772
2967 61750
2968 61497
2969 61877
2970 61850
2971 61972
2972 62361
2973 62124
2974 62701
2975 62402
2976 62076
2977 62503
2978 62381
2979 62397
2980 62663
2981 62112
2982 62330
2983 62186
2984 62559
2985 61667
2986 61936
2987 62510
2988 61883
2989 61836
2990 61683
2991 61863
2992 61581
2993 61652
2994 61448
2995 61419
2996 61101
2997 61222
2998 61333
2999 60925
3000 60961
3001 61396
3002 61074
3003 60960
3004 61022
3005 60809
3006 60958
3007 61376
3008 61450
3009 60812
3010 61251
3011 61156
3012 61429
3013 61657
3014 61259
3015 61167
3016 62111
3017 61461
3018 61699
3019 61696
3020 62071
3021 61513
3022 61857
3023 61967
3024 62318
3025 61825
3026 62014
3027 62081
3028 62204
3029 62219
3030 62055
3031 62009
3032 61970
3033 62098
3034 61887
3035 62177
3036 62268
3037 61885
3038 61927
3039 61955
3040 61970
3041 61745
3042 61755
3043 61870
3044 61500
3045 61670
3046 61734
3047 60986
3048 62015
3049 61216
3050 61333
3051 60923
3052 61341
3053 61409
3054 61125
3055 61160
3056 61061
3057 60873
3058 61656
3059 61228
3060 61601
3061 61176
3062 61544
3063 61354
3064 61593
3065 61553
3066 61874
3067 61794
3068 61632
3069 61905
3070 61592
3071 61912
3072 61740
3073 61954
3074 62024
3075 62220
3076 62134
3077 62103
3078 62275
3079 62307
3080 62345
3081 62012
3082 62110
3083 61962
3084 62329
3085 62107
3086 61695
3087 61904
3088 61622
3089 61397
3090 61466
3091 61527
3092 60909
3093 61431
3094 61189
3095 61133
3096 61397
3097 61226
3098 61040
3099 61466
3100 61245
3101 61172
3102 60962
3103 61117
3104 61249
3105 60950
3106 61138
3107 60959
3108 61042
3109 60974
3110 61171
3111 60803
3112 61672
3113 61164
3114 61501
3115 61557
3116 61545
3117 61422
3118 61296
3119 61569
3120 61839
3121 61572
3122 62210
3123 61908
3124 61869
3125 62363
3126 62155
3127 61786
3128 62717
3129 62023
3130 62255
3131 62000
3132 62472
3133 62191
3134 61917
3135 62140
3136 61836
3137 62449
3138 61744
3139 61730
3140 62159
3141 61919
3142 61876
3143 61704
3144 62006
3145 61493
3146 61368
3147 61508
3148 61128
3149 61784
3150 61244
3151 61232
3152 60997
3153 60942
3154 60749
3155 60953
3156 61227
3157 61234
3158 61239
3159 61409
3160 61835
3161 61296
3162 61750
3163 61092
3164 61785
3165 61699
3166 61699
3167 61415
3168 61581
3169 62122
3170 62157
3171 61914
3172 61944
3173 62214
3174 61966
3175 62402
3176 62310
3177 61995
3178 62032
3179 62558
3180 62274
3181 62357
3182 61912
3183 61835
3184 62149
3185 61781
3186 61733
3187 61716
3188 61848
3189 61593
3190 61361
3191 61776
3192 61768
3193 61360
3194 61871
3195 61036
3196 61354
3197 61146
3198 61379
3199 61241
3200 61015
3201 60964
3202 61204
3203 61264
3204 60729
3205 60967
3206 61114
3207 60994
3208 61426
3209 61383
3210 60961
3211 61646
3212 61224
3213 61248
3214 61395
3215 61325
3216 61346
3217 61636
3218 61790
3219 61716
3220 61963
3221 61698
3222 61670
3223 62026
3224 62310
3225 62147
3226 62442
3227 62165
3228 62378
3229 62534
3230 62496
3231 62207
3232 62128
3233 62217
3234 62382
3235 62303
3236 62202
3237 61990
3238 62254
3239 62090
3240 62126
3241 61963
3242 61891
3243 61456
3244 62612
3245 61697
3246 61790
3247 61684
3248 61388
3249 61699
3250 61713
3251 61946
3252 62068
3253 61479
3254 61510
3255 61572
3256 61755
3257 61825
3258 61519
3259 62165
3260 62082
3261 61963
3262 61565
3263 62052
3264 61933
3265 62351
3266 62141
3267 61822
3268 62294
3269 62265
3270 62173
3271 62169
3272 62311
3273 62417
3274 62785
3275 62537
3276 62671
3277 62791
3278 62658
3279 62226
3280 62723
3281 62548
3282 62273
3283 62591
3284 62490
3285 61938
3286 62175
3287 62442
3288 61779
3289 61871
3290 61707
3291 62725
3292 61944
3293 62169
3294 61887
3295 62172
3296 61595
3297 61594
3298 62100
3299 61885
3300 61658
3301 61541
3302 61632
3303 62021
3304 61643
3305 61530
3306 61558
3307 61759
3308 62224
3309 61895
3310 62106
3311 62039
3312 61920
3313 61561
3314 62189
3315 62043
3316 62280
3317 62317
3318 62300
3319 62413
3320 62687
3321 62374
3322 62996
3323 62379
3324 62998
3325 62483
3326 63052
3327 63069
3328 62631
3329 63053
3330 63174
3331 63008
3332 63104
3333 63120
3334 62547
3335 62807
3336 62740
3337 62393
3338 62600
3339 62449
3340 62412
3341 62855
3342 62174
3343 62403
3344 62605
3345 62367
3346 62376
3347 61939
3348 62348
3349 62413
3350 62472
3351 61981
3352 62311
3353 62425
3354 62136
3355 61965
3356 62373
3357 62170
3358 62215
3359 62340
3360 62413
3361 62385
3362 62646
3363 62326
3364 62956
3365 62628
3366 62246
3367 62448
3368 62658
3369 62936
3370 62841
3371 63035
3372 62614
3373 63178
3374 62854
3375 63266
3376 62964
3377 62843
3378 62921
3379 62718
3380 63245
3381 63100
3382 62766
3383 63040
3384 63200
3385 62683
3386 62968
3387 62948
3388 62664
3389 62925
3390 62670
3391 62753
3392 62395
3393 62584
3394 62305
3395 62677
3396 62575
3397 62372
3398 62203
3399 62442
3400 62038
3401 62541
3402 62455
3403 62045
3404 62285
3405 62385
3406 61977
3407 62417
3408 62335
3409 62413
3410 62267
3411 62339
3412 62779
3413 62572
3414 62498
3415 62455
3416 62698
3417 62592
3418 62892
3419 62897
3420 63014
3421 63090
3422 62712
3423 63338
3424 63146
3425 63105
3426 63338
3427 63308
3428 62681
3429 62899
3430 63456
3431 63612
3432 62758
3433 63234
3434 63244
3435 63314
3436 63183
3437 62963
3438 62788
3439 63081
3440 63214
3441 62960
3442 63155
3443 63109
3444 62481
3445 62668
3446 63124
3447 62962
3448 62841
3449 62564
3450 62472
3451 62644
3452 63112
3453 62286
3454 62563
3455 62784
3456 62762
3457 62670
3458 62742
3459 62786
3460 62815
3461 62770
3462 62680
3463 62804
3464 62270
3465 63022
3466 62764
3467 62666
3468 63097
3469 62722
3470 62617
3471 63024
3472 62909
3473 63105
3474 63519
3475 63345
3476 63407
3477 63491
3478 63258
3479 63077
3480 63022
3481 63058
3482 63509
3483 63133
3484 63139
3485 63030
3486 63457
3487 62857
3488 63056
3489 63016
3490 62639
3491 63209
3492 62816
3493 62422
3494 62721
3495 62879
3496 63131
3497 62810
3498 62486
3499 63123
3500 62841
3501 62741
3502 62752
3503 63037
3504 62797
3505 62396
3506 62442
3507 62558
3508 62926
3509 63002
3510 62796
3511 62603
3512 63342
3513 62852
3514 62889
3515 63119
3516 63359
3517 63355
3518 63019
3519 63440
3520 63544
3521 63662
3522 63105
3523 63538
3524 63396
3525 63707
3526 63825
3527 63484
3528 63764
3529 64062
3530 63747
3531 63763
3532 63953
3533 63549
3534 63823
3535 63646
3536 63762
3537 64027
3538 63869
3539 63549
3540 63461
3541 63595
3542 63450
3543 63594
3544 63953
3545 63843
3546 63489
3547 63102
3548 63400
3549 63987
3550 63577
3551 63453
3552 63953
3553 64008
3554 63753
3555 63705
3556 63173
3557 63695
3558 64030
3559 63889
3560 64438
3561 63701
3562 64177
3563 63760
3564 64195
3565 63695
3566 64041
3567 64017
3568 64020
3569 64254
3570 64527
3571 64929
3572 64406
3573 64445
3574 64252
3575 64637
3576 65150
3577 64195
3578 64378
3579 64424
3580 64258
3581 64375
3582 64245
3583 64596
3584 64913
3585 64407
3586 64492
3587 64296
3588 64303
3589 64482
3590 64952
3591 64427
3592 64242
3593 64675
3594 64416
3595 64584
3596 64220
3597 64029
3598 63927
3599 64216
3600 64509
3601 64282
3602 64235
3603 64392
3604 64291
3605 64141
3606 64146
3607 64199
3608 64832
3609 64466
3610 64476
3611 64660
3612 64541
3613 64546
3614 64289
3615 64803
3616 64344
3617 64801
3618 64690
3619 64751
3620 64654
3621 65040
3622 64582
3623 64912
3624 64725
3625 64693
3626 64630
3627 64612
3628 65203
3629 65225
3630 65227
3631 65224
3632 65303
3633 65127
3634 64819
3635 65390
3636 65278
3637 65767
3638 65574
3639 64982
3640 65126
3641 65228
3642 65298
3643 65157
3644 65012
3645 65153
3646 65705
3647 65092
3648 65148
3649 65019
3650 65290
3651 65280
3652 64965
3653 64686
3654 65182
3655 64846
3656 65260
3657 65231
3658 65393
3659 65208
3660 64962
3661 64859
3662 65410
3663 64793
3664 65095
3665 65256
3666 65669
3667 65549
3668 65632
3669 65558
3670 65402
3671 65589
3672 65594
3673 65713
3674 65584
3675 65930
3676 65589
3677 66097
3678 65645
3679 65636
3680 65636
3681 66251
3682 65847
3683 65814
3684 65589
3685 65452
3686 66135
3687 66063
3688 66102
3689 65828
3690 65841
3691 65725
3692 65207
3693 65840
3694 65598
3695 65525
3696 65477
3697 65100
3698 65277
3699 65530
3700 65333
3701 65398
3702 65117
3703 65332
3704 65264
3705 65328
3706 65066
3707 65015
3708 65757
3709 65317
3710 65833
3711 65285
3712 65400
3713 65630
3714 65502
3715 65276
3716 65476
3717 65582
3718 65075
3719 65495
3720 65365
3721 65967
3722 65787
3723 65669
3724 65772
3725 65748
3726 65798
3727 66050
3728 65809
3729 65777
3730 66004
3731 66093
3732 65776
3733 65913
3734 65990
3735 66085
3736 65580
3737 66202
3738 65920
3739 65822
3740 65948
3741 66325
3742 65906
3743 65640
3744 65453
3745 65985
3746 65944
3747 66096
3748 66150
3749 65894
3750 65786
3751 65726
3752 65251
3753 65560
3754 65629
3755 65725
3756 65524
3757 66056
3758 65505
3759 65769
3760 65908
3761 65765
3762 66032
3763 65442
3764 66053
3765 65937
3766 65669
3767 66241
3768 65658
3769 66249
3770 65556
3771 65964
3772 65651
3773 66041
3774 66322
3775 65835
3776 65502
3777 65818
3778 65919
3779 66120
3780 66075
3781 66168
3782 66094
3783 65907
3784 65962
3785 66065
3786 66159
3787 65867
3788 65759
3789 66015
3790 65661
3791 65672
3792 65873
3793 65627
3794 65615
3795 65233
3796 65857
3797 65628
3798 65838
3799 65872
3800 65306
3801 66076
3802 65764
3803 65701
3804 65324
3805 65533
3806 65613
3807 65606
3808 65692
3809 65748
3810 65524
3811 65699
3812 65672
3813 65476
3814 66035
3815 65952
3816 65592
3817 65917
3818 65935
3819 66237
3820 65740
3821 66391
3822 65810
3823 65714
3824 66216
3825 65966
3826 66464
3827 65724
3828 66092
3829 66080
3830 66079
3831 66205
3832 66515
3833 66361
3834 66336
3835 66713
3836 66315
3837 66624
3838 66209
3839 66155
3840 66519
3841 66502
3842 66301
3843 66102
3844 66164
3845 65645
3846 65977
3847 66144
3848 66306
3849 66113
3850 66157
3851 65925
3852 65860
3853 66036
3854 65623
3855 66014
3856 65866
3857 66701
3858 66298
3859 65923
3860 65725
3861 65906
3862 66604
3863 66466
3864 65662
3865 65946
3866 66426
3867 66259
3868 66045
3869 66217
3870 66131
3871 66322
3872 66407
3873 66489
3874 66419
3875 66679
3876 66353
3877 66584
3878 66718
3879 66313
3880 66516
3881 65993
3882 66471
3883 66249
3884 66397
3885 66161
3886 66126
3887 66444
3888 66342
3889 66236
3890 66070
3891 66364
3892 66376
3893 66062
3894 66090
3895 66067
3896 66163
3897 66303
3898 66046
3899 65703
3900 66370
3901 65973
3902 66215
3903 65878
3904 65854
3905 65841
3906 65829
3907 66039
3908 65898
3909 65734
3910 65915
3911 66254
3912 65701
3913 66219
3914 66135
3915 66193
3916 66285
3917 66143
3918 65724
3919 66334
3920 65979
3921 66615
3922 66270
3923 66516
3924 66713
3925 66633
3926 66943
3927 66572
3928 65938
3929 66329
3930 66783
3931 66565
3932 66574
3933 66488
3934 66703
3935 66573
3936 66872
3937 66545
3938 66290
3939 66504
3940 66710
3941 66138
3942 66307
3943 66078
3944 66866
3945 66153
3946 66339
3947 66351
3948 66220
3949 66382
3950 65945
3951 66718
3952 66455
3953 66291
3954 66173
3955 65904
3956 66133
3957 66386
3958 66098
3959 66033
3960 66267
3961 66240
3962 66577
3963 66412
3964 66177
3965 66640
3966 66389
3967 66129
3968 66790
3969 66235
3970 66520
3971 66627
3972 66430
3973 66511
3974 66450
3975 66683
3976 66460
3977 66733
3978 66992
3979 66354
3980 66718
3981 66226
3982 66597
3983 66048
3984 66337
3985 66347
3986 66921
3987 66147
3988 66212
3989 66349
3990 65895
3991 66296
3992 66062
3993 65893
3994 65768
3995 65850
3996 66428
3997 66072
3998 66107
3999 65955
4000 66011
4001 65960
4002 66106
4003 65725
4004 65623
4005 65939
4006 65750
4007 65943
4008 65699
4009 66145
4010 65794
4011 65835
4012 65807
4013 66119
4014 65922
4015 65538
4016 65873
4017 65680
4018 65823
4019 66104
4020 66054
4021 66071
4022 66008
4023 66084
4024 66267
4025 66365
4026 66444
4027 65994
4028 66542
4029 66407
4030 66084
4031 66131
4032 66404
4033 66470
4034 66328
4035 66974
4036 66485
4037 66462
4038 66326
4039 66130
4040 66239
4041 66134
4042 66409
4043 65973
4044 66442
4045 65741
4046 65921
4047 65998
4048 66335
4049 65907
4050 66070
4051 65594
4052 66015
4053 65804
4054 65826
4055 65581
4056 65748
4057 66296
4058 66063
4059 65809
4060 65812
4061 65717
4062 65907
4063 66189
4064 66158
4065 65958
4066 65717
4067 66097
4068 65665
4069 65901
4070 65839
4071 66122
4072 65965
4073 65995
4074 66081
4075 66079
4076 65913
4077 66362
4078 65930
4079 66056
4080 66124
4081 65974
4082 66029
4083 66217
4084 66232
4085 65786
4086 66620
4087 66149
4088 65181
4089 65862
4090 65788
4091 65963
4092 65657
4093 65883
4094 65643
4095 65655
4096 65632
4097 65768
4098 65822
4099 65854
4100 65242
4101 65913
4102 65451
4103 65485
4104 65505
4105 65282
4106 65566
4107 65688
4108 65244
4109 65354
4110 65734
4111 65351
4112 65720
4113 65595
4114 65526
4115 65423
4116 65843
4117 65889
4118 65707
4119 66185
4120 65579
4121 65468
4122 66106
4123 65630
4124 65968
4125 65785
4126 65626
4127 65832
4128 66187
4129 65838
4130 66361
4131 65761
4132 66167
4133 65902
4134 66149
4135 65901
4136 66167
4137 66396
4138 66123
4139 65574
4140 65788
4141 66124
4142 66207
4143 66017
4144 65958
4145 65945
4146 66261
4147 66081
4148 66179
4149 66218
4150 66001
4151 65589
4152 66182
4153 65948
4154 66088
4155 66167
4156 66022
4157 66234
4158 66008
4159 66395
4160 65835
4161 66069
4162 66187
4163 66279
4164 66343
4165 66053
4166 66114
4167 66577
4168 66463
4169 66031
4170 66929
4171 66693
4172 66844
4173 66402
4174 66546
4175 66612
4176 66549
4177 66846
4178 66929
4179 66851
4180 66381
4181 66554
4182 66337
4183 66462
4184 66244
4185 66512
4186 66050
4187 66313
4188 66547
4189 66067
4190 66256
4191 66059
4192 66269
4193 66519
4194 66685
4195 66462
4196 66454
4197 66032
4198 66166
4199 66011
4200 66106
4201 66040
4202 66588
4203 66507
4204 66135
4205 66391
4206 65913
4207 66272
4208 66023
4209 66447
4210 66616
4211 66364
4212 66215
4213 66398
4214 66351
4215 66294
4216 66501
4217 66655
4218 66622
4219 66654
4220 66330
4221 66448
4222 66803
4223 66477
4224 66682
4225 66952
4226 66724
4227 66444
4228 66920
4229 66955
4230 66679
4231 66839
4232 66606
4233 66618
4234 67036
4235 66616
4236 66959
4237 66873
4238 66860
4239 67056
4240 66682
4241 66969
4242 66995
4243 66936
4244 66723
4245 66716
4246 66942
4247 66795
4248 66780
4249 66853
4250 66614
4251 66754
4252 66638
4253 66736
4254 66534
4255 66618
4256 66526
4257 66597
4258 66069
4259 66869
4260 67059
4261 67037
4262 66729
4263 66618
4264 67180
4265 67020
4266 66888
4267 67174
4268 66818
4269 66799
4270 67228
4271 66897
4272 67507
4273 66951
4274 67263
4275 67043
4276 67181
4277 66929
4278 66524
4279 66660
4280 67086
4281 66911
4282 67141
4283 67186
4284 66451
4285 67002
4286 67117
4287 66782
4288 67047
4289 67533
4290 67272
4291 67048
4292 66899
4293 66614
4294 66831
4295 66540
4296 66824
4297 66769
4298 66858
4299 66734
4300 66675
4301 66738
4302 66590
4303 66465
4304 66579
4305 66358
4306 66996
4307 66686
4308 66759
4309 67081
4310 66358
4311 66562
4312 66563
4313 66999
4314 67045
4315 66604
4316 67331
4317 66652
4318 67107
4319 66808
4320 67146
4321 67019
4322 66823
4323 66799
4324 67469
4325 67359
4326 66895
4327 67400
4328 67473
4329 67520
4330 67692
4331 67550
4332 67361
4333 67385
4334 67399
4335 66899
4336 67419
4337 67034
4338 67203
4339 67289
4340 67669
4341 67243
4342 67090
4343 67238
4344 67452
4345 67395
4346 66950
4347 66937
4348 67001
4349 67189
4350 67132
4351 67108
4352 67221
4353 67076
4354 67125
4355 67367
4356 67332
4357 66859
4358 67048
4359 67732
4360 67283
4361 67012
4362 67480
4363 67165
4364 67181
4365 67074
4366 67227
4367 67584
4368 66988
4369 67457
4370 67229
4371 67460
4372 67183
4373 67281
4374 67191
4375 67566
4376 67219
4377 67646
4378 67932
4379 67423
4380 67600
4381 67294
4382 67367
4383 67291
4384 67352
4385 67401
4386 67228
4387 67393
4388 67383
4389 67611
4390 67247
4391 67174
4392 67226
4393 67004
4394 67164
4395 67534
4396 67639
4397 66952
4398 67465
4399 67078
4400 66958
4401 67007
4402 67167
4403 67093
4404 66972
4405 66649
4406 67246
4407 66984
4408 67550
4409 66929
4410 66594
4411 67210
4412 67229
4413 67131
4414 67180
4415 67337
4416 67262
4417 67417
4418 67249
4419 67642
4420 67222
4421 67257
4422 67204
4423 67434
4424 67173
4425 67873
4426 67345
4427 67777
4428 67446
4429 67171
4430 67719
4431 67217
4432 67630
4433 67864
4434 67816
4435 67736
4436 67406
4437 67507
4438 68058
4439 67752
4440 67477
4441 67308
4442 67824
4443 67508
4444 67694
4445 67628
4446 67488
4447 67767
4448 67491
4449 67805
4450 67438
4451 67225
4452 67390
4453 67719
4454 67783
4455 67686
4456 67558
4457 67961
4458 67665
4459 67405
4460 67342
4461 67676
4462 67467
4463 67804
4464 67594
4465 68162
4466 67794
4467 67810
4468 67905
4469 68181
4470 68065
4471 67513
4472 67888
4473 67968
4474 67947
4475 67999
4476 68076
4477 67917
4478 68267
4479 68223
4480 68043
4481 67998
4482 67553
4483 68018
4484 67721
4485 67484
4486 67431
4487 67140
4488 68009
4489 67899
4490 68180
4491 67096
4492 67667
4493 67655
4494 67921
4495 67836
4496 67557
4497 67583
4498 67575
4499 67312
4500 67334
4501 67340
4502 67478
4503 67315
4504 67591
4505 67340
4506 67376
4507 67164
4508 67549
4509 67366
4510 67485
4511 67972
4512 67361
4513 67517
4514 67568
4515 67774
4516 67312
4517 67585
4518 67607
4519 67804
4520 67787
4521 67986
4522 67778
4523 68068
4524 67895
4525 67475
4526 67783
4527 67704
4528 67803
4529 68216
4530 67697
4531 68437
4532 67829
4533 68034
4534 68068
4535 67867
4536 68118
4537 67776
4538 68171
4539 67913
4540 68578
4541 67651
4542 67308
4543 67651
4544 67662
4545 67832
4546 67662
4547 67798
4548 67916
4549 68268
4550 67410
4551 67476
4552 67371
4553 67687
4554 68077
4555 67564
4556 68089
4557 67726
4558 67457
4559 67752
4560 67811
4561 68048
4562 67910
4563 67851
4564 67754
4565 67534
4566 68231
4567 67765
4568 68115
4569 68196
4570 67771
4571 67683
4572 68282
4573 68149
4574 68288
4575 67919
4576 67824
4577 68107
4578 67933
4579 68126
4580 67936
4581 68042
4582 68168
4583 67964
4584 67829
4585 67871
4586 67744
4587 67975
4588 68333
4589 67744
4590 68635
4591 67908
4592 67857
4593 67689
4594 67663
4595 68043
4596 67901
4597 67894
4598 67673
4599 67805
4600 67871
4601 67496
4602 67949
4603 67790
4604 67828
4605 67313
4606 67473
4607 67579
4608 67715
4609 67700
4610 67677
4611 67954
4612 67838
4613 67979
4614 67788
4615 67966
4616 68139
4617 68061
4618 68284
4619 67755
4620 67811
4621 68048
4622 68486
4623 68476
4624 68397
4625 68192
4626 68109
4627 68573
4628 68222
4629 68281
4630 68399
4631 68742
4632 68452
4633 68252
4634 67982
4635 68215
4636 68840
4637 67756
4638 68582
4639 68481
4640 68584
4641 68662
4642 68398
4643 68298
4644 68660
4645 68218
4646 68148
4647 68526
4648 68304
4649 67740
4650 68031
4651 68474
4652 68586
4653 68240
4654 67984
4655 68508
4656 68441
4657 68148
4658 68281
4659 68356
4660 68641
4661 68695
4662 68483
4663 68303
4664 68663
4665 68296
4666 68344
4667 68493
4668 68339
4669 68519
4670 68573
4671 68871
4672 69045
4673 68996
4674 68643
4675 68773
4676 68669
4677 68708
4678 68412
4679 68457
4680 68498
4681 68389
4682 68024
4683 68659
4684 68494
4685 68308
4686 68691
4687 68627
4688 68387
4689 68774
4690 67988
4691 68654
4692 68594
4693 68514
4694 67920
4695 68052
4696 68668
4697 68455
4698 68283
4699 67918
4700 68062
4701 67917
4702 68147
4703 68011
4704 68679
4705 68132
4706 68046
4707 68522
4708 68391
4709 67972
4710 68547
4711 68275
4712 68307
4713 68416
4714 68722
4715 68307
4716 68105
4717 68275
4718 68938
4719 68661
4720 68659
4721 68691
4722 68587
4723 68742
4724 68550
4725 68953
4726 68640
4727 68968
4728 69002
4729 69011
4730 68844
4731 68852
4732 69088
4733 68545
4734 69192
4735 68915
4736 68742
4737 68740
4738 68655
4739 69180
4740 69307
4741 69101
4742 68813
4743 68946
4744 68835
4745 69000
4746 68686
4747 68873
4748 68566
4749 68978
4750 68935
4751 68752
4752 68706
4753 68718
4754 68412
4755 68341
4756 68699
4757 69019
4758 68968
4759 69035
4760 68877
4761 69097
4762 69004
4763 69069
4764 69350
4765 69378
4766 69313
4767 69063
4768 69375
4769 69437
4770 69820
4771 69726
4772 69302
4773 69372
4774 69347
4775 69212
4776 69072
4777 68867
4778 69472
4779 69242
4780 69147
4781 69245
4782 68992
4783 69273
4784 68976
4785 68903
4786 68961
4787 69245
4788 69038
4789 68975
4790 69133
4791 69105
4792 68649
4793 68903
4794 69141
4795 69258
4796 68464
4797 68775
4798 68993
4799 68620
4800 68578
4801 68783
4802 69010
4803 68593
4804 68857
4805 68621
4806 68946
4807 68732
4808 68530
4809 68635
4810 68737
4811 68394
4812 68627
4813 69040
4814 69133
4815 69083
4816 68815
4817 68615
4818 68727
4819 69528
4820 68998
4821 69018
4822 68971
4823 68856
4824 68907
4825 69180
4826 68787
4827 69416
4828 69185
4829 69518
4830 69506
4831 69315
4832 69223
4833 69419
4834 69520
4835 69216
4836 69246
4837 68789
4838 69308
4839 69471
4840 69163
4841 69410
4842 69094
4843 69300
4844 69563
4845 69447
4846 69331
4847 69393
4848 69634
4849 69345
4850 69022
4851 68894
4852 68689
4853 69072
4854 68953
4855 69254
4856 69485
4857 68841
4858 69310
4859 69157
4860 69093
4861 69182
4862 69308
4863 69402
4864 69128
4865 69047
4866 68996
4867 69416
4868 69112
4869 69146
4870 69792
4871 69607
4872 69653
4873 69393
4874 69642
4875 69588
4876 69319
4877 69758
4878 69811
4879 69450
4880 69788
4881 69494
4882 69613
4883 69686
4884 69826
4885 69520
4886 68879
4887 69253
4888 69715
4889 69388
4890 69014
4891 69045
4892 69164
4893 69653
4894 69364
4895 68865
4896 69191
4897 69168
4898 69313
4899 69208
4900 69157
4901 68455
4902 69185
4903 69275
4904 68688
4905 69496
4906 69098
4907 68930
4908 68986
4909 68850
4910 69066
4911 69395
4912 68956
4913 68827
4914 68907
4915 69229
4916 69026
4917 69407
4918 69214
4919 69166
4920 69590
4921 69216
4922 69441
4923 69548
4924 69492
4925 69417
4926 69483
4927 69237
4928 69248
4929 69544
4930 69328
4931 69418
4932 69556
4933 69474
4934 69220
4935 69550
4936 69740
4937 69743
4938 69514
4939 69888
4940 69437
4941 69495
4942 69154
4943 69331
4944 69640
4945 69342
4946 69687
4947 69053
4948 69600
4949 69214
4950 69363
4951 69078
4952 69222
4953 69107
4954 69372
4955 69255
4956 69409
4957 69605
4958 69376
4959 69331
4960 69569
4961 69414
4962 68726
4963 69101
4964 69361
4965 69497
4966 69354
4967 69504
4968 69185
4969 69359
4970 69695
4971 69423
4972 69726
4973 69445
4974 69615
4975 69271
4976 69887
4977 69431
4978 69475
4979 69274
4980 69402
4981 69778
4982 69710
4983 69789
4984 69384
4985 69505
4986 69436
4987 69574
4988 69415
4989 69257
4990 69262
4991 69374
4992 69491
4993 69044
4994 69518
4995 69454
4996 69119
4997 68906
4998 69255
4999 69460
5000 69026
5001 68771
5002 68953
5003 69140
5004 69095
5005 68964
5006 69441
5007 69325
5008 69112
5009 69196
5010 69104
5011 69232
5012 69382
5013 69229
5014 69540
5015 69451
5016 69218
5017 69161
5018 69297
5019 69206
5020 69566
5021 69628
5022 69285
5023 69532
5024 69555
5025 68907
5026 69850
5027 69606
5028 69219
5029 69597
5030 69615
5031 69423
5032 69794
5033 70068
5034 69921
5035 69724
5036 69793
5037 69927
5038 70035
5039 69180
5040 69570
5041 69981
5042 69080
5043 69633
5044 69570
5045 69548
5046 69714
5047 69557
5048 69235
5049 69587
5050 69780
5051 69351
5052 69423
5053 69461
5054 69851
5055 69666
5056 69676
5057 69976
5058 69502
5059 69555
5060 69687
5061 69810
5062 69947
5063 69750
5064 69795
5065 69398
5066 69736
5067 70115
5068 69314
5069 69518
5070 69974
5071 69937
5072 70182
5073 70069
5074 70173
5075 70015
5076 70103
5077 69927
5078 69819
5079 69977
5080 70443
5081 69906
5082 70157
5083 69730
5084 70039
5085 69787
5086 69830
5087 69614
5088 69367
5089 69843
5090 69607
5091 69745
5092 69989
5093 69244
5094 69448
5095 69250
5096 69676
5097 69673
5098 69555
5099 69342
5100 69311
5101 69214
5102 69409
5103 69186
5104 69398
5105 69441
5106 69158
5107 69354
5108 68990
5109 69009
5110 69676
5111 69530
5112 69471
5113 69864
5114 69351
5115 69457
5116 69467
5117 69241
5118 69063
5119 69638
5120 69496
5121 69600
5122 69483
5123 69579
5124 69721
5125 69360
5126 69705
5127 69949
5128 69366
5129 69555
5130 70319
5131 69790
5132 69819
5133 69873
5134 70005
5135 70188
5136 70286
5137 69899
5138 70074
5139 70076
5140 69745
5141 70340
5142 69771
5143 69746
5144 69867
5145 69832
5146 69568
5147 69716
5148 69539
5149 69393
5150 69994
5151 69920
5152 70096
5153 69520
5154 69984
5155 69786
5156 69858
5157 69764
5158 69522
5159 69630
5160 69947
5161 69921
5162 70021
5163 69745
5164 69889
5165 70229
5166 69990
5167 70152
5168 70034
5169 70117
5170 70352
5171 70114
5172 70194
5173 70162
5174 69838
5175 70128
5176 70779
5177 70141
5178 70112
5179 70361
5180 70131
5181 69849
5182 69795
5183 70247
5184 69758
5185 69516
5186 69838
5187 70083
5188 70552
5189 70037
5190 69640
5191 69855
5192 69736
5193 69545
5194 69740
5195 69439
5196 69780
5197 69488
5198 69221
5199 69574
5200 69354
5201 69854
5202 69389
5203 69376
5204 69803
5205 69736
5206 69510
5207 69619
5208 69490
5209 69816
5210 69996
5211 69407
5212 69347
5213 69171
5214 70006
5215 69737
5216 69602
5217 69642
5218 69583
5219 69775
5220 69502
5221 69643
5222 69706
5223 69494
5224 70145
5225 69698
5226 70037
5227 69673
5228 70095
5229 70226
5230 69549
5231 70699
5232 69760
5233 70277
5234 70254
5235 70219
5236 70048
5237 70355
5238 70566
5239 70208
5240 70197
5241 69908
5242 69696
5243 69778
5244 70311
5245 70001
5246 69779
5247 70065
5248 69705
5249 69738
5250 70065
5251 69893
5252 69613
5253 69541
5254 70179
5255 69535
5256 69849
5257 69936
5258 69947
5259 70152
5260 69682
5261 70162
5262 69715
5263 70150
5264 69909
5265 70274
5266 70444
5267 69584
5268 70123
5269 70454
5270 70383
5271 70048
5272 70290
5273 70089
5274 70172
5275 70339
5276 70219
5277 70593
5278 70088
5279 69972
5280 69850
5281 70231
5282 70171
5283 70047
5284 69889
5285 69821
5286 70091
5287 69910
5288 69834
5289 70193
5290 69896
5291 69979
5292 70072
5293 69756
5294 70164
5295 69761
5296 70166
5297 69760
5298 69657
5299 70079
5300 69743
5301 69831
5302 69568
5303 69373
5304 69790
5305 69122
5306 69616
5307 69481
5308 69761
5309 69789
5310 69710
5311 69640
5312 69454
5313 69605
5314 69670
5315 69848
5316 69726
5317 69373
5318 69538
5319 69703
5320 70131
5321 69960
5322 69539
5323 69934
5324 70101
5325 69950
5326 70000
5327 69590
5328 69611
5329 70012
5330 70212
5331 70100
5332 70225
5333 70042
5334 69941
5335 69826
5336 69407
5337 69902
5338 69403
5339 69948
5340 70216
5341 69759
5342 69808
5343 69876
5344 69557
5345 69680
5346 69692
5347 69726
5348 69702
5349 69696
5350 69652
5351 69084
5352 69128
5353 69418
5354 69145
5355 69633
5356 69473
5357 69528
5358 70130
5359 69398
5360 69402
5361 69933
5362 69675
5363 69454
5364 70040
5365 69713
5366 69685
5367 69977
5368 69819
5369 69742
5370 69878
5371 69728
5372 70327
5373 70109
5374 69711
5375 69835
5376 69803
5377 69960
5378 69616
5379 69883
5380 70054
5381 69437
5382 69203
5383 69673
5384 69595
5385 69584
5386 69614
5387 69136
5388 69220
5389 69118
5390 68983
5391 68851
5392 69139
5393 68800
5394 69193
5395 68880
5396 69127
5397 68686
5398 68651
5399 69260
5400 68642
5401 68663
5402 68870
5403 68832
5404 68388
5405 68534
5406 68691
5407 68736
5408 69200
5409 68501
5410 68609
5411 68628
5412 69155
5413 68678
5414 68426
5415 68645
5416 68623
5417 68749
5418 68891
5419 68842
5420 68833
5421 69163
5422 69186
5423 68809
5424 69331
5425 69063
5426 69043
5427 69071
5428 69669
5429 69220
5430 69189
5431 69267
5432 69039
5433 69079
5434 68949
5435 69379
5436 69142
5437 68637
5438 69319
5439 69045
5440 69413
5441 69173
5442 69287
5443 68850
5444 68737
5445 69237
5446 68727
5447 68548
5448 68527
5449 68612
5450 68600
5451 68894
5452 68886
5453 68928
5454 68755
5455 68739
5456 69154
5457 69068
5458 69015
5459 69257
5460 68582
5461 69012
5462 69058
5463 68094
5464 68946
5465 68971
5466 69314
5467 69232
5468 69008
5469 68714
5470 68879
5471 69274
5472 69057
5473 69122
5474 69482
5475 69122
5476 68927
5477 69482
5478 69332
5479 68826
5480 68994
5481 69074
5482 68957
5483 68869
5484 68534
5485 68709
5486 69141
5487 69212
5488 68857
5489 68670
5490 68478
5491 68842
5492 68716
5493 68363
5494 68451
5495 68558
5496 68833
5497 68659
5498 68303
5499 68381
5500 68616
5501 68386
5502 68540
5503 68720
5504 68666
5505 68450
5506 68664
5507 68619
5508 68262
5509 68455
5510 68479
5511 68897
5512 68696
5513 68992
5514 68940
5515 68896
5516 68645
5517 69088
5518 68754
5519 68787
5520 68773
5521 68807
5522 69059
5523 68969
5524 69211
5525 68984
5526 69092
5527 68773
5528 68934
5529 68572
5530 69095
5531 68891
5532 69250
5533 68886
5534 69525
5535 68971
5536 68876
5537 69362
5538 69009
5539 69194
5540 69200
5541 69129
5542 68646
5543 69317
5544 69299
5545 69259
5546 69161
5547 68622
5548 68972
5549 69011
5550 69012
5551 68982
5552 69374
5553 68948
5554 68677
5555 68897
5556 68684
5557 68723
5558 68918
5559 69006
5560 69008
5561 68628
5562 68955
5563 68845
5564 68608
5565 69094
5566 69448
5567 69193
5568 69212
5569 68455
5570 69097
5571 69253
5572 69499
5573 69399
5574 69325
5575 69343
5576 69424
5577 69185
5578 68976
5579 68993
5580 69032
5581 69214
5582 69084
5583 69396
5584 69102
5585 69094
5586 69203
5587 69298
5588 68882
5589 69100
5590 68789
5591 68817
5592 68802
5593 68704
5594 68549
5595 68603
5596 68704
5597 68931
5598 68434
5599 68537
5600 68899
5601 68503
5602 68809
5603 68824
5604 68550
5605 68472
5606 68610
5607 68246
5608 68348
5609 68541
5610 68137
5611 68741
5612 69052
5613 68772
5614 68907
5615 68842
5616 68862
5617 68951
5618 69045
5619 69224
5620 68834
5621 69212
5622 68966
5623 69127
5624 68550
5625 68952
5626 68828
5627 69222
5628 68969
5629 69097
5630 69539
5631 68889
5632 68862
5633 68903
5634 69056
5635 68832
5636 68705
5637 68994
5638 68587
5639 69190
5640 68615
5641 69354
5642 68494
5643 68893
5644 69301
5645 68741
5646 68792
5647 69176
5648 69066
5649 68919
5650 68651
5651 68447
5652 68597
5653 68995
5654 68939
5655 68734
5656 68530
5657 69103
5658 69031
5659 68737
5660 68490
5661 69191
5662 69047
5663 68729
5664 69049
5665 68972
5666 69192
5667 69096
5668 68916
5669 68874
5670 69137
5671 68845
5672 69045
5673 68937
5674 68900
5675 69140
5676 68816
5677 69019
5678 68814
5679 69104
5680 68754
5681 68781
5682 68573
5683 68794
5684 68867
5685 68286
5686 68602
5687 68982
5688 68902
5689 68928
5690 68220
5691 68549
5692 68255
5693 68150
5694 68509
5695 68388
5696 68289
5697 68535
5698 68487
5699 68421
5700 68553
5701 68161
5702 68309
5703 68224
5704 68123
5705 68081
5706 68277
5707 68067
5708 68091
5709 68113
5710 68242
5711 68055
5712 67725
5713 67935
5714 68314
5715 68459
5716 68226
5717 68151
5718 68245
5719 68370
5720 68262
5721 68569
5722 68314
5723 68424
5724 68563
5725 68399
5726 68653
5727 68016
5728 68447
5729 68789
5730 68531
5731 68332
5732 68682
5733 68197
5734 68223
5735 69003
5736 68285
5737 68496
5738 68368
5739 68762
5740 68620
5741 68842
5742 68410
5743 68350
5744 68322
5745 68326
5746 68497
5747 68510
5748 68149
5749 68448
5750 68455
5751 67922
5752 68215
5753 68347
5754 67750
5755 68255
5756 68304
5757 68214
5758 68262
5759 67970
5760 68519
5761 68310
5762 68082
5763 67937
5764 68174
5765 68251
5766 68226
5767 67883
5768 68645
5769 68392
5770 68527
5771 68210
5772 68428
5773 68020
5774 68188
5775 68409
5776 68177
5777 68119
5778 68261
5779 68065
5780 68259
5781 68503
5782 67820
5783 67855
5784 68574
5785 68099
5786 68140
5787 67781
5788 67911
5789 68425
5790 68071
5791 68306
5792 67913
5793 68269
5794 68208
5795 67834
5796 67903
5797 68032
5798 67829
5799 67971
5800 67817
5801 67752
5802 67761
5803 67566
5804 67817
5805 67789
5806 68002
5807 67621
5808 67836
5809 68003
5810 68054
5811 67815
5812 67995
5813 68015
5814 68006
5815 67484
5816 67902
5817 67832
5818 67816
5819 68397
5820 67753
5821 67670
5822 68032
5823 68048
5824 68243
5825 67702
5826 68327
5827 67880
5828 67918
5829 68418
5830 67665
5831 68122
5832 68140
5833 68327
5834 68259
5835 68125
5836 67987
5837 68111
5838 67989
5839 68092
5840 67995
5841 68140
5842 67979
5843 67800
5844 67841
5845 67895
5846 67480
5847 68199
5848 67850
5849 67491
5850 67736
5851 67693
5852 67358
5853 67527
5854 67891
5855 67714
5856 67968
5857 67452
5858 68084
5859 67809
5860 67519
5861 67735
5862 68113
5863 67698
5864 67710
5865 67748
5866 67924
5867 67876
5868 67991
5869 67902
5870 68226
5871 68284
5872 68000
5873 68367
5874 67888
5875 67749
5876 67978
5877 68253
5878 68318
5879 68400
5880 68125
5881 67679
5882 68273
5883 68041
5884 67874
5885 67725
5886 67676
5887 67854
5888 67445
5889 67856
5890 67864
5891 68015
5892 67681
5893 68115
5894 68102
5895 67834
5896 67835
5897 67711
5898 67435
5899 67788
5900 66907
5901 67576
5902 67167
5903 67152
5904 67184
5905 67376
5906 67312
5907 67395
5908 67311
5909 67509
5910 67334
5911 67651
5912 67409
5913 67729
5914 67384
5915 67338
5916 67621
5917 67769
5918 67011
5919 67122
5920 67132
5921 67449
5922 67589
5923 67583
5924 67738
5925 67863
5926 68056
5927 67554
5928 67319
5929 67674
5930 67985
5931 67833
5932 67769
5933 67842
5934 68197
5935 67726
5936 67595
5937 67640
5938 67964
5939 67989
5940 67998
5941 67690
5942 67644
5943 67220
5944 67636
5945 67208
5946 67320
5947 67492
5948 66942
5949 67599
5950 67864
5951 67667
5952 67426
5953 67179
5954 67634
5955 67018
5956 67137
5957 67445
5958 67551
5959 67586
5960 67706
5961 67457
5962 67861
5963 67416
5964 67948
5965 67519
5966 67934
5967 67800
5968 67658
5969 67781
5970 67042
5971 67444
5972 67501
5973 67173
5974 67438
5975 67560
5976 67441
5977 67792
5978 67879
5979 67932
5980 67521
5981 67894
5982 67516
5983 67368
5984 67278
5985 67569
5986 67357
5987 67400
5988 67443
5989 67841
5990 67733
5991 67424
5992 67750
5993 66914
5994 67252
5995 67592
5996 67262
5997 67207
5998 66967
5999 67081
6000 67117
6001 67129
6002 66719
6003 67536
6004 66874
6005 66543
6006 66883
6007 66968
6008 67184
6009 67086
6010 66706
6011 66847
6012 66880
6013 67449
6014 66787
6015 67409
6016 67177
6017 67374
6018 67501
6019 67601
6020 67207
6021 67133
6022 67615
6023 67094
6024 67337
6025 67657
6026 67803
6027 67405
6028 67428
6029 67218
6030 67153
6031 67697
6032 67807
6033 67674
6034 67479
6035 67757
6036 67562
6037 67555
6038 67456
6039 67449
6040 67614
6041 67418
6042 67427
6043 67967
6044 67040
6045 67215
6046 67603
6047 67074
6048 67239
6049 67092
6050 67154
6051 67456
6052 67555
6053 67337
6054 67575
6055 67427
6056 67567
6057 67695
6058 67280
6059 67511
6060 67229
6061 67893
6062 67444
6063 67515
6064 67364
6065 67349
6066 67259
6067 68331
6068 67585
6069 67791
6070 67695
6071 67884
6072 67504
6073 67918
6074 67633
6075 67636
6076 67880
6077 67649
6078 67972
6079 67814
6080 68111
6081 67782
6082 67187
6083 67489
6084 67518
6085 67293
6086 67785
6087 67742
6088 67040
6089 67580
6090 67702
6091 67120
6092 67326
6093 67550
6094 67519
6095 67555
6096 67070
6097 67275
6098 66758
6099 67490
6100 67362
6101 67063
6102 67395
6103 66758
6104 66824
6105 67101
6106 66916
6107 67147
6108 66764
6109 66940
6110 67369
6111 67316
6112 66728
6113 66981
6114 67325
6115 67625
6116 67142
6117 67395
6118 67311
6119 67120
6120 67126
6121 67784
6122 67481
6123 67744
6124 67633
6125 67640
6126 67081
6127 67559
6128 67921
6129 67706
6130 67538
6131 67663
6132 67793
6133 67592
6134 67892
6135 67405
6136 67990
6137 67323
6138 67515
6139 67551
6140 67427
6141 67384
6142 67849
6143 67685
6144 67196
6145 67409
6146 67375
6147 67551
6148 67594
6149 67342
6150 67517
6151 67415
6152 67746
6153 67393
6154 66776
6155 67341
6156 67895
6157 67277
6158 67502
6159 67595
6160 67500
6161 67454
6162 66979
6163 67724
6164 67471
6165 67470
6166 67490
6167 68070
6168 67844
6169 67377
6170 67468
6171 67566
6172 67879
6173 67833
6174 67402
6175 67789
6176 67166
6177 68141
6178 68167
6179 67588
6180 67502
6181 67652
6182 67734
6183 67425
6184 67570
6185 67961
6186 67088
6187 67696
6188 67275
6189 67470
6190 67470
6191 67317
6192 67044
6193 67105
6194 66896
6195 66922
6196 66839
6197 67452
6198 67255
6199 67035
6200 67053
6201 67038
6202 67071
6203 66784
6204 67202
6205 66931
6206 66735
6207 66655
6208 66793
6209 66687
6210 67083
6211 67520
6212 66856
6213 66954
6214 67015
6215 67129
6216 67397
6217 66979
6218 66879
6219 66711
6220 67194
6221 67138
6222 67545
6223 67626
6224 67407
6225 67336
6226 67537
6227 67502
6228 67672
6229 67323
6230 67483
6231 67292
6232 67458
6233 67763
6234 67536
6235 67006
6236 67502
6237 67274
6238 67694
6239 67473
6240 67271
6241 67452
6242 67416
6243 67211
6244 67289
6245 67665
6246 66829
6247 67291
6248 67172
6249 67253
6250 67170
6251 67349
6252 67406
6253 67083
6254 66945
6255 67102
6256 66920
6257 67110
6258 66841
6259 66738
6260 67189
6261 67402
6262 66767
6263 66880
6264 67128
6265 67247
6266 67352
6267 67084
6268 67235
6269 66808
6270 67329
6271 66840
6272 67441
6273 67339
6274 67297
6275 66894
6276 67507
6277 67597
6278 67605
6279 67040
6280 67182
6281 66820
6282 67420
6283 67292
6284 66747
6285 66968
6286 67283
6287 67381
6288 66626
6289 67265
6290 67376
6291 67203
6292 66976
6293 66999
6294 66716
6295 66674
6296 66405
6297 66910
6298 66869
6299 66693
6300 66747
6301 66885
6302 66465
6303 66199
6304 66315
6305 66547
6306 66929
6307 66481
6308 66676
6309 66945
6310 66879
6311 66874
6312 66786
6313 66522
6314 66801
6315 67047
6316 66819
6317 66809
6318 67025
6319 66540
6320 66872
6321 67196
6322 66720
6323 67003
6324 67122
6325 66972
6326 67246
6327 67457
6328 67234
6329 67040
6330 67216
6331 67223
6332 66993
6333 66976
6334 67417
6335 67402
6336 67017
6337 67054
6338 67299
6339 67159
6340 67005
6341 67121
6342 66786
6343 67278
6344 66998
6345 66770
6346 67653
6347 66751
6348 66635
6349 66821
6350 67180
6351 66716
6352 66625
6353 66786
6354 66913
6355 67085
6356 66899
6357 67568
6358 67137
6359 66704
6360 66908
6361 66878
6362 66733
6363 66975
6364 66969
6365 66945
6366 67243
6367 67093
6368 67336
6369 67120
6370 67048
6371 66824
6372 67187
6373 67571
6374 67358
6375 66758
6376 67280
6377 66863
6378 67399
6379 66809
6380 67254
6381 66861
6382 67481
6383 67090
6384 66886
6385 66920
6386 66923
6387 66961
6388 66982
6389 67248
6390 67052
6391 66809
6392 66618
6393 66826
6394 66782
6395 66646
6396 66803
6397 66755
6398 66146
6399 66621
6400 66588
6401 67275
6402 66058
6403 66397
6404 66146
6405 66188
6406 66273
6407 66916
6408 66760
6409 66582
6410 66392
6411 66102
6412 66551
6413 66551
6414 66181
6415 66247
6416 66776
6417 66928
6418 66691
6419 66863
6420 66327
6421 66732
6422 66988
6423 66955
6424 67340
6425 66874
6426 66906
6427 67294
6428 66871
6429 66557
6430 66971
6431 66737
6432 66752
6433 66650
6434 67140
6435 67112
6436 66883
6437 66885
6438 66980
6439 67642
6440 66762
6441 66948
6442 67232
6443 66795
6444 66602
6445 67181
6446 66648
6447 66326
6448 66984
6449 66887
6450 66926
6451 66937
6452 66277
6453 66739
6454 66318
6455 66792
6456 66460
6457 66646
6458 66631
6459 66676
6460 66434
6461 66752
6462 66935
6463 66982
6464 67000
6465 67121
6466 66548
6467 66972
6468 66424
6469 66611
6470 66723
6471 66764
6472 66619
6473 66850
6474 66587
6475 66632
6476 66930
6477 66725
6478 66516
6479 66379
6480 66766
6481 66718
6482 66716
6483 67172
6484 66866
6485 66807
6486 66735
6487 66384
6488 66575
6489 66284
6490 66531
6491 66300
6492 66280
6493 66066
6494 66143
6495 65610
6496 66260
6497 66231
6498 65934
6499 66312
6500 65885
6501 66076
6502 66011
6503 65975
6504 65878
6505 65831
6506 66498
6507 65945
6508 66186
6509 66263
6510 66241
6511 66150
6512 66391
6513 66515
6514 66924
6515 66406
6516 66154
6517 66539
6518 66131
6519 66499
6520 66580
6521 66331
6522 66224
6523 66418
6524 66406
6525 66460
6526 66983
6527 66479
6528 66278
6529 66700
6530 66611
6531 66780
6532 66850
6533 66154
6534 66311
6535 66411
6536 66634
6537 66593
6538 66645
6539 66458
6540 66637
6541 66557
6542 66380
6543 66625
6544 66535
6545 66245
6546 66049
6547 66239
6548 66164
6549 66081
6550 66395
6551 66331
6552 66434
6553 66578
6554 66523
6555 66399
6556 66223
6557 66057
6558 65927
6559 66273
6560 66246
6561 66488
6562 66415
6563 66237
6564 66537
6565 66400
6566 66283
6567 66338
6568 66320
6569 66715
6570 66068
6571 66588
6572 66803
6573 66480
6574 66271
6575 66034
6576 66514
6577 66521
6578 66603
6579 66332
6580 66689
6581 66136
6582 66072
6583 65988
6584 66282
6585 66034
6586 66550
6587 65876
6588 66514
6589 65959
6590 65862
6591 66184
6592 65776
6593 66443
6594 65828
6595 65937
6596 66183
6597 65861
6598 65668
6599 65884
6600 65843
6601 65866
6602 65558
6603 65574
6604 65780
6605 65666
6606 65898
6607 65933
6608 65821
6609 65786
6610 65584
6611 65643
6612 65854
6613 65435
6614 65896
6615 65980
6616 65857
6617 65997
6618 65966
6619 66337
6620 66431
6621 66066
6622 65907
6623 66173
6624 66299
6625 66254
6626 65988
6627 66339
6628 66275
6629 66091
6630 66144
6631 66294
6632 66517
6633 66289
6634 66480
6635 66251
6636 66108
6637 66233
6638 66414
6639 65872
6640 66066
6641 65944
6642 66130
6643 65742
6644 65991
6645 65785
6646 66064
6647 65846
6648 65896
6649 65710
6650 65587
6651 65849
6652 65601
6653 66114
6654 66199
6655 65634
6656 66014
6657 65572
6658 65529
6659 65425
6660 66026
6661 65585
6662 66200
6663 65850
6664 65876
6665 65989
6666 66064
6667 65799
6668 65950
6669 66298
6670 66078
6671 66656
6672 66179
6673 66170
6674 65601
6675 66207
6676 65987
6677 66350
6678 66319
6679 66223
6680 66279
6681 65981
6682 65989
6683 65978
6684 65819
6685 66349
6686 66187
6687 66120
6688 65763
6689 66009
6690 65749
6691 66058
6692 65565
6693 65635
6694 65619
6695 65472
6696 65477
6697 65402
6698 65329
6699 65720
6700 65578
6701 65323
6702 65421
6703 65535
6704 65950
6705 65414
6706 65616
6707 65300
6708 65410
6709 65559
6710 65720
6711 65316
6712 65669
6713 65286
6714 65384
6715 65571
6716 65918
6717 65600
6718 65760
6719 65660
6720 65539
6721 65905
6722 65622
6723 65534
6724 65797
6725 65932
6726 65917
6727 65862
6728 65797
6729 65617
6730 65811
6731 65933
6732 65889
6733 65942
6734 65902
6735 65974
6736 66431
6737 66216
6738 65540
6739 65629
6740 65812
6741 65833
6742 65549
6743 65594
6744 65482
6745 65934
6746 65658
6747 65465
6748 65416
6749 65330
6750 65114
6751 64996
6752 65163
6753 65278
6754 65425
6755 65287
6756 65484
6757 65313
6758 65903
6759 65578
6760 65664
6761 65285
6762 65312
6763 65449
6764 65840
6765 65115
6766 66184
6767 65523
6768 65710
6769 66189
6770 65886
6771 65672
6772 65736
6773 65807
6774 66131
6775 65741
6776 65430
6777 66268
6778 65841
6779 65562
6780 65438
6781 65498
6782 65238
6783 65584
6784 65685
6785 65526
6786 65411
6787 65473
6788 65421
6789 65492
6790 65211
6791 65391
6792 64999
6793 65174
6794 65457
6795 64742
6796 65541
6797 65047
6798 65165
6799 64933
6800 64873
6801 64664
6802 64580
6803 65018
6804 64935
6805 64828
6806 65215
6807 64436
6808 64945
6809 65038
6810 64711
6811 65179
6812 65016
6813 64750
6814 65343
6815 65378
6816 65151
6817 65438
6818 65360
6819 65417
6820 65187
6821 65206
6822 64941
6823 64961
6824 65101
6825 65390
6826 65288
6827 65397
6828 65492
6829 65259
6830 65332
6831 65407
6832 65722
6833 65136
6834 65503
6835 64918
6836 65645
6837 65536
6838 65784
6839 65487
6840 65422
6841 65140
6842 65219
6843 65249
6844 65098
6845 65031
6846 65451
6847 65049
6848 65034
6849 64931
6850 65059
6851 64788
6852 64843
6853 64496
6854 65091
6855 65021
6856 64880
6857 64997
6858 64989
6859 64820
6860 65023
6861 64894
6862 65051
6863 65337
6864 65528
6865 64970
6866 65489
6867 64858
6868 65347
6869 65877
6870 65505
6871 65659
6872 65100
6873 65626
6874 65208
6875 65177
6876 65573
6877 65327
6878 65077
6879 65198
6880 64771
6881 65331
6882 65249
6883 65228
6884 65092
6885 65088
6886 65095
6887 64952
6888 65065
6889 64755
6890 64794
6891 65240
6892 64985
6893 64386
6894 64883
6895 64896
6896 64686
6897 64833
6898 64863
6899 64816
6900 64643
6901 64679
6902 64644
6903 64195
6904 64615
6905 64335
6906 64402
6907 64337
6908 64264
6909 64191
6910 64534
6911 64721
6912 64265
6913 64489
6914 64793
6915 64548
6916 64780
6917 64286
6918 64778
6919 64953
6920 64858
6921 64263
6922 64510
6923 64811
6924 64629
6925 65024
6926 64881
6927 64571
6928 64943
6929 64908
6930 64980
6931 64980
6932 65182
6933 64615
6934 65130
6935 65168
6936 64590
6937 64768
6938 65118
6939 65535
6940 64906
6941 64325
6942 64492
6943 64613
6944 64291
6945 65005
6946 64665
6947 65021
6948 64775
6949 64577
6950 64202
6951 64692
6952 64387
6953 64401
6954 64215
6955 64125
6956 64480
6957 64207
6958 64230
6959 64340
6960 64650
6961 64617
6962 64493
6963 64503
6964 64703
6965 64579
6966 64671
6967 64858
6968 64650
6969 64376
6970 65155
6971 64788
6972 64909
6973 64739
6974 64651
6975 64382
6976 65106
6977 64807
6978 64135
6979 64971
6980 65057
6981 64965
6982 64566
6983 64940
6984 65175
6985 64767
6986 64402
6987 64620
6988 64539
6989 64810
6990 64377
6991 64017
6992 64205
6993 64432
6994 64447
6995 64005
6996 64328
6997 64287
6998 64262
6999 63827
7000 63714
7001 63841
7002 64141
7003 63962
7004 64262
7005 64554
7006 63608
7007 63904
7008 63859
7009 64066
7010 63930
7011 64098
7012 64131
7013 64288
7014 63898
7015 64319
7016 64141
7017 64262
7018 64014
7019 64218
7020 64015
7021 64168
7022 64158
7023 64514
7024 64759
7025 64935
7026 64245
7027 64793
7028 64719
7029 64510
7030 64750
7031 64835
7032 65074
7033 64493
7034 64881
7035 64582
7036 64491
7037 64377
7038 64656
7039 64018
7040 64950
7041 64021
7042 64571
7043 63958
7044 64070
7045 64383
7046 63912
7047 64156
7048 63880
7049 63885
7050 64395
7051 64403
7052 63805
7053 64088
7054 64283
7055 63635
7056 64132
7057 63914
7058 64150
7059 64013
7060 64043
7061 63816
7062 64214
7063 63981
7064 64325
7065 64233
7066 64520
7067 64001
7068 64606
7069 64324
7070 64737
7071 64096
7072 64640
7073 64594
7074 64256
7075 64456
7076 64543
7077 64600
7078 64591
7079 64266
7080 64329
7081 64314
7082 64622
7083 64681
7084 64294
7085 64120
7086 64172
7087 64365
7088 64140
7089 64101
7090 64147
7091 64023
7092 64453
7093 63939
7094 64400
7095 63756
7096 63409
7097 63916
7098 64011
7099 63349
7100 63269
7101 63429
7102 63386
7103 63832
7104 63615
7105 63600
7106 63576
7107 63465
7108 63644
7109 63331
7110 63613
7111 63519
7112 63609
7113 63628
7114 63895
7115 63848
7116 64119
7117 63867
7118 63777
7119 63870
7120 63848
7121 64310
7122 63786
7123 63763
7124 64110
7125 63895
7126 64353
7127 63917
7128 64180
7129 63839
7130 64160
7131 64604
7132 64508
7133 64317
7134 64405
7135 64635
7136 64075
7137 64147
7138 64197
7139 63855
7140 63852
7141 64349
7142 63860
7143 64092
7144 63676
7145 63877
7146 63799
7147 63340
7148 63589
7149 63245
7150 63512
7151 63628
7152 63642
7153 63894
7154 63719
7155 63900
7156 63656
7157 63830
7158 63839
7159 63744
7160 63725
7161 63276
7162 64127
7163 63714
7164 64363
7165 63834
7166 63985
7167 63951
7168 63769
7169 64134
7170 64358
7171 63870
7172 64194
7173 64264
7174 64169
7175 64561
7176 64138
7177 64051
7178 63793
7179 63726
7180 63779
7181 63831
7182 64102
7183 64000
7184 63899
7185 64375
7186 63608
7187 64240
7188 63841
7189 63679
7190 63791
7191 64418
7192 63792
7193 64105
7194 63482
7195 63496
7196 63651
7197 63816
7198 63092
7199 63356
7200 63639
7201 63000
7202 63617
7203 63497
7204 63562
7205 63310
7206 63174
7207 62977
7208 63258
7209 63333
7210 63179
7211 63136
7212 63593
7213 63800
7214 63398
7215 63240
7216 63633
7217 63945
7218 63932
7219 63431
7220 63424
7221 63756
7222 64236
7223 64026
7224 63573
7225 64027
7226 63721
7227 64021
7228 63904
7229 64008
7230 63823
7231 64387
7232 63980
7233 64033
7234 63899
7235 63988
7236 64252
7237 64060
7238 63899
7239 64102
7240 64185
7241 63863
7242 64298
7243 63897
7244 63709
7245 64142
7246 64302
7247 63971
7248 63956
7249 63936
7250 63553
7251 63773
7252 63454
7253 63782
7254 63677
7255 63500
7256 64044
7257 63940
7258 63801
7259 63552
7260 63518
7261 63341
7262 63690
7263 64025
7264 63611
7265 63677
7266 63308
7267 64026
7268 63678
7269 64360
7270 64306
7271 64343
7272 63704
7273 63911
7274 63802
7275 64379
7276 64036
7277 64455
7278 63846
7279 64396
7280 64037
7281 63570
7282 63968
7283 64174
7284 64140
7285 64280
7286 63988
7287 63748
7288 63908
7289 63952
7290 63747
7291 63650
7292 63642
7293 63380
7294 63421
7295 63203
7296 63274
7297 63512
7298 63453
7299 63462
7300 63428
7301 63215
7302 63178
7303 63406
7304 63052
7305 63578
7306 63489
7307 63276
7308 63254
7309 63578
7310 63231
7311 63101
7312 63322
7313 63380
7314 63243
7315 63717
7316 63214
7317 63526
7318 63295
7319 63783
7320 64070
7321 63879
7322 63896
7323 63572
7324 64390
7325 63913
7326 64182
7327 63758
7328 64148
7329 63942
7330 63763
7331 63847
7332 63948
7333 63955
7334 63950
7335 63464
7336 63822
7337 63997
7338 63990
7339 63691
7340 63825
7341 63884
7342 64063
7343 63651
7344 63746
7345 63385
7346 63497
7347 63328
7348 63612
7349 63559
7350 62818
7351 63245
7352 63566
7353 63465
7354 63319
7355 63839
7356 63113
7357 63757
7358 63577
7359 63360
7360 63855
7361 63493
7362 63970
7363 63791
7364 63730
7365 63396
7366 63211
7367 63720
7368 63615
7369 63846
7370 63802
7371 63878
7372 63779
7373 63819
7374 63900
7375 64082
7376 64320
7377 63905
7378 63862
7379 63968
7380 63999
7381 64128
7382 63944
7383 64002
7384 63805
7385 63758
7386 63213
7387 63646
7388 63619
7389 63199
7390 63385
7391 63406
7392 63577
7393 63755
7394 63702
7395 63383
7396 63104
7397 63209
7398 63358
7399 63036
7400 63003
7401 63075
7402 63250
7403 63118
7404 62862
7405 63088
7406 63401
7407 62780
7408 63386
7409 62949
7410 63375
7411 63393
7412 63540
7413 63317
7414 63621
7415 63028
7416 63452
7417 63665
7418 63416
7419 63431
7420 63558
7421 63503
7422 63797
7423 63737
7424 63630
7425 63458
7426 63578
7427 63845
7428 64096
7429 64103
7430 63621
7431 63969
7432 64080
7433 64194
7434 63858
7435 63649
7436 63600
7437 64088
7438 63423
7439 63657
7440 63452
7441 63576
7442 63788
7443 63481
7444 63793
7445 63491
7446 63575
7447 63184
7448 63384
7449 62838
7450 63095
7451 63148
7452 63449
7453 62987
7454 63225
7455 63429
7456 62842
7457 63119
7458 63581
7459 63153
7460 63351
7461 63514
7462 63110
7463 63374
7464 63216
7465 63567
7466 63654
7467 62994
7468 63611
7469 63634
7470 63660
7471 64113
7472 63868
7473 63679
7474 63956
7475 63254
7476 63846
7477 63834
7478 63753
7479 63386
7480 63592
7481 63419
7482 63548
7483 63553
7484 63450
7485 63652
7486 63195
7487 63639
7488 63274
7489 63327
7490 63253
7491 63231
7492 63096
7493 63096
7494 62748
7495 62915
7496 63076
7497 62317
7498 63183
7499 62676
7500 62828
7501 62428
7502 62385
7503 62977
7504 62557
7505 62626
7506 63227
7507 62629
7508 62788
7509 62759
7510 62988
7511 62847
7512 63134
7513 63002
7514 62619
7515 63216
7516 62988
7517 62929
7518 62953
7519 63000
7520 63267
7521 63461
7522 63214
7523 63936
7524 63852
7525 63334
7526 63354
7527 63771
7528 63750
7529 63636
7530 63311
7531 63176
7532 63531
7533 63574
7534 63541
7535 63661
7536 63718
7537 62983
7538 63315
7539 63123
7540 63305
7541 63316
7542 62934
7543 63096
7544 63510
7545 63176
7546 62945
7547 63280
7548 63433
7549 63015
7550 63048
7551 63244
7552 63321
7553 62869
7554 62914
7555 63061
7556 63142
7557 63164
7558 63149
7559 62976
7560 63085
7561 63171
7562 63116
7563 63042
7564 62946
7565 63483
7566 63221
7567 63362
7568 63400
7569 63314
7570 63745
7571 63092
7572 63668
7573 63617
7574 63722
7575 63900
7576 63544
7577 63752
7578 63832
7579 63679
7580 63668
7581 63651
7582 63933
7583 63538
7584 63623
7585 63531
7586 63538
7587 63252
7588 63366
7589 63257
7590 63336
7591 63181
7592 62907
7593 63246
7594 62784
7595 63276
7596 62691
7597 62689
7598 63192
7599 62686
7600 62879
7601 62801
7602 62677
7603 62515
7604 62418
7605 62732
7606 62767
7607 62941
7608 62296
7609 62706
7610 62610
7611 63150
7612 62886
7613 62751
7614 63160
7615 63020
7616 62907
7617 63084
7618 62850
7619 62936
7620 62698
7621 63422
7622 63161
7623 62960
7624 63327
7625 63258
7626 63169
7627 62983
7628 63248
7629 62874
7630 63336
7631 63489
7632 63505
7633 63298
7634 63481
7635 63446
7636 63325
7637 63210
7638 63793
7639 63643
7640 63198
7641 63163
7642 63076
7643 63062
7644 63079
7645 63083
7646 63185
7647 63308
7648 63032
7649 62739
7650 62948
7651 62922
7652 62630
7653 63290
7654 62949
7655 62424
7656 62772
7657 62961
7658 62792
7659 63096
7660 63328
7661 63078
7662 63602
7663 62808
7664 63431
7665 62906
7666 63406
7667 63423
7668 63221
7669 62833
7670 63126
7671 63430
7672 63293
7673 63373
7674 63563
7675 63568
7676 63660
7677 63528
7678 63338
7679 63429
7680 63332
7681 63173
7682 63557
7683 63737
7684 63590
7685 63112
7686 63485
7687 63197
7688 63081
7689 62968
7690 63370
7691 62465
7692 62531
7693 62742
7694 62490
7695 62603
7696 62497
7697 62627
7698 62951
7699 62680
7700 62535
7701 62690
7702 62179
7703 62312
7704 62708
7705 62917
7706 62080
7707 62600
7708 62822
7709 62462
7710 62620
7711 62561
7712 63340
7713 62704
7714 63078
7715 62489
7716 62891
7717 62921
7718 62903
7719 63093
7720 62959
7721 63197
7722 63115
7723 63198
7724 63388
7725 62964
7726 63382
7727 63437
7728 63433
7729 63623
7730 63542
7731 63645
7732 63824
7733 63414
7734 63636
7735 63650
7736 63447
7737 63297
7738 63218
7739 63294
7740 63295
7741 62790
7742 63127
7743 63534
7744 63351
7745 62980
7746 63098
7747 62995
7748 62841
7749 63053
7750 63036
7751 62956
7752 62789
7753 62702
7754 62654
7755 62957
7756 62814
7757 62851
7758 63273
7759 62543
7760 62892
7761 63337
7762 62646
7763 63225
7764 63211
7765 62980
7766 62745
7767 63538
7768 63166
7769 62740
7770 63226
7771 63582
7772 63467
7773 63639
7774 63344
7775 63290
7776 63398
7777 63607
7778 63624
7779 63722
7780 63858
7781 63281
7782 63345
7783 63463
7784 63139
7785 62972
7786 63518
7787 62862
7788 63238
7789 62945
7790 63111
7791 62623
7792 62407
7793 62633
7794 62722
7795 62856
7796 62790
7797 62493
7798 62515
7799 62770
7800 62483
7801 62375
7802 62415
7803 62728
7804 62321
7805 62749
7806 62888
7807 62522
7808 62858
7809 62747
7810 63087
7811 62700
7812 62866
7813 62477
7814 63216
7815 62788
7816 62583
7817 62496
7818 63046
7819 62689
7820 63148
7821 62967
7822 62839
7823 63357
7824 63566
7825 63243
7826 63358
7827 63753
7828 63574
7829 63338
7830 63375
7831 63344
7832 63338
7833 63441
7834 63315
7835 63932
7836 63462
7837 63456
7838 63455
7839 63921
7840 63270
7841 63226
7842 63110
7843 63082
7844 63474
7845 63005
7846 62674
7847 63277
7848 62819
7849 62962
7850 62832
7851 62689
7852 62738
7853 63119
7854 62509
7855 62729
7856 62837
7857 62525
7858 63211
7859 62881
7860 62882
7861 63021
7862 63600
7863 63261
7864 63292
7865 63032
7866 63255
7867 63176
7868 63177
7869 63137
7870 63437
7871 63553
7872 63613
7873 63634
7874 63240
7875 63375
7876 63828
7877 63220
7878 63723
7879 63646
7880 63443
7881 63855
7882 63532
7883 63711
7884 63132
7885 63404
7886 63437
7887 63215
7888 63192
7889 63343
7890 62966
7891 63139
7892 63272
7893 63156
7894 62828
7895 63164
7896 63059
7897 62919
7898 62917
7899 62850
7900 62977
7901 62973
7902 62001
7903 62520
7904 62570
7905 62371
7906 62748
7907 62898
7908 62947
7909 62779
7910 62580
7911 62952
7912 62918
7913 63085
7914 63131
7915 62706
7916 63055
7917 62975
7918 63090
7919 63260
7920 63252
7921 63302
7922 63395
7923 63228
7924 63538
7925 63289
7926 63248
7927 63870
7928 63630
7929 63673
7930 63205
7931 63483
7932 63596
7933 63890
7934 63910
7935 63542
7936 63864
7937 63583
7938 63514
7939 63341
7940 63653
7941 63236
7942 63267
7943 63355
7944 63172
7945 63192
7946 63640
7947 63528
7948 63162
7949 63254
7950 62938
7951 63763
7952 63055
7953 62946
7954 63349
7955 63055
7956 63421
7957 63116
7958 63409
7959 63065
7960 63166
7961 63363
7962 63231
7963 63095
7964 63614
7965 63444
7966 63324
7967 63254
7968 63696
7969 63363
7970 63565
7971 63628
7972 63804
7973 63499
7974 63624
7975 63453
7976 63602
7977 63860
7978 63688
7979 63989
7980 63526
7981 63619
7982 63341
7983 63530
7984 63912
7985 63776
7986 63535
7987 63666
7988 63255
7989 63482
7990 63511
7991 63655
7992 63450
7993 63221
7994 63397
7995 63495
7996 63041
7997 63035
7998 62719
7999 63152
8000 62797
8001 62911
8002 63240
8003 62559
8004 62617
8005 62882
8006 62460
8007 62595
8008 63190
8009 63182
8010 63345
8011 62988
8012 63249
8013 63193
8014 63006
8015 63378
8016 63082
8017 62976
8018 63445
8019 63564
8020 63628
8021 63494
8022 63709
8023 63648
8024 63347
8025 64124
8026 63473
8027 63572
8028 63678
8029 63817
8030 64361
8031 63497
8032 63825
8033 63855
8034 63510
8035 63483
8036 63724
8037 64061
8038 63520
8039 63648
8040 63846
8041 63655
8042 63082
8043 63242
8044 63421
8045 63277
8046 63540
8047 63341
8048 63206
8049 63305
8050 63151
8051 63288
8052 63259
8053 63149
8054 62936
8055 63514
8056 63229
8057 63396
8058 63593
8059 62954
8060 63437
8061 63603
8062 63551
8063 63624
8064 63254
8065 63577
8066 63590
8067 63272
8068 63540
8069 63708
8070 63862
8071 63692
8072 64008
8073 63731
8074 63748
8075 63942
8076 63749
8077 64179
8078 63691
8079 64101
8080 64176
8081 63593
8082 63866
8083 63658
8084 63932
8085 63911
8086 63762
8087 63894
8088 63789
8089 63729
8090 63155
8091 63455
8092 63152
8093 63886
8094 63631
8095 63647
8096 63598
8097 63314
8098 63159
8099 62896
8100 63048
8101 63198
8102 62775
8103 63175
8104 62711
8105 63120
8106 63564
8107 63038
8108 63377
8109 63175
8110 63542
8111 63328
8112 63244
8113 63313
8114 63440
8115 63467
8116 63062
8117 63586
8118 63821
8119 63331
8120 63903
8121 63772
8122 63702
8123 64178
8124 63960
8125 64057
8126 63842
8127 63994
8128 63967
8129 63873
8130 64247
8131 64239
8132 64267
8133 64097
8134 64255
8135 64024
8136 64016
8137 63946
8138 63924
8139 63587
8140 64280
8141 63682
8142 64216
8143 63921
8144 63647
8145 63448
8146 63574
8147 63288
8148 63751
8149 63396
8150 63486
8151 63410
8152 63571
8153 63636
8154 63328
8155 63675
8156 63387
8157 63561
8158 63713
8159 63366
8160 64059
8161 63381
8162 63540
8163 64060
8164 63757
8165 63894
8166 63725
8167 63885
8168 64318
8169 63828
8170 63860
8171 64005
8172 63821
8173 64336
8174 64198
8175 63935
8176 64142
8177 64065
8178 64150
8179 64159
8180 64595
8181 64290
8182 64019
8183 64079
8184 63690
8185 64072
8186 63970
8187 63843
8188 64136
8189 64177
8190 63631
8191 64004
8192 63675
8193 63840
8194 63813
8195 63926
8196 63526
8197 63303
8198 63357
8199 63478
8200 63853
8201 63357
8202 63293
8203 63533
8204 63788
8205 63469
8206 62979
8207 63427
8208 63233
8209 63980
8210 63546
8211 63379
8212 63965
8213 63353
8214 63631
8215 63832
8216 63801
8217 63599
8218 63881
8219 63834
8220 63625
8221 63941
8222 63855
8223 63660
8224 64078
8225 64347
8226 64242
8227 64066
8228 64085
8229 64464
8230 64003
8231 64299
8232 63914
8233 64206
8234 63874
8235 64134
8236 64360
8237 64305
8238 64283
8239 64026
8240 64245
8241 63582
8242 63708
8243 63854
8244 63533
8245 63434
8246 63656
8247 63249
8248 63790
8249 63226
8250 63592
8251 63284
8252 63238
8253 63688
8254 63671
8255 63245
8256 63433
8257 63388
8258 63734
8259 63248
8260 63687
8261 63514
8262 63844
8263 63183
8264 63838
8265 63604
8266 63524
8267 63740
8268 63981
8269 63261
8270 63669
8271 63801
8272 63780
8273 63604
8274 63849
8275 63938
8276 64258
8277 64447
8278 64540
8279 64134
8280 63865
8281 63905
8282 63934
8283 64148
8284 64320
8285 63760
8286 64135
8287 64155
8288 64065
8289 63749
8290 63989
8291 63729
8292 63715
8293 63562
8294 63570
8295 63958
8296 63476
8297 64028
8298 63495
8299 63426
8300 63499
8301 63401
8302 63275
8303 63110
8304 63253
8305 63529
8306 63027
8307 63368
8308 63435
8309 63193
8310 63419
8311 63370
8312 63706
8313 63324
8314 63228
8315 63694
8316 63676
8317 63480
8318 63769
8319 63775
8320 63984
8321 63896
8322 64255
8323 64091
8324 63556
8325 63825
8326 64020
8327 64352
8328 63995
8329 64418
8330 63923
8331 64135
8332 64033
8333 64350
8334 63965
8335 63938
8336 63957
8337 63961
8338 64122
8339 63688
8340 63989
8341 63533
8342 63527
8343 63856
8344 63816
8345 63786
8346 63754
8347 63896
8348 63614
8349 63517
8350 63558
8351 63565
8352 63079
8353 63368
8354 63609
8355 63491
8356 63462
8357 63103
8358 64082
8359 63470
8360 63402
8361 63630
8362 63757
8363 63771
8364 63502
8365 63762
8366 63810
8367 64003
8368 63748
8369 63892
8370 63569
8371 64080
8372 63955
8373 64098
8374 64249
8375 64252
8376 64481
8377 64082
8378 64076
8379 64310
8380 64175
8381 64245
8382 64044
8383 64065
8384 64055
8385 64313
8386 63774
8387 63918
8388 63465
8389 63761
8390 63461
8391 64012
8392 63486
8393 63807
8394 64015
8395 63883
8396 63498
8397 63214
8398 63572
8399 63273
8400 63225
8401 63859
8402 63376
8403 63014
8404 63596
8405 63004
8406 63208
8407 63795
8408 63536
8409 63709
8410 63351
8411 63780
8412 63804
8413 63353
8414 63611
8415 63554
8416 63808
8417 63856
8418 63790
8419 63809
8420 63900
8421 64598
8422 64257
8423 64108
8424 63904
8425 64253
8426 64279
8427 64435
8428 64213
8429 64163
8430 64152
8431 64663
8432 64402
8433 64021
8434 64341
8435 63996
8436 63894
8437 63899
8438 64359
8439 63830
8440 63928
8441 63924
8442 64374
8443 64068
8444 64119
8445 64087
8446 63440
8447 63394
8448 63945
8449 63555
8450 63746
8451 63839
8452 63748
8453 63614
8454 63326
8455 63278
8456 63685
8457 63748
8458 63641
8459 63246
8460 63872
8461 63534
8462 63393
8463 63698
8464 63779
8465 63751
8466 63829
8467 63663
8468 63925
8469 63993
8470 63850
8471 63557
8472 64256
8473 64142
8474 64333
8475 64074
8476 64278
8477 64294
8478 64374
8479 63846
8480 64319
8481 63937
8482 64163
8483 64028
8484 64249
8485 64128
8486 64028
8487 64123
8488 63520
8489 63819
8490 63528
8491 63790
8492 63491
8493 63649
8494 63664
8495 63247
8496 63511
8497 63084
8498 63110
8499 63278
8500 63192
8501 62890
8502 63142
8503 63166
8504 62944
8505 63514
8506 62930
8507 63055
8508 63332
8509 63199
8510 63143
8511 63529
8512 63408
8513 63402
8514 63590
8515 63203
8516 63329
8517 63471
8518 63497
8519 63997
8520 63729
8521 63704
8522 63881
8523 63908
8524 64194
8525 63928
8526 64114
8527 63864
8528 64252
8529 64385
8530 64042
8531 64048
8532 63892
8533 64060
8534 64229
8535 64228
8536 64015
8537 64127
8538 63832
8539 63590
8540 64011
8541 63742
8542 63680
8543 63903
8544 63636
8545 63427
8546 63503
8547 63807
8548 64169
8549 63428
8550 63317
8551 63339
8552 63230
8553 63999
8554 63172
8555 63194
8556 63742
8557 63379
8558 63598
8559 63375
8560 63800
8561 63532
8562 63843
8563 63601
8564 63236
8565 63697
8566 63419
8567 64013
8568 63716
8569 64130
8570 64125
8571 64128
8572 64200
8573 63841
8574 63939
8575 63932
8576 63808
8577 64102
8578 63958
8579 63946
8580 64173
8581 63552
8582 63915
8583 63771
8584 64133
8585 64360
8586 63530
8587 63851
8588 63789
8589 63823
8590 63413
8591 63095
8592 63584
8593 63144
8594 63105
8595 63324
8596 63343
8597 63448
8598 63506
8599 63114
8600 63342
8601 63815
8602 63290
8603 63107
8604 63126
8605 63683
8606 63203
8607 63275
8608 63564
8609 63377
8610 63578
8611 63627
8612 63609
8613 63903
8614 63162
8615 63686
8616 63621
8617 63599
8618 63916
8619 63665
8620 63540
8621 63601
8622 63750
8623 64074
8624 63775
8625 64166
8626 64046
8627 64511
8628 64163
8629 64308
8630 63915
8631 64017
8632 64563
8633 64240
8634 64473
8635 64344
8636 64639
8637 64107
8638 64219
8639 64105
8640 64343
8641 64249
8642 63990
8643 63835
8644 63995
8645 63757
8646 63998
8647 63535
8648 64033
8649 63577
8650 63682
8651 63940
8652 63919
8653 63542
8654 63540
8655 63739
8656 63529
8657 63794
8658 63783
8659 63533
8660 63604
8661 63890
8662 64068
8663 63820
8664 63998
8665 63632
8666 64136
8667 64308
8668 64141
8669 64192
8670 63952
8671 63943
8672 64062
8673 64337
8674 63873
8675 63982
8676 64190
8677 64360
8678 64339
8679 64223
8680 64578
8681 64735
8682 64022
8683 64667
8684 64347
8685 64336
8686 64418
8687 64307
8688 63625
8689 64325
8690 64449
8691 63959
8692 63971
8693 63897
8694 63463
8695 63478
8696 63495
8697 63621
8698 63285
8699 63971
8700 63972
8701 63782
8702 63920
8703 63827
8704 63452
8705 63726
8706 64065
8707 63875
8708 63318
8709 63414
8710 63484
8711 63853
8712 63550
8713 64042
8714 63967
8715 63705
8716 63735
8717 63760
8718 63792
8719 63910
8720 63908
8721 64475
8722 64311
8723 64018
8724 64116
8725 64529
8726 63883
8727 64481
8728 64679
8729 64848
8730 64219
8731 64276
8732 64218
8733 64240
8734 64656
8735 64541
8736 64316
8737 64132
8738 64588
8739 64673
8740 64063
8741 64155
8742 64295
8743 63958
8744 64068
8745 64053
8746 63895
8747 64232
8748 63989
8749 64011
8750 63914
8751 64144
8752 63722
8753 63933
8754 64066
8755 63417
8756 64187
8757 63781
8758 64126
8759 63665
8760 63762
8761 64361
8762 64170
8763 64165
8764 63995
8765 64151
8766 64206
8767 64279
8768 64294
8769 64207
8770 64209
8771 64317
8772 64346
8773 64686
8774 64503
8775 64248
8776 63977
8777 64478
8778 64486
8779 64611
8780 64554
8781 64736
8782 64312
8783 63927
8784 64275
8785 64550
8786 64136
8787 64500
8788 64157
8789 63884
8790 64226
8791 64217
8792 64212
8793 63764
8794 63952
8795 63760
8796 63900
8797 63491
8798 63733
8799 63719
8800 63739
8801 63803
8802 63621
8803 63853
8804 63803
8805 63948
8806 63439
8807 63552
8808 63762
8809 63549
8810 63511
8811 64028
8812 63649
8813 63886
8814 63811
8815 63878
8816 64112
8817 64059
8818 64234
8819 63735
8820 64548
8821 64126
8822 64280
8823 64471
8824 64529
8825 64306
8826 64473
8827 64530
8828 64142
8829 64424
8830 64237
8831 64661
8832 64622
8833 64233
8834 64539
8835 64738
8836 64561
8837 64688
8838 64500
8839 64584
8840 64462
8841 64389
8842 64340
8843 64630
8844 64288
8845 64198
8846 64429
8847 64246
8848 64041
8849 64326
8850 64407
8851 63934
8852 64043
8853 64252
8854 64093
8855 64484
8856 63614
8857 63638
8858 63832
8859 63782
8860 64547
8861 64360
8862 64084
8863 64289
8864 64518
8865 64551
8866 64177
8867 64183
8868 64005
8869 64448
8870 64597
8871 64162
8872 64729
8873 64381
8874 64529
8875 64695
8876 65124
8877 64571
8878 65177
8879 64822
8880 64852
8881 64829
8882 64292
8883 64266
8884 64112
8885 64447
8886 64422
8887 64876
8888 64691
8889 64523
8890 64509
8891 64738
8892 64492
8893 64426
8894 64250
8895 63932
8896 64194
8897 64143
8898 64099
8899 63877
8900 63942
8901 64210
8902 64150
8903 64192
8904 63997
8905 63574
8906 64122
8907 64038
8908 64437
8909 64242
8910 64031
8911 64222
8912 64320
8913 64135
8914 64008
8915 64650
8916 64221
8917 64277
8918 64596
8919 64569
8920 64295
8921 64609
8922 64371
8923 64537
8924 65171
8925 64492
8926 64337
8927 65003
8928 64873
8929 65012
8930 64246
8931 64494
8932 65148
8933 64728
8934 64542
8935 64952
8936 64892
8937 64800
8938 64110
8939 64985
8940 64489
8941 64644
8942 64747
8943 64716
8944 64772
8945 64805
8946 64357
8947 64509
8948 64633
8949 64239
8950 64504
8951 64481
8952 64470
8953 64667
8954 64294
8955 64492
8956 64436
8957 64420
8958 64729
8959 64827
8960 64737
8961 64765
8962 64542
8963 64617
8964 64993
8965 64736
8966 65034
8967 64670
8968 64682
8969 64476
8970 64632
8971 64918
8972 64613
8973 64906
8974 64845
8975 65022
8976 64922
8977 65110
8978 64695
8979 65246
8980 64935
8981 65217
8982 65431
8983 64702
8984 64725
8985 64815
8986 65170
8987 64824
8988 64791
8989 64491
8990 64766
8991 64593
8992 64422
8993 64597
8994 64643
8995 64518
8996 64320
8997 64276
8998 64011
8999 64314
9000 64734
9001 64733
9002 64700
9003 64308
9004 64233
9005 64198
9006 64378
9007 64558
9008 63950
9009 64409
9010 64361
9011 64462
9012 63926
9013 64546
9014 64249
9015 65102
9016 64808
9017 64829
9018 64850
9019 64685
9020 65038
9021 65225
9022 64822
9023 65260
9024 65365
9025 65554
9026 64872
9027 64623
9028 65163
9029 64971
9030 65863
9031 64814
9032 65005
9033 65129
9034 65171
9035 65322
9036 65045
9037 64778
9038 64937
9039 65025
9040 64961
9041 65308
9042 64750
9043 64879
9044 64734
9045 64745
9046 64603
9047 65198
9048 64557
9049 64664
9050 64377
9051 64573
9052 64786
9053 65042
9054 65023
9055 64761
9056 65108
9057 65261
9058 64947
9059 64572
9060 65000
9061 64390
9062 64899
9063 64645
9064 64695
9065 64887
9066 64617
9067 65098
9068 64870
9069 64708
9070 65370
9071 65026
9072 65171
9073 65296
9074 65572
9075 65390
9076 65206
9077 65400
9078 65023
9079 64949
9080 65069
9081 65058
9082 64788
9083 65061
9084 65568
9085 64968
9086 64791
9087 64836
9088 65341
9089 65122
9090 65058
9091 65109
9092 65233
9093 64917
9094 64793
9095 65011
9096 64836
9097 64660
9098 64808
9099 64895
9100 65167
9101 64923
9102 64544
9103 64764
9104 65222
9105 64908
9106 64399
9107 64786
9108 64549
9109 64836
9110 64598
9111 64955
9112 64636
9113 64926
9114 64865
9115 64789
9116 64860
9117 64703
9118 64864
9119 65133
9120 64773
9121 65455
9122 65181
9123 64776
9124 65091
9125 64942
9126 65075
9127 65684
9128 64990
9129 65303
9130 65181
9131 65504
9132 65134
9133 65540
9134 65342
9135 65272
9136 65222
9137 65108
9138 64950
9139 65165
9140 65013
9141 65228
9142 64779
9143 64579
9144 64963
9145 65196
9146 65332
9147 65318
9148 65112
9149 64699
9150 65287
9151 65075
9152 64683
9153 64922
9154 65115
9155 64995
9156 64848
9157 64928
9158 65245
9159 65299
9160 65022
9161 64760
9162 64876
9163 64646
9164 64751
9165 64727
9166 64672
9167 65317
9168 65282
9169 65208
9170 65249
9171 65083
9172 65382
9173 65268
9174 64856
9175 65406
9176 65332
9177 65925
9178 65169
9179 65375
9180 65232
9181 65154
9182 65147
9183 64978
9184 65383
9185 65263
9186 65087
9187 65071
9188 65359
9189 65199
9190 65065
9191 65534
9192 65039
9193 65368
9194 64987
9195 65396
9196 65106
9197 65441
9198 64938
9199 65046
9200 65267
9201 64807
9202 65139
9203 65491
9204 65086
9205 65219
9206 65146
9207 65490
9208 65152
9209 65279
9210 65212
9211 64936
9212 65499
9213 65354
9214 65217
9215 65005
9216 65048
9217 65169
9218 65787
9219 65504
9220 65210
9221 65193
9222 65367
9223 65702
9224 65609
9225 65300
9226 65790
9227 65600
9228 65361
9229 65501
9230 65777
9231 65673
9232 65586
9233 65362
9234 65919
9235 65323
9236 65863
9237 65602
9238 65398
9239 65498
9240 65298
9241 65411
9242 65444
9243 65155
9244 65123
9245 64885
9246 65436
9247 65032
9248 65153
9249 65422
9250 65089
9251 65464
9252 65438
9253 65097
9254 65622
9255 65023
9256 65231
9257 65343
9258 65599
9259 65317
9260 65280
9261 65266
9262 65173
9263 65399
9264 65420
9265 65080
9266 65489
9267 65552
9268 65545
9269 65363
9270 65702
9271 65584
9272 65495
9273 65593
9274 65529
9275 65403
9276 65521
9277 65706
9278 65364
9279 65634
9280 65599
9281 65771
9282 65391
9283 65190
9284 65703
9285 65154
9286 65386
9287 65218
9288 64843
9289 65512
9290 65249
9291 65157
9292 65329
9293 65025
9294 64970
9295 65245
9296 64602
9297 64960
9298 64916
9299 64754
9300 64939
9301 65069
9302 64853
9303 64500
9304 64598
9305 64864
9306 65153
9307 64566
9308 64721
9309 64919
9310 64867
9311 65010
9312 64409
9313 64766
9314 65655
9315 65125
9316 65101
9317 64939
9318 65145
9319 65466
9320 65607
9321 65082
9322 64799
9323 65466
9324 65222
9325 65273
9326 65269
9327 65449
9328 65678
9329 65714
9330 65170
9331 65639
9332 65291
9333 65594
9334 65454
9335 65212
9336 65499
9337 65247
9338 65372
9339 65497
9340 64987
9341 65177
9342 65701
9343 65184
9344 65301
9345 65518
9346 64987
9347 65368
9348 64826
9349 65206
9350 64787
9351 65271
9352 64851
9353 65214
9354 64549
9355 65177
9356 65399
9357 65157
9358 64508
9359 64696
9360 65391
9361 65043
9362 64849
9363 65315
9364 65333
9365 65157
9366 65555
9367 65410
9368 65236
9369 65222
9370 65697
9371 65318
9372 65692
9373 65421
9374 65182
9375 65156
9376 65408
9377 64910
9378 65256
9379 65553
9380 65261
9381 65565
9382 65157
9383 65018
9384 65293
9385 65292
9386 64505
9387 65283
9388 64329
9389 64924
9390 64664
9391 64468
9392 64729
9393 64580
9394 64460
9395 64933
9396 64645
9397 64622
9398 64724
9399 64486
9400 64379
9401 64613
9402 64127
9403 64360
9404 64240
9405 64791
9406 64072
9407 64194
9408 64227
9409 64621
9410 64295
9411 64206
9412 64041
9413 64179
9414 64673
9415 64314
9416 64658
9417 64064
9418 64856
9419 64615
9420 64965
9421 64962
9422 64552
9423 64739
9424 65133
9425 64959
9426 64667
9427 64634
9428 65311
9429 65107
9430 65191
9431 64872
9432 64801
9433 65359
9434 65146
9435 64943
9436 65351
9437 64740
9438 64916
9439 64661
9440 64511
9441 64987
9442 64264
9443 64952
9444 64761
9445 64773
9446 64890
9447 64353
9448 64604
9449 64438
9450 64446
9451 64749
9452 64208
9453 64458
9454 64875
9455 64542
9456 64165
9457 64479
9458 64277
9459 64283
9460 64259
9461 64500
9462 64273
9463 64863
9464 64669
9465 64795
9466 64309
9467 64703
9468 64909
9469 65018
9470 64102
9471 64665
9472 64569
9473 64907
9474 64845
9475 64681
9476 64604
9477 64696
9478 64625
9479 64976
9480 65008
9481 64430
9482 64455
9483 64685
9484 64717
9485 64757
9486 64692
9487 64467
9488 64644
9489 64318
9490 63905
9491 64639
9492 64166
9493 64345
9494 64320
9495 64111
9496 64200
9497 64253
9498 64068
9499 64279
9500 63748
9501 64150
9502 64022
9503 64242
9504 63918
9505 63619
9506 63830
9507 63814
9508 63703
9509 64179
9510 63350
9511 63798
9512 63922
9513 63491
9514 64181
9515 64468
9516 64137
9517 64130
9518 64289
9519 64266
9520 64420
9521 64749
9522 64217
9523 63757
9524 64393
9525 64345
9526 64233
9527 64532
9528 64638
9529 64274
9530 64407
9531 64494
9532 64552
9533 64661
9534 64886
9535 64759
9536 64254
9537 64843
9538 64318
9539 64411
9540 64546
9541 64208
9542 64728
9543 64520
9544 64084
9545 64216
9546 64384
9547 63538
9548 64336
9549 64074
9550 64498
9551 63904
9552 64263
9553 64369
9554 63947
9555 64028
9556 64447
9557 63831
9558 64143
9559 64071
9560 64162
9561 64027
9562 64529
9563 64122
9564 64410
9565 64208
9566 64389
9567 64321
9568 64809
9569 64508
9570 64603
9571 64210
9572 64691
9573 64312
9574 64683
9575 64779
9576 64723
9577 65001
9578 64677
9579 64424
9580 64722
9581 64600
9582 64594
9583 64276
9584 64542
9585 64128
9586 64537
9587 64346
9588 64035
9589 64149
9590 64389
9591 64124
9592 64168
9593 63627
9594 64143
9595 63676
9596 63774
9597 63797
9598 63888
9599 63727
9600 63626
9601 63773
9602 63728
9603 63928
9604 64174
9605 63849
9606 64160
9607 63806
9608 63721
9609 63958
9610 63999
9611 64188
9612 63885
9613 64174
9614 63884
9615 63774
9616 64118
9617 63798
9618 64148
9619 64298
9620 64422
9621 64402
9622 63937
9623 63856
9624 64575
9625 64008
9626 64575
9627 64308
9628 64574
9629 64291
9630 64487
9631 64367
9632 64363
9633 64161
9634 64099
9635 64753
9636 64685
9637 64226
9638 64384
9639 64427
9640 64603
9641 64318
9642 63954
9643 64450
9644 64518
9645 64367
9646 64429
9647 64155
9648 64072
9649 64194
9650 64384
9651 64459
9652 64281
9653 63797
9654 64115
9655 64402
9656 64000
9657 64048
9658 64147
9659 64057
9660 64079
9661 64392
9662 64338
9663 64422
9664 64372
9665 64760
9666 64345
9667 64559
9668 64270
9669 64567
9670 64327
9671 64898
9672 65014
9673 64633
9674 64249
9675 64390
9676 64700
9677 64117
9678 65010
9679 64654
9680 64930
9681 64620
9682 64873
9683 64612
9684 64577
9685 64553
9686 64753
9687 64486
9688 64708
9689 64185
9690 64489
9691 64311
9692 64100
9693 64490
9694 63675
9695 63979
9696 64207
9697 64514
9698 64126
9699 64183
9700 63931
9701 63889
9702 63962
9703 64215
9704 64136
9705 63886
9706 64060
9707 64153
9708 64290
9709 64184
9710 64198
9711 64351
9712 63796
9713 63925
9714 64116
9715 63741
9716 64095
9717 64396
9718 64294
9719 64434
9720 64645
9721 64323
9722 64511
9723 64662
9724 64576
9725 64603
9726 64780
9727 64916
9728 65021
9729 64782
9730 64890
9731 64810
9732 64819
9733 64944
9734 64862
9735 64788
9736 65311
9737 64932
9738 64901
9739 64774
9740 64953
9741 64833
9742 64880
9743 64597
9744 64814
9745 64869
9746 64476
9747 64845
9748 64624
9749 64809
9750 64833
9751 64800
9752 64728
9753 64505
9754 64392
9755 64490
9756 64433
9757 64771
9758 64582
9759 64254
9760 64630
9761 64406
9762 64735
9763 64674
9764 64652
9765 64194
9766 64550
9767 64937
9768 65033
9769 64523
9770 64915
9771 64873
9772 65135
9773 64646
9774 64860
9775 65155
9776 65082
9777 64771
9778 65355
9779 64852
9780 65135
9781 64842
9782 64844
9783 65141
9784 64900
9785 65057
9786 64468
9787 64871
9788 64682
9789 64959
9790 64748
9791 64608
9792 64400
9793 64280
9794 64722
9795 64445
9796 64540
9797 64318
9798 64599
9799 64624
9800 64851
9801 64748
9802 64547
9803 63960
9804 64359
9805 64624
9806 64569
9807 64257
9808 64650
9809 64546
9810 64787
9811 64456
9812 64389
9813 64391
9814 64621
9815 64895
9816 65013
9817 64817
9818 64878
9819 65107
9820 65147
9821 64795
9822 65032
9823 64954
9824 65084
9825 64887
9826 65306
9827 64772
9828 65199
9829 65064
9830 65022
9831 64941
9832 64922
9833 65091
9834 65457
9835 64860
9836 65437
9837 65414
9838 65197
9839 65034
9840 65248
9841 65224
9842 65102
9843 65019
9844 65024
9845 64949
9846 65114
9847 64869
9848 65158
9849 64818
9850 65063
9851 64957
9852 64815
9853 64832
9854 64696
9855 64805
9856 64827
9857 64610
9858 64927
9859 65162
9860 65047
9861 65025
9862 64830
9863 64926
9864 64692
9865 64961
9866 64975
9867 65072
9868 65242
9869 65248
9870 64838
9871 65613
9872 65386
9873 64859
9874 65509
9875 65484
9876 65164
9877 65125
9878 65176
9879 65455
9880 65462
9881 64499
9882 64966
9883 65024
9884 65013
9885 64785
9886 64630
9887 65003
9888 64603
9889 64874
9890 64669
9891 64805
9892 65049
9893 64465
9894 64363
9895 64718
9896 65206
9897 64822
9898 64810
9899 64625
9900 64204
9901 64380
9902 64172
9903 64365
9904 64313
9905 64467
9906 64286
9907 64013
9908 64324
9909 64137
9910 64555
9911 64796
9912 64372
9913 64339
9914 64374
9915 64698
9916 64238
9917 64343
9918 64641
9919 64656
9920 64630
9921 64781
9922 64691
9923 65017
9924 64931
9925 65051
9926 65033
9927 64986
9928 64503
9929 65030
9930 65019
9931 65157
9932 64774
9933 64970
9934 64560
9935 65118
9936 65370
9937 65355
9938 64722
9939 64849
9940 65341
9941 64721
9942 64382
9943 64763
9944 64868
9945 64415
9946 64572
9947 64982
9948 64308
9949 64768
9950 64692
9951 64980
9952 64159
9953 64676
9954 63933
9955 64399
9956 64055
9957 64372
9958 64001
9959 64350
9960 64491
9961 64678
9962 64613
9963 64559
9964 64695
9965 64348
9966 64719
9967 64228
9968 64422
9969 64902
9970 64852
9971 64966
9972 64827
9973 64572
9974 64740
