H11890
GateTime 10
GateNumber 0
SN 30430302
0 62488
1 62160
2 62028
3 62330
4 62242
5 62378
6 61869
7 62133
8 62386
9 62148
10 62019
11 62132
12 62584
13 62345
14 62939
15 62408
16 62224
17 62523
18 62566
19 62267
20 62472
21 62422
22 62152
23 62403
24 61977
25 61969
26 61931
27 62220
28 62196
29 61836
30 61836
31 61845
32 61936
33 61912
34 61511
35 61536
36 61892
37 61808
38 61850
39 61716
40 61535
41 61897
42 61440
43 61509
44 61541
45 61718
46 61460
47 61918
48 61786
49 61969
50 61326
51 61284
52 61725
53 61945
54 62109
55 61783
56 62093
57 61925
58 61685
59 61942
60 62115
61 61846
62 61959
63 62413
64 62007
65 62027
66 62179
67 61978
68 62401
69 62653
70 62553
71 62207
72 62535
73 62464
74 62750
75 62269
76 62316
77 62186
78 61721
79 61996
80 62167
81 62395
82 62421
83 62255
84 62217
85 61931
86 62099
87 62054
88 61982
89 61837
90 62135
91 61687
92 62188
93 62430
94 62071
95 61813
96 62030
97 62097
98 61858
99 61773
100 61810
101 62204
102 61895
103 62037
104 62053
105 61751
106 61873
107 62429
108 61920
109 62211
110 62578
111 62018
112 62238
113 62502
114 62681
115 61913
116 62684
117 62572
118 61861
119 62142
120 62259
121 62789
122 62221
123 62142
124 61948
125 62031
126 61815
127 62006
128 62152
129 61742
130 61808
131 61526
132 61885
133 61623
134 61676
135 62020
136 61688
137 61678
138 61797
139 61724
140 61261
141 61328
142 61603
143 61685
144 61903
145 61480
146 61510
147 61832
148 61749
149 61624
150 61368
151 61637
152 61264
153 61498
154 61746
155 61552
156 61572
157 61723
158 61636
159 61912
160 61918
161 61997
162 62188
163 62297
164 61876
165 61935
166 62194
167 62065
168 62358
169 62283
170 62400
171 62306
172 62436
173 62332
174 62782
175 62584
176 62303
177 61931
178 62411
179 62054
180 62090
181 61999
182 61309
183 62079
184 62303
185 61950
186 61446
187 62023
188 62280
189 61822
190 61730
191 62032
192 61914
193 61742
194 61888
195 61788
196 62042
197 61972
198 61827
199 62031
200 61677
201 61839
202 61795
203 61643
204 62150
205 61967
206 61630
207 61597
208 61940
209 61916
210 62098
211 62292
212 62112
213 62337
214 62495
215 62470
216 62863
217 62660
218 62482
219 62339
220 62582
221 62163
222 62094
223 61740
224 61882
225 62060
226 61987
227 62134
228 62004
229 61937
230 61670
231 61772
232 61967
233 61817
234 61813
235 61943
236 61574
237 61549
238 61114
239 61613
240 61739
241 61244
242 61164
243 61250
244 61727
245 61496
246 61421
247 61556
248 61598
249 61417
250 61238
251 61595
252 61872
253 61712
254 61828
255 61613
256 61665
257 61647
258 61733
259 61988
260 61721
261 61951
262 62194
263 61927
264 61804
265 61986
266 61580
267 62449
268 62221
269 62306
270 62232
271 62502
272 62088
273 62252
274 62174
275 62132
276 61706
277 62490
278 61835
279 62038
280 61795
281 61638
282 61634
283 61893
284 61953
285 61976
286 61584
287 61653
288 61280
289 61883
290 61840
291 62093
292 61245
293 61861
294 62377
295 61182
296 61564
297 61312
298 61722
299 62124
300 61828
301 61918
302 61477
303 61771
304 61563
305 61913
306 61557
307 61703
308 61784
309 61893
310 61443
311 62151
312 61566
313 62191
314 61987
315 62486
316 61874
317 62502
318 61919
319 62084
320 61826
321 62123
322 61548
323 61561
324 61833
325 61813
326 61979
327 61541
328 61456
329 61403
330 61393
331 61474
332 60924
333 61378
334 61227
335 61328
336 61366
337 61448
338 60951
339 61296
340 61576
341 60991
342 61265
343 61533
344 60796
345 60917
346 61430
347 60972
348 61189
349 61563
350 61283
351 61270
352 61759
353 61149
354 61075
355 61489
356 61548
357 61217
358 61579
359 61342
360 61577
361 61478
362 61299
363 61465
364 62010
365 61557
366 61917
367 61574
368 61718
369 62146
370 62007
371 62357
372 61625
373 61795
374 62475
375 62080
376 61876
377 61941
378 61793
379 61851
380 61515
381 61668
382 61725
383 61604
384 61760
385 61699
386 61847
387 61357
388 61282
389 61312
390 61650
391 61686
392 61608
393 61764
394 60971
395 61763
396 61567
397 61331
398 61465
399 61228
400 61359
401 61671
402 61594
403 61659
404 61368
405 61700
406 61800
407 61489
408 61335
409 61298
410 61610
411 61619
412 61769
413 61666
414 61790
415 61864
416 61886
417 62009
418 62269
419 62217
420 61589
421 62271
422 61783
423 61571
424 61558
425 61620
426 61497
427 61696
428 61379
429 61357
430 61052
431 61407
432 61020
433 61372
434 60931
435 61049
436 61404
437 61468
438 60930
439 61396
440 61208
441 61000
442 61426
443 60758
444 61137
445 61181
446 61615
447 61216
448 61098
449 60828
450 61143
451 60935
452 61711
453 61389
454 61577
455 61271
456 61571
457 61248
458 61458
459 61231
460 61427
461 61607
462 61692
463 61615
464 61881
465 61987
466 62039
467 62112
468 62137
469 61993
470 62294
471 62433
472 62375
473 62363
474 62089
475 62598
476 62101
477 61904
478 61986
479 62111
480 61699
481 62008
482 61636
483 61520
484 61731
485 62277
486 61961
487 61954
488 62326
489 62145
490 61494
491 61618
492 61803
493 61867
494 62132
495 61806
496 61866
497 62213
498 61660
499 61959
500 61756
501 61878
502 62033
503 61945
504 61849
505 62120
506 61833
507 62169
508 62331
509 62053
510 62446
511 62139
512 62184
513 62360
514 62366
515 62589
516 62509
517 62561
518 61818
519 62027
520 62546
521 62341
522 62237
523 62213
524 62524
525 61907
526 62428
527 61870
528 61678
529 61562
530 61397
531 61781
532 61738
533 61676
534 61753
535 61724
536 61492
537 61710
538 61607
539 61771
540 61806
541 62013
542 61564
543 61867
544 61612
545 61838
546 61546
547 61766
548 61823
549 61608
550 61212
551 61832
552 61857
553 61719
554 61780
555 61951
556 61626
557 62066
558 62114
559 62099
560 61874
561 61792
562 62068
563 61927
564 62179
565 62184
566 62630
567 61986
568 62248
569 62350
570 62434
571 62300
572 62185
573 62299
574 62333
575 62397
576 62180
577 62009
578 62313
579 62332
580 62089
581 61873
582 61788
583 61964
584 62138
585 61789
586 61691
587 62038
588 61812
589 61752
590 61494
591 62398
592 62049
593 61977
594 61744
595 62031
596 61726
597 61988
598 61966
599 62076
600 61909
601 62072
602 61659
603 62174
604 62137
605 62108
606 62252
607 61655
608 61957
609 62141
610 62313
611 61920
612 62135
613 62445
614 62169
615 62228
616 62546
617 62593
618 62372
619 62652
620 62531
621 62679
622 62040
623 62725
624 62448
625 61776
626 62011
627 61745
628 61730
629 61501
630 62038
631 62021
632 61679
633 61552
634 61791
635 61836
636 61523
637 62175
638 61634
639 61480
640 61848
641 61660
642 61725
643 61521
644 61719
645 61334
646 61257
647 61274
648 61377
649 61770
650 61375
651 61197
652 61325
653 61468
654 61398
655 61783
656 61386
657 61844
658 61868
659 61966
660 61454
661 61942
662 61759
663 61831
664 61742
665 61882
666 61868
667 62310
668 62043
669 61932
670 62213
671 62107
672 61991
673 61816
674 62424
675 62499
676 62794
677 62377
678 62023
679 62019
680 61988
681 61870
682 61832
683 62180
684 61976
685 61482
686 62011
687 61770
688 61720
689 61802
690 61804
691 61631
692 61855
693 61671
694 62076
695 61799
696 61938
697 61495
698 61574
699 62146
700 61960
701 61825
702 62210
703 61704
704 61911
705 62003
706 62191
707 61835
708 61830
709 61836
710 62211
711 62280
712 62234
713 62036
714 63002
715 62393
716 62485
717 62514
718 62395
719 62097
720 61965
721 62136
722 61689
723 62195
724 62007
725 62020
726 61600
727 61557
728 61511
729 61631
730 61500
731 61457
732 61760
733 61781
734 61423
735 61573
736 61653
737 61302
738 61582
739 61812
740 61500
741 61318
742 61809
743 61352
744 61610
745 61434
746 61565
747 61263
748 61446
749 61562
750 61450
751 61361
752 61280
753 61496
754 61260
755 61640
756 61465
757 61695
758 61702
759 61801
760 61218
761 61852
762 61859
763 61896
764 61763
765 62071
766 62123
767 62394
768 62261
769 62020
770 62589
771 62015
772 62231
773 62540
774 62078
775 62089
776 62038
777 62165
778 61652
779 61878
780 61649
781 61958
782 62083
783 61511
784 61935
785 61489
786 62127
787 61647
788 61601
789 62201
790 61573
791 61575
792 61738
793 61471
794 61813
795 61551
796 61551
797 62153
798 61825
799 62413
800 61850
801 62131
802 61674
803 61811
804 61831
805 61888
806 61590
807 62361
808 62102
809 62079
810 61816
811 61707
812 62136
813 62235
814 62117
815 62067
816 62275
817 61950
818 61682
819 62524
820 62740
821 61910
822 61928
823 61816
824 62048
825 62259
826 61906
827 61742
828 61323
829 61648
830 62046
831 61856
832 61492
833 61550
834 61552
835 61496
836 61629
837 61376
838 61578
839 61264
840 61572
841 61413
842 60930
843 61188
844 61112
845 61393
846 61028
847 61343
848 61443
849 61345
850 61256
851 60857
852 61262
853 61503
854 61515
855 61620
856 61656
857 61463
858 61506
859 61625
860 61636
861 61707
862 62075
863 62102
864 61958
865 62100
866 61804
867 62384
868 62123
869 62219
870 62576
871 62364
872 62504
873 62005
874 62369
875 62330
876 62019
877 62131
878 61839
879 62013
880 62161
881 61972
882 61855
883 61978
884 61899
885 61496
886 61845
887 61597
888 61846
889 61665
890 61501
891 61683
892 62066
893 61782
894 61407
895 61586
896 61899
897 61726
898 61749
899 62077
900 61694
901 61721
902 61980
903 61850
904 61807
905 61996
906 61883
907 62329
908 61654
909 62312
910 62191
911 62127
912 62447
913 62193
914 62012
915 62245
916 62150
917 62382
918 62568
919 62117
920 62478
921 61935
922 61912
923 61821
924 61798
925 62011
926 62066
927 61976
928 61487
929 61747
930 61393
931 61553
932 61794
933 61583
934 61882
935 61670
936 61632
937 61698
938 61635
939 61306
940 61555
941 61826
942 61542
943 61633
944 61478
945 61354
946 61585
947 61395
948 61313
949 61401
950 60961
951 61444
952 61541
953 61455
954 61806
955 61908
956 61599
957 61515
958 61731
959 61657
960 61653
961 61909
962 61894
963 62163
964 61802
965 62366
966 62059
967 62035
968 62220
969 62599
970 62411
971 62297
972 62269
973 62195
974 62444
975 62269
976 62392
977 62547
978 62288
979 61855
980 61839
981 61972
982 61892
983 62091
984 62006
985 61749
986 61486
987 61766
988 61864
989 62084
990 62017
991 62187
992 61770
993 61703
994 62098
995 61861
996 61968
997 61861
998 61622
999 61860
1000 62180
1001 61836
1002 61927
1003 62182
1004 61743
1005 61913
1006 62304
1007 61901
1008 62126
1009 62472
1010 62132
1011 62549
1012 62232
1013 61995
1014 62667
1015 62197
1016 62467
1017 62651
1018 62449
1019 62519
1020 62355
1021 61905
1022 62549
1023 62297
1024 62472
1025 62675
1026 61957
1027 62045
1028 61862
1029 62001
1030 61623
1031 61796
1032 61641
1033 62076
1034 62125
1035 61943
1036 62138
1037 61741
1038 62051
1039 61822
1040 61735
1041 61777
1042 61466
1043 61895
1044 61831
1045 61428
1046 61899
1047 61886
1048 61661
1049 62232
1050 61814
1051 61580
1052 62150
1053 61701
1054 61789
1055 62103
1056 61841
1057 62053
1058 61799
1059 62167
1060 62302
1061 62398
1062 62171
1063 62030
1064 62018
1065 62261
1066 61991
1067 62503
1068 62319
1069 62371
1070 62575
1071 62461
1072 62680
1073 62820
1074 62683
1075 62296
1076 62448
1077 62076
1078 62222
1079 62250
1080 61799
1081 62270
1082 62738
1083 62507
1084 62083
1085 62231
1086 62137
1087 62078
1088 62110
1089 62012
1090 62217
1091 62172
1092 62489
1093 62430
1094 62122
1095 62428
1096 62398
1097 61998
1098 62064
1099 62147
1100 62244
1101 62291
1102 62604
1103 62498
1104 62301
1105 62086
1106 62662
1107 62288
1108 62306
1109 62418
1110 62046
1111 62399
1112 62855
1113 62709
1114 62689
1115 62363
1116 62746
1117 62742
1118 63349
1119 62124
1120 62639
1121 62930
1122 62458
1123 62450
1124 62394
1125 62402
1126 62565
1127 62430
1128 62150
1129 62627
1130 62510
1131 62418
1132 62243
1133 62307
1134 62416
1135 61933
1136 62148
1137 62188
1138 62148
1139 61942
1140 62006
1141 61984
1142 62053
1143 62108
1144 61905
1145 61650
1146 62034
1147 62101
1148 61701
1149 62366
1150 62355
1151 62230
1152 62228
1153 61989
1154 62131
1155 62275
1156 62032
1157 61888
1158 62215
1159 62188
1160 62270
1161 62583
1162 62339
1163 62049
1164 62544
1165 63008
1166 62420
1167 63178
1168 62701
1169 62808
1170 63054
1171 63062
1172 62536
1173 63185
1174 63224
1175 63084
1176 62695
1177 62675
1178 63226
1179 63115
1180 62845
1181 62516
1182 62835
1183 62068
1184 62552
1185 63006
1186 62579
1187 62691
1188 62611
1189 62945
1190 62550
1191 62705
1192 62741
1193 62836
1194 62583
1195 62802
1196 62676
1197 62569
1198 62822
1199 62957
1200 62768
1201 62926
1202 62549
1203 62835
1204 62593
1205 62875
1206 62813
1207 63156
1208 62717
1209 62680
1210 62839
1211 63238
1212 63256
1213 63171
1214 63155
1215 63481
1216 63574
1217 63001
1218 62667
1219 62866
1220 63214
1221 62941
1222 62858
1223 63011
1224 62975
1225 62838
1226 62805
1227 63091
1228 62412
1229 62600
1230 62427
1231 62754
1232 62336
1233 62725
1234 62604
1235 62557
1236 62707
1237 62325
1238 62664
1239 62320
1240 62779
1241 62379
1242 62464
1243 62100
1244 62313
1245 62881
1246 62613
1247 62433
1248 62467
1249 62748
1250 62776
1251 62256
1252 62775
1253 62467
1254 62891
1255 62735
1256 62309
1257 62878
1258 62728
1259 62741
1260 62870
1261 62883
1262 63106
1263 62959
1264 62854
1265 63085
1266 63060
1267 62733
1268 63397
1269 63576
1270 63472
1271 63490
1272 63484
1273 63116
1274 63504
1275 64006
1276 63867
1277 63047
1278 63041
1279 63437
1280 63225
1281 62874
1282 62895
1283 63068
1284 63200
1285 63339
1286 63316
1287 63217
1288 62954
1289 63144
1290 63265
1291 63203
1292 63116
1293 62960
1294 63116
1295 63590
1296 63306
1297 63287
1298 63045
1299 62980
1300 63385
1301 63187
1302 63590
1303 62983
1304 63058
1305 63176
1306 63670
1307 63593
1308 63425
1309 63515
1310 63005
1311 63560
1312 63214
1313 63635
1314 63237
1315 63544
1316 63283
1317 63567
1318 63441
1319 63844
1320 63381
1321 63279
1322 63733
1323 63188
1324 63320
1325 63183
1326 63540
1327 63147
1328 62939
1329 62696
1330 63001
1331 63152
1332 63141
1333 63073
1334 63098
1335 63142
1336 63390
1337 63095
1338 62846
1339 63178
1340 63397
1341 63429
1342 63163
1343 62906
1344 63101
1345 62881
1346 62586
1347 63155
1348 62797
1349 63282
1350 63181
1351 63561
1352 63265
1353 63046
1354 63107
1355 63141
1356 63321
1357 63267
1358 63122
1359 63211
1360 63480
1361 63506
1362 63299
1363 63404
1364 63186
1365 63694
1366 63523
1367 63580
1368 63308
1369 63600
1370 63811
1371 63884
1372 64029
1373 64089
1374 63990
1375 63996
1376 63493
1377 64125
1378 63868
1379 63745
1380 63700
1381 63510
1382 63736
1383 63752
1384 63776
1385 63645
1386 63522
1387 63894
1388 63437
1389 64198
1390 63855
1391 63936
1392 63717
1393 63843
1394 63542
1395 63924
1396 64095
1397 63555
1398 63739
1399 63380
1400 63488
1401 63758
1402 63794
1403 63433
1404 63550
1405 64016
1406 63938
1407 64238
1408 63933
1409 63994
1410 63566
1411 64298
1412 64075
1413 64078
1414 64560
1415 64076
1416 63871
1417 64082
1418 64416
1419 63950
1420 63769
1421 63617
1422 63526
1423 63947
1424 63712
1425 63947
1426 63960
1427 64133
1428 63521
1429 64059
1430 63555
1431 63588
1432 63478
1433 63935
1434 63659
1435 63207
1436 63535
1437 64022
1438 63717
1439 63610
1440 63571
1441 63559
1442 63548
1443 63622
1444 63794
1445 63914
1446 63768
1447 63674
1448 63535
1449 63791
1450 63477
1451 63751
1452 64002
1453 63571
1454 63824
1455 63733
1456 63775
1457 63948
1458 63969
1459 64141
1460 63733
1461 64010
1462 63850
1463 64369
1464 64466
1465 64452
1466 64094
1467 64292
1468 64474
1469 64157
1470 64693
1471 64350
1472 64473
1473 64703
1474 64036
1475 64725
1476 64685
1477 64403
1478 64498
1479 64379
1480 64553
1481 64182
1482 64071
1483 64399
1484 64471
1485 64756
1486 64116
1487 64012
1488 63918
1489 64201
1490 64270
1491 64826
1492 64418
1493 64024
1494 64530
1495 64177
1496 64482
1497 64216
1498 64525
1499 64426
1500 64411
1501 64229
1502 64341
1503 64255
1504 64438
1505 64478
1506 64177
1507 64491
1508 64792
1509 64609
1510 64695
1511 64760
1512 64483
1513 64616
1514 64865
1515 64834
1516 64827
1517 64766
1518 64353
1519 64807
1520 64317
1521 64675
1522 64686
1523 64765
1524 64638
1525 64490
1526 63922
1527 64500
1528 64127
1529 64350
1530 64464
1531 64023
1532 63945
1533 64205
1534 63883
1535 64390
1536 64214
1537 64415
1538 63969
1539 64109
1540 64517
1541 63994
1542 64128
1543 63551
1544 64227
1545 63430
1546 63942
1547 64321
1548 64484
1549 64367
1550 64343
1551 63807
1552 64320
1553 64188
1554 64602
1555 64009
1556 64169
1557 64633
1558 64204
1559 64745
1560 64672
1561 64272
1562 64243
1563 64579
1564 64777
1565 65260
1566 64861
1567 65102
1568 64968
1569 64883
1570 64852
1571 64797
1572 64700
1573 64695
1574 65204
1575 65240
1576 64749
1577 65021
1578 64826
1579 65206
1580 64823
1581 65069
1582 64895
1583 65332
1584 64777
1585 64829
1586 65192
1587 64644
1588 65149
1589 65406
1590 65037
1591 64715
1592 64866
1593 64613
1594 65092
1595 65000
1596 65136
1597 65132
1598 64910
1599 64534
1600 64953
1601 64947
1602 64979
1603 64687
1604 64866
1605 65101
1606 65334
1607 64994
1608 65206
1609 65173
1610 64890
1611 64897
1612 65157
1613 64887
1614 65447
1615 64949
1616 65302
1617 64718
1618 65316
1619 65304
1620 65258
1621 65563
1622 65079
1623 65096
1624 64697
1625 64411
1626 64967
1627 64512
1628 64782
1629 65082
1630 64974
1631 64881
1632 64721
1633 64731
1634 64679
1635 64480
1636 64937
1637 64581
1638 64722
1639 64858
1640 64570
1641 64226
1642 64618
1643 64670
1644 64783
1645 64821
1646 64582
1647 64575
1648 64578
1649 64569
1650 64731
1651 64678
1652 64711
1653 64953
1654 64965
1655 64605
1656 64724
1657 65316
1658 64798
1659 65014
1660 65046
1661 65010
1662 65063
1663 65276
1664 65353
1665 65473
1666 65475
1667 64866
1668 65825
1669 65354
1670 65417
1671 65491
1672 65528
1673 65414
1674 65380
1675 65529
1676 65571
1677 65537
1678 65840
1679 65452
1680 65200
1681 65386
1682 65576
1683 65400
1684 65473
1685 65033
1686 65470
1687 65590
1688 65363
1689 65489
1690 65455
1691 65770
1692 65195
1693 65415
1694 64949
1695 65905
1696 65326
1697 65118
1698 65261
1699 65293
1700 65577
1701 65758
1702 65358
1703 65476
1704 65442
1705 65261
1706 65108
1707 65358
1708 65674
1709 65571
1710 65700
1711 65358
1712 65684
1713 65110
1714 65437
1715 65836
1716 65570
1717 66146
1718 65887
1719 66021
1720 65914
1721 65868
1722 65665
1723 65021
1724 65373
1725 65502
1726 64942
1727 65408
1728 65373
1729 65442
1730 65263
1731 65062
1732 65276
1733 65316
1734 65466
1735 65175
1736 64974
1737 64661
1738 65323
1739 64789
1740 65132
1741 64701
1742 65119
1743 64983
1744 65337
1745 65313
1746 65097
1747 64892
1748 65070
1749 64939
1750 65162
1751 65141
1752 65033
1753 65016
1754 64742
1755 65480
1756 65340
1757 65251
1758 65398
1759 65176
1760 65291
1761 65462
1762 65621
1763 65420
1764 65116
1765 65402
1766 65335
1767 65281
1768 65101
1769 66046
1770 65807
1771 65558
1772 65285
1773 65541
1774 64927
1775 65518
1776 65776
1777 65281
1778 65819
1779 65411
1780 65431
1781 65360
1782 65478
1783 65328
1784 65596
1785 65104
1786 65553
1787 65380
1788 65203
1789 65522
1790 65645
1791 65745
1792 65487
1793 65672
1794 65512
1795 65411
1796 65647
1797 65246
1798 65451
1799 65758
1800 65325
1801 65549
1802 65533
1803 65634
1804 65603
1805 65712
1806 65725
1807 65825
1808 65485
1809 65323
1810 65357
1811 65557
1812 66053
1813 65743
1814 65509
1815 66012
1816 65577
1817 65190
1818 65485
1819 65508
1820 65883
1821 65484
1822 65574
1823 65530
1824 65571
1825 65672
1826 65352
1827 65787
1828 65278
1829 65212
1830 65392
1831 65584
1832 65516
1833 65216
1834 65407
1835 65297
1836 65552
1837 65246
1838 65445
1839 65406
1840 65255
1841 65735
1842 65352
1843 65363
1844 65062
1845 65176
1846 65422
1847 65434
1848 65143
1849 65380
1850 65306
1851 65172
1852 65370
1853 65315
1854 65241
1855 65341
1856 65757
1857 65431
1858 65352
1859 65441
1860 65461
1861 65213
1862 65640
1863 65518
1864 65585
1865 65329
1866 65680
1867 65745
1868 65705
1869 65505
1870 65369
1871 65885
1872 65719
1873 65692
1874 65807
1875 66017
1876 66332
1877 65679
1878 65922
1879 65598
1880 65550
1881 65596
1882 65580
1883 66007
1884 65512
1885 65558
1886 65517
1887 65763
1888 65775
1889 65703
1890 65807
1891 65280
1892 65752
1893 65986
1894 65835
1895 65601
1896 65843
1897 65933
1898 65896
1899 65997
1900 65648
1901 65611
1902 65984
1903 65883
1904 65752
1905 65967
1906 65877
1907 65619
1908 66218
1909 66087
1910 65817
1911 65992
1912 65982
1913 65738
1914 65410
1915 65906
1916 66247
1917 66225
1918 66080
1919 65698
1920 65721
1921 66036
1922 65460
1923 65417
1924 65277
1925 66061
1926 65673
1927 65157
1928 65493
1929 65721
1930 65443
1931 65163
1932 65859
1933 65522
1934 65384
1935 65150
1936 65383
1937 65422
1938 65373
1939 65343
1940 64976
1941 65352
1942 65480
1943 65497
1944 65473
1945 65699
1946 65071
1947 65291
1948 65330
1949 65542
1950 65477
1951 65106
1952 64861
1953 65590
1954 65537
1955 65447
1956 65626
1957 65437
1958 65413
1959 65130
1960 65366
1961 65836
1962 65117
1963 65459
1964 65400
1965 65215
1966 65384
1967 65620
1968 65692
1969 65504
1970 65380
1971 65936
1972 65555
1973 65855
1974 65140
1975 65705
1976 65498
1977 65500
1978 65171
1979 65367
1980 65327
1981 64712
1982 65311
1983 65155
1984 65221
1985 65122
1986 65277
1987 65039
1988 65068
1989 65403
1990 64834
1991 65162
1992 65131
1993 65167
1994 64899
1995 64918
1996 65151
1997 65034
1998 64529
1999 64743
2000 65114
2001 65065
2002 64511
2003 64501
2004 64814
2005 64622
2006 65134
2007 64930
2008 64944
2009 64959
2010 65010
2011 64817
2012 65122
2013 65196
2014 64611
2015 65811
2016 65082
2017 64709
2018 64899
2019 64886
2020 65301
2021 65079
2022 64857
2023 64676
2024 65130
2025 64834
2026 64409
2027 64864
2028 64878
2029 64906
2030 64880
2031 64789
2032 64639
2033 64654
2034 64684
2035 65072
2036 64652
2037 64719
2038 64741
2039 64366
2040 64635
2041 64014
2042 64771
2043 64400
2044 64316
2045 64950
2046 64434
2047 64398
2048 64580
2049 64821
2050 64447
2051 64368
2052 64480
2053 64914
2054 65367
2055 65331
2056 64606
2057 64903
2058 65425
2059 65066
2060 64907
2061 65332
2062 64517
2063 65084
2064 64920
2065 65359
2066 65147
2067 65353
2068 65532
2069 65565
2070 65648
2071 65297
2072 65640
2073 65219
2074 66019
2075 65434
2076 65648
2077 65647
2078 65737
2079 65323
2080 65485
2081 65286
2082 64811
2083 64535
2084 64607
2085 64165
2086 63953
2087 63526
2088 63692
2089 63479
2090 63603
2091 63346
2092 63184
2093 63696
2094 63903
2095 63523
2096 63603
2097 63381
2098 63527
2099 63006
2100 62485
2101 62813
2102 62351
2103 62490
2104 61996
2105 62066
2106 62339
2107 62349
2108 62618
2109 62504
2110 62224
2111 62182
2112 62740
2113 62493
2114 62762
2115 62662
2116 62321
2117 62187
2118 62200
2119 62447
2120 62129
2121 62397
2122 62260
2123 62276
2124 61837
2125 62240
2126 62584
2127 62465
2128 62610
2129 63646
2130 64408
2131 64473
2132 64454
2133 64730
2134 65182
2135 65154
2136 64872
2137 63945
2138 64186
2139 64726
2140 64568
2141 64077
2142 64302
2143 64451
2144 64083
2145 63722
2146 64085
2147 64180
2148 64218
2149 64576
2150 64734
2151 64729
2152 65225
2153 64812
2154 64705
2155 65086
2156 64929
2157 65512
2158 65015
2159 65176
2160 65332
2161 65561
2162 64895
2163 64959
2164 65216
2165 65096
2166 65090
2167 65093
2168 65441
2169 65604
2170 65154
2171 65297
2172 65348
2173 65521
2174 65635
2175 65390
2176 65624
2177 65516
2178 65672
2179 65498
2180 65481
2181 65144
2182 65004
2183 65447
2184 65241
2185 65414
2186 65373
2187 65193
2188 65347
2189 65069
2190 65265
2191 65163
2192 65006
2193 65490
2194 65338
2195 65043
2196 64869
2197 65077
2198 65114
2199 64959
2200 65193
2201 65127
2202 65232
2203 65424
2204 65076
2205 65659
2206 65066
2207 65268
2208 64963
2209 65230
2210 65308
2211 64988
2212 65632
2213 65437
2214 64891
2215 65180
2216 65454
2217 64830
2218 65356
2219 65155
2220 65077
2221 65559
2222 64819
2223 64795
2224 64375
2225 65051
2226 64593
2227 65387
2228 65206
2229 64860
2230 64377
2231 64613
2232 64552
2233 64455
2234 64580
2235 64569
2236 64994
2237 64711
2238 64817
2239 64639
2240 64409
2241 64715
2242 65151
2243 64280
2244 64798
2245 64756
2246 64687
2247 64766
2248 64770
2249 64585
2250 64863
2251 64195
2252 64633
2253 64221
2254 64422
2255 64710
2256 64919
2257 64502
2258 64569
2259 64440
2260 64544
2261 65016
2262 65001
2263 64484
2264 64943
2265 64677
2266 65195
2267 65166
2268 65144
2269 64660
2270 65225
2271 65050
2272 64822
2273 65131
2274 64864
2275 64864
2276 65132
2277 64688
2278 64895
2279 65427
2280 64829
2281 64947
2282 64781
2283 64689
2284 65182
2285 65009
2286 64961
2287 64709
2288 64845
2289 65069
2290 64684
2291 64488
2292 64725
2293 64531
2294 65110
2295 64481
2296 64989
2297 64573
2298 64675
2299 64650
2300 64765
2301 64871
2302 65314
2303 64371
2304 64902
2305 64765
2306 64897
2307 64796
2308 64753
2309 64721
2310 65110
2311 65076
2312 64654
2313 64890
2314 65400
2315 64984
2316 64912
2317 64897
2318 64732
2319 64562
2320 64958
2321 64456
2322 64436
2323 64853
2324 64790
2325 64718
2326 64285
2327 64610
2328 64833
2329 64673
2330 64004
2331 64215
2332 64398
2333 64695
2334 64270
2335 64416
2336 64548
2337 64732
2338 64788
2339 64641
2340 64254
2341 64112
2342 64145
2343 64365
2344 64483
2345 64817
2346 64402
2347 64738
2348 64342
2349 64808
2350 64450
2351 64589
2352 64292
2353 63988
2354 64378
2355 64941
2356 64589
2357 64769
2358 64755
2359 64750
2360 64814
2361 64826
2362 64322
2363 65059
2364 64820
2365 64872
2366 65124
2367 65013
2368 65340
2369 65381
2370 65529
2371 64897
2372 65600
2373 64828
2374 64961
2375 65193
2376 65300
2377 65138
2378 64946
2379 65107
2380 65057
2381 64642
2382 64862
2383 64910
2384 65229
2385 65203
2386 64669
2387 65107
2388 64888
2389 64966
2390 64903
2391 65622
2392 64827
2393 64782
2394 65113
2395 64555
2396 65136
2397 65302
2398 64883
2399 65452
2400 64766
2401 65270
2402 64980
2403 65257
2404 64989
2405 65165
2406 64986
2407 64853
2408 65280
2409 65158
2410 65232
2411 64992
2412 64879
2413 65455
2414 65317
2415 65334
2416 64918
2417 65072
2418 65175
2419 64960
2420 65320
2421 64881
2422 64678
2423 64839
2424 64887
2425 64747
2426 64956
2427 65064
2428 64665
2429 64786
2430 64906
2431 64969
2432 64741
2433 64672
2434 64609
2435 64432
2436 64419
2437 64679
2438 64433
2439 64726
2440 64360
2441 64436
2442 64507
2443 64689
2444 64646
2445 64835
2446 64471
2447 64543
2448 64595
2449 64398
2450 64616
2451 64487
2452 64938
2453 64532
2454 64436
2455 65119
2456 64343
2457 65081
2458 64637
2459 64666
2460 65030
2461 64970
2462 65088
2463 64605
2464 64656
2465 64786
2466 64785
2467 64644
2468 64746
2469 65019
2470 65067
2471 64963
2472 65215
2473 65172
2474 65172
2475 65209
2476 65037
2477 64662
2478 65127
2479 64687
2480 64856
2481 65013
2482 65091
2483 65344
2484 64842
2485 64582
2486 64862
2487 64965
2488 65033
2489 65225
2490 64979
2491 64930
2492 65075
2493 64456
2494 64757
2495 65066
2496 65153
2497 64881
2498 64538
2499 64929
2500 64975
2501 64884
2502 65009
2503 64780
2504 65288
2505 64758
2506 64927
2507 64674
2508 64953
2509 65002
2510 65239
2511 64972
2512 64928
2513 64797
2514 65236
2515 65133
2516 65106
2517 64863
2518 65239
2519 65078
2520 65564
2521 64796
2522 65265
2523 64513
2524 65135
2525 64880
2526 64783
2527 64383
2528 64616
2529 64617
2530 64789
2531 64045
2532 64417
2533 64272
2534 64304
2535 64434
2536 64790
2537 64404
2538 64718
2539 64149
2540 64569
2541 64258
2542 64964
2543 64303
2544 64503
2545 64315
2546 64080
2547 64330
2548 64394
2549 64625
2550 64495
2551 64385
2552 64292
2553 64028
2554 64351
2555 64684
2556 64596
2557 64221
2558 64225
2559 64500
2560 64520
2561 64209
2562 64466
2563 64449
2564 64570
2565 64236
2566 64532
2567 64669
2568 64875
2569 64668
2570 64345
2571 64395
2572 64865
2573 64866
2574 64918
2575 64542
2576 64840
2577 64547
2578 64839
2579 64435
2580 64146
2581 64753
2582 64321
2583 64359
2584 64636
2585 64718
2586 64411
2587 64268
2588 64237
2589 64279
2590 64189
2591 64574
2592 64252
2593 64597
2594 64260
2595 64348
2596 64445
2597 64102
2598 64352
2599 64315
2600 64380
2601 64420
2602 63908
2603 64195
2604 64304
2605 64173
2606 64880
2607 63735
2608 64277
2609 63963
2610 64153
2611 63736
2612 63953
2613 64586
2614 64501
2615 64205
2616 64298
2617 64471
2618 64398
2619 64215
2620 64493
2621 64067
2622 64104
2623 64109
2624 63980
2625 63933
2626 63906
2627 63973
2628 63541
2629 63764
2630 63891
2631 63979
2632 63861
2633 63382
2634 63574
2635 64050
2636 63479
2637 63684
2638 63360
2639 63741
2640 63770
2641 63836
2642 63839
2643 63694
2644 63252
2645 63704
2646 63677
2647 63574
2648 63646
2649 63625
2650 63709
2651 63585
2652 63905
2653 63835
2654 64030
2655 63667
2656 63554
2657 63799
2658 63857
2659 64001
2660 64065
2661 63634
2662 63327
2663 64229
2664 63820
2665 63900
2666 63740
2667 64240
2668 64257
2669 64540
2670 64280
2671 64429
2672 64168
2673 64659
2674 64384
2675 64699
2676 64592
2677 63984
2678 64058
2679 64022
2680 63948
2681 63707
2682 63835
2683 63872
2684 63993
2685 63886
2686 64719
2687 64401
2688 64355
2689 63873
2690 64039
2691 63803
2692 64152
2693 64050
2694 64174
2695 64073
2696 63892
2697 64333
2698 64354
2699 63789
2700 64342
2701 63944
2702 63759
2703 64179
2704 64112
2705 64050
2706 63622
2707 63983
2708 64136
2709 63842
2710 64000
2711 64191
2712 64400
2713 63824
2714 64003
2715 64343
2716 64528
2717 63765
2718 63762
2719 63889
2720 63857
2721 63895
2722 63728
2723 63903
2724 63418
2725 63832
2726 63853
2727 63595
2728 63701
2729 63586
2730 63320
2731 63531
2732 63362
2733 63204
2734 63381
2735 63364
2736 63095
2737 63433
2738 63394
2739 62993
2740 63442
2741 63480
2742 63153
2743 63343
2744 63361
2745 63425
2746 63337
2747 63283
2748 63202
2749 63340
2750 63517
2751 63373
2752 63612
2753 63542
2754 63506
2755 63665
2756 63667
2757 63302
2758 63557
2759 63685
2760 63088
2761 63459
2762 63489
2763 63802
2764 63620
2765 63211
2766 63657
2767 63558
2768 63334
2769 63689
2770 64067
2771 63838
2772 63618
2773 63571
2774 63814
2775 63969
2776 63542
2777 64130
2778 63704
2779 63381
2780 63671
2781 63574
2782 63440
2783 63125
2784 63330
2785 63752
2786 63512
2787 63692
2788 63513
2789 63221
2790 63135
2791 63716
2792 63552
2793 63236
2794 63579
2795 63586
2796 63251
2797 63130
2798 63843
2799 63266
2800 63616
2801 63229
2802 63649
2803 63182
2804 63366
2805 63236
2806 63680
2807 63289
2808 63727
2809 63657
2810 63203
2811 63834
2812 63751
2813 63909
2814 63598
2815 63856
2816 63438
2817 63672
2818 63708
2819 63604
2820 63490
2821 63573
2822 63363
2823 63384
2824 63894
2825 63389
2826 63270
2827 63185
2828 63141
2829 62862
2830 63332
2831 63217
2832 62869
2833 63312
2834 62899
2835 63308
2836 63219
2837 62825
2838 62735
2839 63008
2840 62716
2841 63320
2842 62873
2843 62662
2844 62825
2845 62888
2846 62865
2847 62845
2848 62778
2849 62929
2850 63165
2851 63129
2852 62612
2853 62713
2854 63146
2855 63136
2856 62974
2857 62983
2858 62778
2859 63449
2860 63073
2861 63385
2862 63009
2863 63072
2864 62880
2865 63246
2866 63356
2867 63584
2868 64026
2869 63811
2870 63631
2871 63172
2872 63678
2873 63222
2874 63817
2875 63611
2876 63133
2877 63498
2878 63432
2879 63421
2880 63455
2881 63498
2882 63144
2883 63144
2884 63280
2885 63617
2886 63426
2887 63216
2888 63140
2889 63210
2890 63950
2891 63647
2892 63760
2893 63420
2894 63361
2895 63263
2896 63128
2897 63679
2898 62968
2899 63504
2900 63005
2901 63093
2902 63164
2903 63049
2904 63318
2905 63129
2906 62991
2907 64047
2908 63205
2909 63243
2910 63083
2911 63229
2912 63322
2913 63820
2914 63438
2915 63637
2916 63696
2917 63198
2918 63796
2919 63710
2920 63606
2921 63602
2922 63305
2923 63487
2924 63220
2925 63369
2926 64091
2927 63123
2928 63163
2929 63181
2930 62965
2931 62749
2932 63513
2933 63002
2934 62607
2935 63063
2936 62704
2937 62771
2938 62991
2939 63031
2940 62681
2941 62731
2942 62886
2943 63295
2944 63542
2945 62762
2946 63094
2947 63391
2948 62810
2949 62538
2950 62646
2951 63592
2952 62849
2953 63233
2954 62594
2955 63198
2956 62818
2957 63334
2958 63222
2959 62653
2960 63042
2961 63422
2962 63414
2963 63388
2964 63401
2965 63286
2966 63670
2967 63817
2968 63293
2969 63654
2970 63307
2971 63589
2972 63673
2973 63778
2974 63525
2975 63659
2976 63781
2977 63965
2978 63206
2979 63280
2980 63271
2981 63239
2982 63359
2983 63482
2984 63293
2985 63740
2986 63452
2987 63714
2988 63303
2989 63209
2990 63318
2991 63636
2992 63091
2993 63376
2994 63267
2995 62893
2996 63024
2997 63310
2998 63588
2999 63761
3000 63665
3001 63692
3002 63021
3003 63297
3004 62857
3005 63356
3006 62919
3007 63466
3008 63399
3009 63566
3010 63797
3011 63554
3012 63382
3013 63058
3014 63660
3015 64021
3016 63741
3017 63663
3018 63874
3019 64286
3020 63471
3021 63275
3022 63368
3023 63440
3024 63513
3025 63508
3026 63160
3027 63368
3028 63045
3029 63411
3030 63312
3031 63066
3032 62979
3033 63456
3034 62950
3035 62914
3036 63002
3037 62480
3038 62930
3039 62574
3040 62950
3041 62946
3042 62846
3043 63242
3044 63058
3045 62852
3046 62881
3047 62927
3048 63062
3049 63051
3050 62829
3051 63093
3052 63161
3053 63073
3054 62985
3055 63164
3056 63041
3057 63301
3058 63166
3059 63016
3060 63391
3061 63567
3062 63132
3063 63474
3064 64057
3065 63745
3066 63614
3067 63936
3068 63505
3069 63962
3070 63717
3071 63733
3072 64098
3073 63866
3074 64334
3075 63897
3076 63635
3077 63863
3078 63630
3079 63923
3080 63786
3081 63616
3082 63496
3083 63793
3084 63897
3085 63443
3086 63395
3087 63665
3088 63643
3089 63640
3090 63907
3091 63420
3092 64062
3093 63991
3094 63742
3095 63463
3096 63304
3097 63796
3098 63513
3099 63711
3100 63760
3101 63647
3102 63974
3103 64072
3104 63858
3105 63618
3106 63911
3107 63883
3108 64457
3109 64263
3110 63676
3111 64240
3112 64341
3113 64064
3114 64543
3115 64434
3116 64199
3117 64450
3118 64297
3119 64420
3120 64512
3121 63888
3122 63857
3123 64093
3124 64394
3125 64029
3126 64153
3127 63943
3128 63821
3129 63956
3130 63575
3131 64011
3132 63941
3133 63859
3134 63715
3135 63433
3136 63581
3137 63779
3138 63605
3139 63831
3140 63714
3141 63871
3142 63720
3143 63525
3144 63808
3145 63770
3146 63838
3147 63944
3148 64071
3149 64072
3150 63887
3151 63575
3152 63958
3153 64005
3154 63837
3155 63863
3156 64093
3157 64664
3158 64195
3159 64304
3160 64444
3161 64890
3162 64401
3163 64621
3164 64397
3165 64623
3166 64309
3167 64569
3168 64469
3169 64903
3170 64720
3171 64745
3172 64990
3173 64672
3174 64867
3175 64718
3176 64887
3177 65217
3178 64877
3179 65291
3180 64889
3181 65260
3182 64969
3183 64666
3184 64912
3185 64803
3186 64708
3187 64884
3188 64618
3189 64856
3190 64810
3191 64844
3192 64851
3193 65048
3194 64941
3195 65253
3196 64869
3197 64886
3198 64832
3199 64650
3200 65052
3201 64968
3202 64575
3203 65432
3204 64772
3205 64931
3206 65049
3207 65334
3208 65237
3209 65263
3210 65273
3211 65079
3212 65524
3213 65326
3214 65535
3215 65406
3216 65525
3217 65268
3218 65411
3219 65387
3220 65174
3221 64980
3222 64922
3223 65303
3224 65288
3225 65206
3226 65109
3227 65166
3228 65454
3229 65150
3230 65598
3231 65290
3232 65155
3233 64795
3234 64963
3235 65049
3236 65075
3237 65274
3238 65185
3239 65185
3240 65205
3241 65177
3242 65437
3243 65166
3244 65007
3245 65361
3246 65244
3247 65614
3248 64821
3249 65140
3250 65322
3251 65684
3252 65314
3253 65322
3254 65599
3255 65537
3256 65665
3257 65534
3258 65612
3259 65687
3260 65446
3261 65863
3262 66257
3263 65812
3264 66169
3265 65992
3266 65858
3267 65819
3268 66023
3269 65875
3270 65931
3271 66178
3272 66161
3273 66035
3274 66431
3275 66199
3276 66378
3277 66240
3278 66278
3279 66571
3280 66457
3281 66811
3282 66383
3283 66051
3284 66308
3285 66546
3286 66505
3287 66463
3288 66016
3289 66565
3290 66815
3291 66264
3292 66927
3293 66283
3294 67082
3295 66364
3296 66524
3297 66821
3298 66814
3299 66881
3300 66291
3301 66709
3302 66833
3303 66629
3304 66513
3305 66980
3306 67008
3307 66766
3308 66837
3309 66652
3310 66794
3311 66474
3312 66893
3313 67075
3314 66836
3315 67105
3316 67203
3317 67581
3318 67301
3319 67209
3320 67125
3321 66960
3322 66938
3323 66716
3324 67087
3325 67580
3326 66850
3327 67145
3328 67445
3329 67083
3330 66790
3331 66935
3332 66741
3333 67129
3334 66720
3335 67099
3336 67764
3337 66705
3338 66557
3339 67099
3340 67232
3341 67057
3342 66986
3343 66888
3344 67432
3345 66891
3346 67253
3347 67154
3348 66866
3349 67727
3350 67051
3351 67217
3352 67356
3353 67388
3354 67120
3355 67146
3356 67230
3357 67409
3358 67842
3359 67705
3360 68158
3361 67826
3362 67709
3363 68057
3364 67537
3365 67702
3366 67983
3367 68126
3368 68309
3369 68125
3370 68125
3371 68741
3372 68567
3373 68389
3374 68516
3375 68165
3376 68395
3377 68690
3378 68333
3379 68609
3380 68436
3381 68316
3382 68098
3383 68203
3384 68724
3385 68314
3386 68144
3387 68541
3388 68469
3389 68841
3390 68999
3391 68639
3392 68999
3393 69005
3394 68999
3395 68512
3396 68370
3397 68873
3398 68866
3399 69112
3400 68670
3401 68818
3402 68733
3403 69393
3404 68651
3405 69016
3406 68783
3407 68763
3408 68744
3409 69068
3410 69329
3411 69122
3412 68881
3413 69255
3414 69055
3415 69071
3416 69239
3417 69430
3418 69560
3419 68585
3420 69797
3421 69295
3422 69008
3423 69106
3424 68960
3425 69159
3426 68883
3427 69256
3428 69210
3429 68936
3430 68760
3431 68790
3432 69249
3433 68788
3434 69633
3435 69404
3436 68931
3437 69031
3438 69079
3439 69302
3440 68220
3441 69491
3442 69178
3443 69227
3444 69194
3445 69173
3446 69225
3447 69271
3448 68990
3449 69410
3450 69203
3451 69037
3452 69142
3453 69358
3454 69730
3455 69758
3456 69544
3457 69456
3458 69459
3459 69524
3460 69629
3461 70190
3462 69276
3463 69620
3464 69699
3465 69637
3466 69793
3467 69332
3468 70130
3469 69557
3470 69635
3471 69846
3472 70003
3473 70193
3474 70405
3475 70151
3476 69933
3477 70689
3478 70247
3479 69985
3480 70145
3481 69952
3482 69765
3483 70050
3484 69642
3485 70119
3486 69971
3487 69784
3488 69576
3489 70150
3490 70072
3491 70884
3492 70128
3493 70099
3494 69869
3495 70025
3496 70699
3497 70334
3498 70263
3499 70455
3500 70411
3501 69861
3502 69694
3503 70169
3504 70636
3505 70443
3506 70612
3507 70365
3508 70387
3509 70415
3510 70969
3511 70697
3512 70393
3513 70781
3514 70646
3515 70935
3516 70986
3517 70865
3518 70414
3519 70570
3520 71087
3521 70203
3522 70500
3523 70196
3524 70329
3525 70175
3526 70384
3527 70474
3528 70693
3529 70329
3530 70323
3531 70064
3532 70291
3533 70668
3534 70238
3535 70363
3536 70340
3537 70532
3538 70193
3539 70546
3540 70440
3541 70434
3542 70812
3543 70520
3544 70571
3545 70512
3546 70914
3547 70258
3548 70348
3549 70167
3550 70515
3551 70232
3552 69844
3553 70361
3554 70272
3555 70482
3556 70397
3557 70200
3558 70696
3559 70565
3560 70696
3561 70685
3562 70526
3563 70774
3564 70715
3565 70707
3566 70628
3567 71118
3568 70656
3569 71162
3570 70903
3571 71243
3572 71305
3573 71005
3574 71217
3575 71314
3576 71094
3577 71095
3578 71315
3579 71156
3580 71180
3581 70982
3582 71236
3583 70924
3584 70856
3585 70825
3586 70305
3587 70936
3588 71203
3589 71370
3590 71158
3591 71085
3592 71168
3593 70754
3594 71085
3595 70713
3596 71070
3597 71209
3598 71355
3599 71048
3600 71099
3601 71085
3602 71735
3603 71017
3604 71623
3605 71161
3606 71579
3607 71006
3608 71575
3609 71295
3610 71620
3611 70998
3612 71830
3613 71587
3614 71737
3615 71884
3616 71311
3617 71472
3618 71404
3619 71279
3620 71070
3621 71128
3622 71295
3623 71580
3624 71470
3625 71024
3626 71350
3627 71070
3628 71072
3629 70622
3630 71261
3631 71486
3632 71005
3633 71163
3634 71096
3635 71000
3636 71032
3637 71190
3638 70799
3639 70860
3640 70968
3641 71163
3642 71676
3643 71252
3644 71400
3645 71011
3646 70751
3647 70891
3648 71298
3649 70821
3650 71040
3651 70926
3652 71209
3653 71212
3654 71235
3655 71159
3656 71574
3657 71236
3658 71307
3659 70852
3660 71367
3661 71511
3662 71656
3663 71504
3664 71419
3665 71811
3666 71460
3667 71793
3668 71253
3669 71329
3670 71371
3671 71986
3672 71738
3673 71857
3674 71948
3675 71904
3676 71565
3677 71913
3678 72251
3679 71878
3680 71715
3681 71643
3682 71895
3683 71539
3684 72044
3685 71746
3686 71540
3687 71771
3688 72194
3689 71632
3690 71054
3691 71213
3692 71425
3693 71602
3694 71613
3695 71428
3696 71424
3697 71265
3698 71530
3699 71932
3700 71746
3701 71578
3702 71060
3703 71224
3704 71717
3705 71540
3706 71495
3707 72043
3708 71748
3709 71826
3710 71147
3711 71540
3712 71194
3713 71597
3714 71690
3715 71883
3716 71883
3717 72319
3718 71705
3719 71807
3720 71768
3721 71665
3722 71369
3723 71812
3724 71681
3725 71016
3726 71612
3727 71526
3728 71993
3729 71396
3730 71162
3731 71350
3732 71633
3733 71460
3734 71358
3735 71142
3736 71177
3737 71565
3738 70834
3739 71781
3740 71308
3741 70829
3742 70986
3743 71260
3744 70797
3745 70971
3746 71171
3747 70934
3748 71446
3749 71127
3750 71007
3751 71181
3752 71228
3753 71277
3754 71375
3755 71217
3756 71150
3757 71150
3758 71018
3759 71168
3760 71749
3761 71272
3762 71278
3763 71564
3764 71224
3765 71461
3766 71272
3767 71319
3768 71673
3769 71926
3770 71473
3771 71776
3772 71637
3773 71987
3774 71550
3775 72152
3776 71812
3777 71975
3778 71576
3779 71431
3780 71483
3781 71823
3782 71840
3783 71601
3784 71579
3785 71530
3786 71066
3787 71065
3788 71391
3789 71540
3790 71251
3791 71290
3792 72006
3793 71497
3794 71907
3795 71927
3796 71419
3797 71502
3798 71683
3799 71272
3800 71333
3801 71407
3802 71534
3803 71474
3804 71305
3805 71404
3806 71510
3807 71374
3808 71448
3809 71795
3810 72182
3811 71893
3812 71466
3813 71851
3814 71895
3815 71723
3816 71881
3817 72084
3818 71863
3819 71715
3820 71862
3821 71772
3822 72111
3823 71605
3824 71624
3825 71413
3826 71871
3827 71415
3828 71262
3829 71588
3830 71419
3831 71404
3832 71456
3833 70898
3834 71299
3835 71298
3836 71269
3837 71296
3838 71146
3839 71377
3840 71501
3841 71374
3842 70723
3843 71623
3844 71156
3845 71055
3846 71148
3847 71089
3848 71159
3849 71545
3850 71031
3851 71127
3852 71227
3853 71387
3854 71265
3855 71290
3856 71320
3857 71288
3858 71676
3859 71614
3860 71255
3861 71114
3862 72156
3863 71570
3864 71442
3865 71637
3866 71454
3867 71857
3868 71736
3869 71483
3870 72094
3871 71613
3872 71722
3873 71845
3874 71936
3875 71980
3876 71389
3877 71459
3878 71383
3879 71591
3880 71529
3881 71487
3882 71966
3883 71699
3884 71634
3885 71437
3886 71641
3887 71450
3888 71059
3889 71575
3890 71177
3891 71907
3892 71510
3893 71822
3894 71384
3895 71735
3896 71747
3897 71244
3898 71010
3899 71718
3900 71815
3901 71700
3902 71551
3903 71312
3904 71852
3905 71605
3906 71453
3907 71630
3908 71289
3909 71608
3910 71424
3911 72190
3912 71555
3913 71810
3914 71752
3915 71666
3916 71655
3917 71667
3918 71890
3919 71368
3920 71711
3921 71664
3922 71538
3923 71296
3924 71703
3925 71641
3926 71389
3927 71192
3928 71022
3929 71022
3930 71208
3931 71099
3932 71204
3933 71192
3934 71595
3935 71070
3936 71230
3937 71665
3938 71328
3939 71151
3940 71278
3941 71156
3942 71365
3943 71328
3944 71268
3945 71215
3946 71100
3947 71020
3948 71509
3949 71631
3950 71611
3951 71113
3952 71079
3953 71342
3954 71092
3955 71330
3956 70993
3957 71162
3958 70803
3959 71173
3960 71932
3961 71300
3962 71001
3963 71060
3964 71561
3965 71598
3966 71345
3967 71338
3968 71588
3969 71642
3970 71414
3971 72303
3972 71817
3973 72328
3974 72044
3975 72206
3976 72226
3977 72013
3978 71790
3979 71669
3980 71723
3981 71929
3982 72003
3983 71559
3984 71535
3985 71527
3986 71541
3987 71452
3988 71423
3989 71780
3990 71932
3991 71421
3992 71487
3993 71395
3994 71396
3995 71351
3996 71526
3997 71826
3998 71474
3999 71181
4000 71500
4001 71580
4002 71403
4003 71807
4004 71767
4005 71358
4006 71721
4007 71347
4008 71564
4009 71974
4010 71978
4011 71430
4012 72122
4013 71670
4014 71514
4015 71833
4016 72116
4017 71599
4018 71908
4019 71902
4020 72010
4021 71734
4022 71510
4023 71210
4024 71253
4025 71789
4026 71379
4027 71434
4028 71545
4029 71407
4030 71750
4031 71908
4032 71592
4033 71443
4034 71721
4035 71812
4036 71252
4037 71060
4038 71558
4039 71413
4040 71037
4041 71026
4042 71206
4043 71317
4044 71141
4045 71341
4046 70870
4047 71329
4048 71189
4049 71148
4050 70973
4051 71204
4052 71214
4053 70990
4054 71225
4055 71090
4056 71069
4057 71618
4058 71521
4059 71375
4060 71123
4061 70976
4062 71322
4063 71265
4064 71475
4065 71507
4066 71613
4067 71536
4068 71662
4069 71775
4070 72250
4071 71421
4072 71758
4073 71769
4074 71877
4075 72285
4076 71573
4077 71933
4078 71360
4079 71959
4080 71416
4081 71495
4082 71815
4083 71299
4084 71699
4085 71322
4086 71431
4087 71318
4088 71531
4089 71092
4090 71523
4091 71553
4092 71851
4093 71036
4094 71880
4095 71344
4096 71196
4097 71053
4098 71512
4099 71451
4100 71145
4101 71280
4102 71484
4103 71680
4104 71602
4105 71929
4106 71185
4107 71391
4108 71416
4109 71809
4110 71735
4111 71726
4112 71673
4113 71625
4114 71870
4115 72046
4116 71974
4117 71862
4118 71493
4119 71345
4120 71608
4121 71657
4122 71700
4123 71800
4124 71211
4125 71256
4126 71280
4127 70984
4128 71221
4129 71206
4130 71153
4131 71192
4132 71289
4133 71313
4134 71217
4135 71623
4136 71266
4137 70563
4138 70739
4139 71362
4140 70933
4141 71068
4142 70733
4143 71020
4144 70957
4145 71089
4146 71202
4147 71759
4148 70803
4149 70734
4150 70787
4151 71086
4152 71246
4153 71356
4154 71222
4155 71097
4156 70921
4157 70970
4158 70988
4159 71557
4160 71285
4161 71598
4162 71056
4163 71353
4164 71605
4165 72046
4166 71537
4167 71770
4168 71409
4169 71817
4170 72071
4171 71661
4172 71806
4173 71789
4174 71990
4175 71864
4176 71727
4177 71982
4178 71798
4179 71464
4180 71512
4181 71555
4182 71650
4183 71338
4184 71322
4185 71524
4186 71490
4187 71514
4188 71505
4189 71904
4190 71377
4191 71803
4192 71449
4193 71216
4194 71299
4195 71377
4196 71838
4197 71279
4198 71292
4199 71732
4200 71511
4201 71535
4202 71646
4203 71469
4204 71348
4205 71204
4206 71507
4207 71474
4208 72018
4209 71835
4210 71537
4211 71973
4212 72063
4213 72247
4214 71995
4215 71550
4216 72134
4217 72221
4218 71770
4219 71738
4220 72144
4221 71575
4222 71465
4223 71747
4224 71529
4225 71521
4226 71528
4227 71287
4228 71342
4229 71305
4230 71249
4231 71120
4232 71052
4233 71298
4234 71235
4235 71531
4236 70831
4237 71124
4238 71293
4239 71062
4240 71632
4241 71159
4242 71410
4243 71224
4244 70799
4245 71405
4246 70933
4247 71324
4248 71103
4249 71005
4250 71403
4251 71546
4252 70918
4253 70929
4254 71035
4255 71410
4256 71009
4257 71133
4258 70957
4259 71259
4260 70905
4261 71203
4262 70845
4263 71498
4264 71326
4265 71777
4266 71550
4267 71552
4268 71564
4269 71680
4270 71690
4271 71706
4272 71791
4273 71736
4274 71982
4275 71886
4276 71901
4277 71535
4278 72094
4279 72000
4280 71592
4281 71485
4282 71588
4283 71673
4284 71598
4285 71331
4286 71571
4287 71507
4288 71421
4289 71569
4290 71390
4291 71254
4292 71178
4293 71519
4294 71161
4295 71540
4296 71446
4297 71693
4298 71655
4299 71178
4300 70969
4301 71509
4302 71524
4303 71293
4304 71651
4305 71467
4306 71690
4307 71858
4308 71737
4309 71957
4310 71625
4311 71676
4312 71493
4313 72017
4314 71832
4315 72262
4316 72027
4317 71872
4318 71800
4319 71821
4320 71892
4321 71761
4322 71278
4323 71741
4324 71348
4325 71544
4326 71743
4327 71181
4328 71445
4329 71457
4330 71035
4331 71428
4332 71061
4333 71046
4334 71015
4335 71147
4336 71411
4337 71347
4338 71572
4339 71345
4340 70991
4341 71395
4342 70995
4343 70838
4344 71269
4345 71380
4346 70789
4347 71122
4348 70643
4349 71286
4350 70967
4351 71102
4352 71138
4353 71598
4354 71298
4355 71611
4356 70979
4357 71240
4358 70947
4359 71335
4360 71606
4361 71362
4362 71227
4363 71542
4364 71208
4365 71544
4366 71343
4367 71643
4368 71665
4369 71665
4370 71633
4371 71961
4372 71317
4373 71972
4374 71946
4375 71458
4376 72357
4377 71354
4378 71786
4379 71572
4380 71545
4381 71881
4382 71945
4383 71640
4384 70977
4385 70902
4386 71360
4387 71364
4388 71017
4389 71469
4390 71325
4391 71344
4392 71325
4393 71474
4394 71476
4395 70849
4396 71626
4397 71241
4398 71291
4399 71547
4400 71526
4401 71497
4402 71436
4403 71846
4404 71401
4405 71647
4406 71584
4407 71503
4408 71524
4409 71647
4410 71727
4411 71859
4412 71430
4413 72035
4414 72037
4415 71800
4416 71794
4417 71445
4418 71711
4419 71797
4420 71553
4421 71435
4422 71670
4423 71624
4424 71434
4425 70993
4426 71763
4427 71406
4428 71324
4429 71374
4430 71338
4431 71665
4432 71219
4433 71173
4434 71121
4435 71393
4436 70840
4437 70762
4438 71585
4439 71554
4440 71391
4441 71073
4442 71488
4443 71320
4444 71507
4445 71067
4446 71136
4447 70695
4448 71262
4449 71348
4450 71143
4451 70996
4452 71397
4453 71106
4454 71603
4455 71225
4456 71574
4457 71622
4458 71306
4459 71281
4460 71151
4461 71393
4462 71349
4463 71372
4464 71509
4465 71724
4466 71054
4467 71544
4468 72037
4469 72011
4470 71829
4471 72286
4472 71985
4473 71728
4474 71797
4475 71801
4476 71523
4477 71772
4478 71879
4479 71824
4480 71844
4481 71846
4482 71649
4483 71700
4484 71232
4485 71426
4486 71378
4487 71319
4488 70902
4489 71279
4490 71890
4491 71230
4492 71217
4493 71343
4494 71197
4495 70866
4496 71211
4497 71179
4498 71093
4499 71054
4500 71277
4501 71425
4502 71402
4503 70918
4504 71323
4505 71094
4506 71219
4507 71028
4508 71695
4509 71789
4510 71367
4511 71721
4512 71657
4513 71912
4514 72002
4515 71867
4516 72025
4517 72091
4518 71572
4519 71433
4520 71501
4521 71831
4522 71552
4523 72265
4524 71118
4525 71129
4526 71198
4527 71718
4528 71323
4529 71455
4530 71467
4531 71008
4532 71093
4533 71372
4534 70640
4535 71001
4536 71062
4537 71305
4538 71123
4539 70938
4540 71106
4541 71427
4542 71158
4543 71080
4544 71227
4545 70787
4546 70954
4547 70593
4548 70807
4549 71754
4550 70790
4551 71605
4552 70933
4553 71055
4554 71163
4555 71274
4556 71540
4557 71264
4558 71381
4559 71214
4560 71447
4561 71021
4562 70894
4563 71557
4564 70926
4565 71849
4566 71563
4567 71441
4568 71389
4569 71678
4570 71630
4571 71865
4572 71913
4573 71965
4574 72410
4575 72280
4576 71733
4577 71627
4578 71983
4579 71566
4580 71561
4581 71761
4582 71426
4583 71757
4584 71225
4585 71409
4586 71671
4587 71185
4588 71396
4589 71248
4590 70984
4591 71573
4592 71544
4593 71415
4594 71179
4595 71764
4596 71138
4597 71326
4598 71322
4599 71314
4600 71302
4601 71852
4602 71169
4603 71241
4604 71449
4605 71067
4606 71546
4607 71566
4608 71520
4609 72092
4610 71330
4611 71635
4612 72163
4613 71812
4614 71953
4615 72098
4616 71966
4617 72406
4618 71981
4619 71979
4620 72311
4621 71644
4622 71788
4623 71620
4624 71667
4625 71819
4626 71463
4627 71447
4628 71261
4629 71503
4630 71755
4631 71594
4632 71356
4633 71376
4634 71156
4635 70744
4636 71243
4637 70928
4638 70929
4639 71151
4640 70822
4641 71286
4642 70889
4643 71346
4644 71012
4645 71344
4646 71368
4647 70945
4648 71409
4649 70995
4650 70697
4651 71209
4652 71115
4653 71251
4654 71094
4655 71598
4656 71226
4657 71267
4658 71197
4659 71199
4660 70648
4661 71686
4662 71347
4663 71012
4664 71231
4665 71413
4666 71769
4667 71160
4668 71533
4669 71764
4670 71660
4671 72108
4672 71936
4673 72370
4674 72222
4675 71831
4676 72026
4677 71850
4678 71873
4679 71675
4680 71481
4681 71360
4682 71661
4683 71101
4684 71430
4685 71616
4686 71253
4687 71140
4688 71179
4689 71190
4690 71210
4691 71245
4692 71573
4693 71274
4694 70938
4695 71229
4696 71267
4697 71125
4698 71086
4699 71308
4700 71597
4701 71090
4702 71205
4703 71370
4704 71509
4705 70876
4706 71906
4707 71582
4708 71583
4709 71468
4710 71265
4711 71996
4712 71760
4713 72068
4714 72189
4715 71867
4716 71531
4717 72003
4718 72182
4719 71892
4720 71587
4721 71438
4722 71198
4723 71894
4724 71326
4725 71046
4726 71571
4727 71407
4728 71341
4729 71059
4730 71237
4731 71296
4732 70736
4733 71100
4734 71243
4735 71004
4736 70950
4737 71060
4738 70534
4739 70627
4740 71289
4741 70761
4742 71526
4743 71136
4744 71374
4745 71169
4746 71283
4747 71204
4748 70944
4749 70681
4750 71060
4751 71566
4752 71049
4753 70967
4754 71392
4755 70595
4756 71260
4757 70422
4758 71068
4759 71359
4760 71029
4761 71245
4762 71002
4763 70860
4764 71447
4765 71634
4766 71743
4767 71092
4768 71368
4769 71010
4770 71465
4771 71536
4772 71740
4773 71802
4774 71736
4775 71754
4776 71617
4777 71528
4778 71524
4779 71774
4780 70918
4781 71338
4782 71444
4783 71388
4784 71335
4785 71154
4786 71065
4787 71468
4788 70869
4789 71260
4790 71531
4791 70866
4792 71249
4793 70968
4794 70896
4795 71409
4796 71160
4797 71521
4798 70949
4799 71483
4800 71190
4801 71145
4802 71275
4803 71471
4804 71608
4805 71124
4806 71077
4807 71184
4808 71817
4809 71386
4810 71798
4811 71793
4812 71725
4813 72072
4814 71790
4815 71414
4816 72120
4817 71941
4818 71668
4819 71393
4820 71884
4821 71728
4822 71324
4823 71825
4824 71891
4825 71345
4826 71280
4827 71744
4828 71783
4829 70882
4830 71088
4831 71673
4832 71268
4833 71290
4834 71223
4835 71177
4836 71073
4837 70889
4838 71185
4839 70735
4840 71418
4841 70759
4842 71001
4843 70828
4844 70756
4845 71381
4846 70931
4847 70715
4848 70714
4849 70990
4850 70840
4851 71096
4852 71065
4853 70744
4854 70836
4855 71437
4856 70944
4857 71353
4858 70845
4859 70737
4860 71255
4861 70947
4862 71127
4863 71473
4864 71396
4865 71087
4866 71210
4867 71325
4868 71402
4869 71557
4870 71649
4871 71742
4872 71963
4873 71880
4874 71724
4875 71995
4876 71626
4877 71448
4878 71914
4879 71764
4880 71643
4881 71440
4882 71357
4883 71236
4884 71641
4885 71052
4886 71217
4887 71165
4888 71903
4889 71419
4890 71292
4891 71381
4892 71170
4893 71012
4894 71564
4895 71052
4896 71355
4897 70726
4898 71359
4899 71320
4900 71195
4901 71195
4902 70909
4903 70896
4904 71391
4905 71247
4906 71368
4907 71268
4908 71698
4909 71272
4910 71664
4911 71617
4912 71679
4913 71963
4914 71974
4915 72006
4916 72260
4917 71661
4918 71872
4919 71994
4920 71811
4921 71918
4922 71553
4923 71109
4924 71372
4925 71633
4926 70976
4927 71296
4928 70930
4929 70677
4930 70766
4931 70899
4932 71198
4933 71315
4934 70719
4935 70860
4936 70390
4937 71359
4938 70495
4939 70855
4940 71012
4941 70664
4942 70968
4943 70937
4944 70856
4945 70894
4946 70939
4947 70919
4948 70760
4949 71107
4950 71041
4951 71068
4952 71450
4953 71026
4954 70754
4955 70785
4956 70424
4957 71170
4958 71523
4959 71562
4960 71177
4961 71216
4962 71053
4963 71273
4964 71174
4965 71091
4966 71452
4967 71712
4968 71629
4969 71536
4970 71625
4971 71573
4972 71757
4973 71858
4974 71703
4975 71918
4976 71454
4977 71580
4978 71448
4979 71322
4980 71243
4981 71536
4982 71628
4983 71225
4984 71463
4985 70746
4986 71182
4987 71234
4988 70993
4989 70729
4990 71179
4991 71275
4992 71125
4993 71124
4994 70928
4995 71052
4996 70912
4997 70956
4998 70822
4999 71184
5000 71397
5001 71327
5002 70972
5003 71178
5004 71195
5005 70670
5006 71750
5007 71589
5008 71575
5009 71771
5010 71671
5011 71344
5012 71372
5013 71423
5014 71775
5015 71898
5016 71391
5017 72024
5018 71883
5019 71767
5020 71657
5021 71511
5022 71361
5023 71494
5024 71644
5025 70894
5026 71648
5027 71347
5028 70955
5029 70884
5030 71031
5031 70617
5032 70846
5033 70785
5034 70566
5035 71323
5036 70773
5037 71178
5038 70742
5039 70657
5040 70682
5041 70851
5042 70983
5043 71304
5044 71129
5045 70281
5046 71018
5047 71144
5048 71025
5049 70994
5050 70397
5051 70987
5052 71059
5053 70780
5054 71091
5055 70792
5056 71115
5057 71238
5058 71399
5059 71323
5060 71128
5061 70817
5062 70989
5063 71098
5064 71012
5065 71376
5066 71155
5067 71210
5068 71975
5069 71267
5070 71434
5071 71621
5072 71722
5073 71775
5074 71446
5075 71357
5076 71681
5077 71744
5078 71127
5079 71451
5080 71556
5081 71615
5082 71589
5083 71132
5084 70590
5085 71246
5086 71060
5087 71358
5088 71022
5089 70847
5090 71450
5091 70840
5092 70989
5093 71301
5094 70997
5095 70876
5096 71350
5097 70716
5098 71350
5099 70967
5100 71173
5101 71396
5102 70931
5103 71109
5104 70773
5105 71082
5106 71393
5107 71255
5108 71658
5109 71439
5110 71252
5111 71283
5112 71663
5113 71324
5114 71618
5115 71527
5116 71219
5117 71482
5118 71804
5119 71430
5120 71947
5121 71469
5122 71188
5123 71493
5124 71628
5125 71297
5126 70870
5127 71263
5128 71301
5129 70718
5130 70877
5131 71280
5132 71079
5133 71122
5134 70922
5135 70727
5136 71127
5137 70707
5138 70588
5139 71117
5140 70613
5141 70870
5142 70501
5143 70890
5144 70782
5145 70939
5146 70877
5147 70588
5148 70618
5149 70627
5150 70635
5151 70589
5152 71069
5153 70172
5154 71373
5155 70661
5156 70934
5157 71074
5158 70978
5159 70802
5160 71172
5161 70942
5162 71451
5163 71176
5164 70817
5165 71029
5166 70662
5167 71239
5168 71482
5169 71683
5170 71113
5171 71651
5172 71744
5173 71609
5174 71611
5175 71811
5176 71648
5177 71213
5178 71291
5179 71703
5180 71476
5181 71234
5182 71097
5183 71160
5184 70674
5185 71181
5186 70686
5187 70643
5188 70690
5189 70840
5190 71306
5191 70882
5192 71247
5193 70895
5194 70976
5195 70725
5196 70765
5197 71118
5198 70623
5199 70825
5200 70566
5201 71134
5202 70614
5203 70947
5204 70924
5205 70662
5206 71430
5207 71210
5208 71193
5209 71187
5210 71242
5211 71236
5212 71323
5213 71393
5214 71369
5215 71371
5216 71303
5217 71821
5218 71547
5219 71276
5220 71578
5221 71434
5222 71434
5223 71400
5224 71200
5225 71037
5226 70975
5227 70819
5228 71055
5229 70699
5230 71238
5231 71037
5232 70486
5233 70797
5234 71096
5235 70590
5236 70282
5237 70763
5238 70629
5239 70306
5240 70948
5241 70392
5242 70387
5243 70647
5244 70695
5245 70510
5246 70194
5247 70584
5248 70279
5249 70742
5250 70593
5251 70288
5252 70708
5253 70552
5254 70928
5255 70574
5256 70895
5257 70875
5258 71120
5259 70436
5260 70786
5261 70477
5262 70684
5263 70870
5264 70586
5265 70835
5266 71244
5267 71217
5268 70946
5269 71424
5270 71567
5271 71460
5272 71403
5273 71044
5274 72088
5275 70869
5276 71234
5277 71721
5278 71334
5279 71063
5280 71051
5281 70836
5282 70792
5283 70697
5284 70878
5285 70974
5286 70839
5287 70894
5288 71148
5289 70650
5290 71329
5291 70822
5292 71159
5293 70707
5294 71309
5295 71649
5296 70609
5297 70816
5298 70984
5299 70832
5300 70840
5301 71067
5302 70749
5303 70900
5304 70776
5305 70936
5306 70792
5307 71009
5308 70625
5309 70980
5310 70975
5311 71342
5312 71771
5313 71561
5314 71577
5315 71712
5316 71261
5317 71591
5318 71541
5319 71696
5320 71270
5321 70864
5322 70849
5323 70910
5324 70878
5325 70807
5326 70859
5327 70718
5328 70616
5329 70201
5330 70450
5331 70678
5332 70850
5333 70394
5334 70509
5335 70346
5336 70499
5337 69948
5338 70669
5339 70649
5340 70620
5341 70981
5342 70489
5343 70683
5344 70696
5345 70658
5346 70908
5347 70654
5348 70647
5349 70520
5350 70523
5351 70446
5352 70487
5353 70539
5354 70339
5355 70440
5356 70614
5357 70265
5358 70774
5359 70644
5360 70517
5361 70329
5362 70838
5363 70861
5364 70586
5365 70752
5366 71171
5367 70732
5368 71148
5369 71284
5370 71001
5371 71067
5372 71493
5373 70838
5374 71402
5375 71093
5376 70908
5377 70806
5378 71033
5379 70865
5380 70184
5381 70509
5382 70792
5383 70848
5384 70552
5385 70602
5386 70484
5387 70616
5388 70237
5389 70300
5390 70498
5391 70661
5392 70429
5393 70708
5394 70481
5395 70430
5396 70560
5397 70238
5398 70488
5399 70238
5400 70557
5401 70409
5402 70471
5403 70462
5404 70487
5405 70697
5406 70072
5407 70663
5408 70574
5409 70838
5410 70827
5411 70961
5412 71082
5413 70777
5414 71370
5415 71060
5416 71590
5417 71366
5418 71500
5419 71319
5420 71463
5421 70978
5422 70999
5423 70620
5424 70643
5425 70963
5426 70723
5427 70864
5428 70482
5429 70413
5430 70510
5431 70119
5432 70717
5433 70677
5434 70766
5435 70703
5436 70410
5437 70243
5438 70304
5439 70252
5440 69767
5441 70570
5442 70729
5443 70913
5444 70302
5445 70315
5446 69950
5447 69981
5448 69882
5449 70118
5450 70508
5451 70154
5452 70457
5453 70628
5454 70548
5455 70337
5456 70319
5457 70334
5458 70131
5459 70247
5460 70650
5461 70827
5462 70696
5463 70365
5464 70113
5465 70589
5466 70577
5467 70711
5468 70930
5469 70791
5470 71102
5471 71037
5472 71387
5473 71321
5474 71454
5475 71628
5476 71700
5477 71047
5478 70669
5479 70930
5480 70858
5481 70409
5482 70689
5483 70574
5484 70340
5485 69986
5486 70270
5487 70397
5488 70390
5489 69830
5490 70559
5491 70525
5492 70207
5493 69901
5494 70215
5495 69821
5496 70141
5497 70237
5498 70034
5499 70454
5500 69975
5501 70507
5502 69963
5503 70337
5504 70419
5505 70576
5506 70653
5507 70326
5508 70386
5509 70520
5510 70355
5511 70953
5512 70946
5513 71306
5514 71250
5515 70887
5516 70962
5517 71270
5518 70750
5519 71215
5520 70615
5521 70772
5522 70545
5523 70596
5524 70433
5525 70082
5526 70447
5527 70209
5528 70703
5529 69917
5530 70112
5531 70092
5532 70010
5533 69836
5534 70059
5535 69854
5536 70115
5537 69860
5538 69808
5539 70296
5540 69965
5541 69925
5542 69951
5543 70220
5544 70191
5545 70061
5546 70157
5547 70262
5548 70074
5549 70216
5550 69818
5551 70168
5552 70157
5553 70117
5554 69981
5555 70298
5556 70249
5557 70123
5558 70272
5559 70712
5560 70087
5561 70672
5562 69877
5563 70475
5564 70207
5565 70668
5566 70897
5567 70576
5568 70652
5569 70648
5570 70958
5571 70998
5572 71298
5573 71037
5574 70514
5575 70877
5576 71104
5577 70462
5578 70468
5579 70418
5580 70396
5581 70188
5582 70356
5583 70311
5584 70586
5585 70258
5586 70079
5587 70178
5588 70081
5589 69634
5590 69801
5591 69925
5592 70324
5593 69911
5594 69924
5595 70302
5596 70535
5597 70049
5598 70171
5599 69945
5600 69781
5601 69953
5602 70122
5603 70164
5604 69745
5605 69932
5606 70169
5607 69934
5608 70238
5609 70384
5610 70356
5611 70554
5612 70808
5613 70537
5614 71123
5615 70791
5616 70686
5617 71165
5618 70886
5619 70800
5620 70531
5621 71169
5622 70539
5623 69982
5624 70556
5625 70143
5626 70008
5627 70139
5628 70022
5629 69937
5630 70280
5631 69567
5632 69675
5633 69931
5634 70272
5635 70085
5636 69887
5637 70046
5638 70135
5639 69916
5640 69968
5641 69567
5642 69703
5643 69659
5644 69942
5645 69573
5646 69539
5647 69187
5648 69854
5649 69645
5650 69286
5651 69344
5652 69694
5653 69993
5654 69898
5655 69384
5656 69400
5657 69315
5658 69745
5659 69797
5660 69435
5661 69831
5662 69827
5663 70051
5664 69878
5665 69994
5666 70233
5667 70346
5668 70656
5669 70414
5670 70917
5671 70652
5672 70729
5673 70640
5674 71087
5675 70423
5676 70493
5677 70894
5678 70372
5679 70377
5680 70041
5681 69942
5682 70119
5683 69668
5684 70009
5685 69818
5686 69973
5687 69681
5688 69402
5689 70080
5690 69449
5691 69736
5692 69840
5693 69829
5694 69747
5695 69671
5696 69547
5697 69522
5698 69401
5699 69714
5700 69598
5701 69751
5702 69552
5703 69612
5704 69923
5705 69682
5706 69915
5707 69901
5708 69969
5709 70004
5710 70215
5711 70034
5712 70523
5713 70637
5714 70677
5715 70828
5716 70170
5717 70245
5718 70694
5719 70218
5720 70638
5721 70307
5722 70478
5723 69906
5724 70316
5725 70100
5726 69614
5727 69993
5728 69548
5729 70077
5730 69770
5731 69716
5732 70029
5733 69892
5734 70247
5735 69904
5736 69613
5737 69693
5738 69586
5739 69598
5740 69564
5741 69806
5742 69878
5743 69619
5744 69510
5745 69459
5746 69887
5747 69151
5748 69647
5749 69362
5750 69486
5751 69577
5752 69231
5753 69638
5754 69627
5755 69786
5756 69283
5757 69834
5758 69794
5759 69761
5760 69204
5761 69353
5762 69554
5763 69692
5764 69837
5765 69849
5766 69889
5767 70383
5768 70025
5769 70295
5770 70943
5771 70215
5772 70685
5773 70353
5774 70483
5775 70156
5776 70503
5777 69804
5778 69883
5779 70048
5780 70218
5781 69869
5782 69669
5783 70136
5784 69725
5785 69763
5786 69421
5787 69826
5788 69343
5789 69314
5790 69894
5791 69553
5792 69837
5793 69809
5794 69420
5795 69229
5796 69582
5797 69735
5798 69432
5799 69808
5800 69832
5801 69899
5802 69769
5803 69680
5804 69979
5805 69700
5806 69838
5807 70650
5808 69786
5809 70182
5810 70041
5811 69994
5812 71076
5813 70482
5814 70458
5815 70621
5816 70757
5817 70990
5818 70744
5819 70373
5820 70390
5821 69852
5822 70297
5823 70006
5824 69989
5825 70075
5826 70060
5827 69740
5828 70019
5829 69838
5830 70237
5831 69755
5832 69455
5833 69587
5834 69817
5835 69483
5836 69720
5837 69321
5838 69320
5839 69681
5840 69809
5841 69699
5842 69666
5843 69728
5844 69330
5845 69429
5846 69414
5847 69458
5848 69666
5849 69638
5850 69389
5851 69725
5852 70036
5853 69768
5854 69673
5855 69634
5856 69782
5857 69593
5858 69400
5859 70149
5860 70127
5861 69744
5862 69780
5863 70255
5864 70025
5865 69954
5866 70240
5867 70839
5868 70325
5869 70669
5870 70849
5871 70572
5872 71154
5873 70467
5874 71367
5875 70888
5876 71016
5877 70627
5878 70555
5879 70045
5880 69872
5881 70461
5882 70309
5883 70500
5884 70182
5885 69903
5886 70621
5887 69915
5888 70117
5889 69653
5890 70577
5891 70059
5892 70268
5893 69821
5894 70158
5895 70072
5896 69703
5897 70458
5898 69745
5899 69732
5900 69910
5901 69936
5902 70312
5903 70094
5904 70342
5905 70225
5906 70059
5907 70603
5908 70039
5909 70588
5910 70397
5911 70694
5912 71153
5913 71083
5914 70885
5915 71197
5916 71195
5917 71003
5918 70929
5919 70870
5920 71149
5921 70971
5922 70493
5923 70224
5924 70120
5925 70219
5926 70077
5927 70391
5928 70496
5929 70129
5930 70043
5931 70124
5932 70130
5933 70353
5934 70128
5935 70118
5936 70280
5937 70162
5938 70266
5939 69822
5940 70004
5941 69790
5942 69510
5943 69839
5944 69709
5945 69530
5946 69444
5947 69800
5948 69649
5949 69472
5950 69984
5951 69918
5952 70266
5953 69561
5954 70182
5955 69803
5956 70053
5957 70007
5958 69699
5959 70366
5960 70409
5961 70258
5962 70915
5963 70549
5964 70331
5965 70260
5966 70450
5967 70487
5968 70844
5969 70967
5970 70919
5971 70715
5972 70977
5973 71201
5974 71544
5975 70643
5976 70606
5977 70887
5978 70936
5979 70496
5980 70585
5981 71093
5982 70102
5983 70662
5984 70397
5985 70529
5986 70573
5987 70521
5988 70471
5989 70494
5990 69847
5991 70055
5992 70349
5993 70486
5994 70319
5995 70538
5996 70573
5997 70307
5998 70101
5999 70089
6000 70499
6001 70211
6002 70156
6003 70662
6004 70645
6005 70475
6006 70104
6007 70587
6008 70742
6009 71240
6010 70632
6011 70916
6012 70644
6013 70983
6014 71048
6015 70956
6016 71232
6017 71347
6018 71272
6019 71059
6020 71345
6021 70620
6022 70791
6023 70889
6024 70559
6025 70895
6026 70584
6027 70558
6028 70178
6029 69912
6030 70481
6031 70333
6032 70397
6033 70248
6034 70143
6035 70457
6036 70296
6037 70303
6038 69976
6039 70177
6040 70329
6041 69774
6042 70265
6043 70349
6044 70301
6045 70305
6046 70056
6047 70006
6048 70402
6049 70626
6050 70193
6051 69925
6052 70332
6053 70157
6054 70332
6055 70555
6056 70473
6057 70089
6058 70616
6059 70811
6060 70992
6061 70870
6062 70561
6063 70362
6064 70728
6065 70603
6066 70694
6067 70721
6068 71068
6069 71566
6070 71348
6071 71120
6072 71337
6073 71436
6074 71509
6075 71435
6076 71734
6077 70756
6078 70967
6079 70800
6080 70718
6081 71214
6082 70692
6083 70311
6084 70940
6085 70458
6086 70970
6087 70594
6088 70601
6089 70689
6090 70761
6091 70495
6092 70813
6093 70481
6094 70290
6095 70553
6096 70677
6097 70849
6098 70350
6099 70914
6100 70790
6101 70638
6102 71008
6103 70850
6104 70916
6105 70905
6106 70896
6107 70645
6108 70863
6109 70771
6110 70884
6111 71636
6112 71827
6113 71110
6114 71378
6115 71390
6116 71077
6117 71388
6118 71563
6119 71493
6120 71020
6121 71199
6122 71087
6123 71077
6124 71076
6125 70970
6126 70298
6127 70444
6128 71024
6129 70758
6130 70779
6131 70934
6132 70359
6133 70642
6134 70872
6135 70140
6136 70586
6137 70470
6138 70712
6139 71109
6140 70405
6141 70565
6142 70794
6143 70441
6144 70629
6145 70294
6146 70596
6147 71066
6148 70826
6149 71115
6150 70389
6151 70491
6152 70328
6153 70484
6154 71031
6155 70357
6156 70762
6157 70572
6158 70513
6159 70758
6160 70491
6161 71192
6162 71168
6163 71019
6164 70928
6165 71012
6166 71000
6167 71628
6168 71514
6169 71022
6170 71604
6171 71361
6172 71682
6173 71899
6174 71955
6175 71804
6176 71531
6177 71302
6178 71395
6179 71649
6180 71108
6181 71127
6182 71431
6183 70932
6184 70394
6185 71228
6186 71005
6187 70883
6188 71730
6189 70761
6190 71051
6191 71012
6192 70637
6193 71107
6194 70967
6195 70956
6196 70876
6197 70684
6198 70669
6199 70633
6200 71302
6201 70776
6202 70830
6203 71041
6204 71344
6205 71191
6206 70808
6207 71537
6208 71207
6209 71005
6210 71197
6211 71939
6212 71674
6213 71729
6214 71977
6215 71498
6216 72078
6217 71466
6218 72248
6219 71525
6220 71252
6221 71335
6222 71547
6223 71191
6224 71097
6225 71280
6226 71149
6227 71321
6228 71483
6229 70855
6230 70464
6231 71024
6232 70870
6233 70667
6234 71021
6235 70747
6236 71168
6237 71300
6238 71134
6239 71289
6240 70641
6241 70739
6242 70944
6243 70835
6244 70870
6245 70979
6246 70865
6247 70965
6248 71172
6249 70780
6250 70865
6251 71084
6252 70584
6253 71000
6254 71390
6255 70917
6256 71632
6257 70926
6258 71185
6259 71481
6260 71021
6261 71243
6262 71424
6263 71122
6264 70885
6265 71448
6266 71738
6267 71529
6268 71592
6269 71409
6270 71479
6271 72056
6272 71614
6273 71585
6274 71783
6275 72056
6276 71914
6277 71683
6278 71296
6279 71858
6280 71604
6281 71560
6282 71335
6283 71577
6284 71226
6285 71388
6286 70936
6287 71181
6288 71566
6289 71539
6290 71490
6291 71239
6292 71194
6293 71051
6294 71330
6295 71207
6296 71277
6297 71291
6298 71332
6299 71155
6300 71115
6301 71097
6302 71332
6303 71638
6304 71066
6305 71207
6306 71671
6307 71548
6308 71688
6309 71600
6310 71270
6311 72024
6312 71713
6313 72500
6314 72225
6315 72365
6316 71810
6317 72103
6318 72119
6319 71704
6320 71688
6321 71890
6322 71249
6323 71260
6324 71993
6325 71509
6326 71356
6327 71434
6328 71197
6329 71295
6330 71525
6331 71501
6332 71295
6333 71067
6334 71129
6335 71096
6336 70870
6337 70940
6338 71463
6339 70959
6340 71346
6341 70864
6342 70847
6343 71269
6344 70913
6345 70589
6346 71071
6347 70993
6348 71059
6349 70645
6350 71237
6351 70938
6352 71451
6353 71164
6354 71058
6355 70550
6356 70804
6357 71146
6358 71033
6359 71527
6360 71474
6361 71139
6362 71075
6363 71295
6364 71520
6365 71665
6366 71154
6367 71485
6368 71548
6369 71856
6370 71875
6371 71671
6372 72062
6373 71883
6374 72058
6375 71990
6376 71947
6377 71441
6378 71514
6379 71570
6380 71558
6381 71307
6382 71106
6383 71275
6384 71318
6385 71333
6386 71092
6387 71469
6388 71398
6389 71142
6390 71542
6391 71142
6392 70969
6393 71189
6394 71180
6395 71434
6396 71277
6397 71147
6398 71228
6399 71276
6400 71241
6401 71324
6402 71096
6403 71654
6404 71598
6405 71244
6406 71273
6407 71768
6408 71297
6409 71241
6410 71543
6411 71899
6412 71916
6413 71695
6414 71697
6415 71837
6416 71728
6417 71826
6418 72064
6419 72081
6420 71562
6421 71517
6422 71489
6423 71323
6424 71705
6425 71253
6426 70930
6427 71045
6428 71229
6429 70672
6430 70909
6431 71055
6432 71030
6433 70792
6434 70839
6435 70823
6436 71567
6437 70832
6438 70988
6439 70660
6440 70936
6441 70992
6442 70565
6443 70923
6444 71112
6445 70884
6446 70901
6447 71196
6448 71351
6449 70715
6450 70891
6451 71551
6452 71440
6453 71460
6454 70857
6455 71316
6456 71802
6457 71091
6458 71840
6459 72000
6460 71129
6461 71418
6462 71595
6463 71627
6464 71216
6465 71637
6466 71490
6467 72099
6468 72200
6469 72066
6470 71904
6471 71991
6472 71965
6473 71975
6474 72119
6475 71645
6476 71938
6477 72179
6478 72108
6479 72108
6480 72126
6481 71656
6482 71863
6483 71549
6484 71668
6485 71199
6486 71510
6487 71326
6488 71318
6489 71452
6490 71432
6491 71770
6492 71274
6493 71172
6494 71442
6495 71019
6496 71034
6497 71780
6498 71351
6499 70873
6500 71447
6501 71233
6502 71604
6503 71408
6504 71169
6505 71538
6506 71284
6507 71489
6508 71745
6509 71778
6510 71740
6511 71797
6512 71684
6513 71966
6514 71645
6515 72109
6516 71446
6517 72014
6518 71859
6519 71435
6520 71404
6521 71786
6522 71751
6523 71633
6524 71495
6525 71413
6526 71331
6527 71446
6528 70922
6529 71219
6530 71001
6531 71164
6532 71257
6533 71727
6534 71407
6535 71076
6536 71296
6537 71131
6538 70534
6539 70875
6540 71302
6541 71163
6542 71419
6543 71377
6544 70903
6545 71226
6546 70967
6547 71289
6548 71151
6549 71714
6550 70920
6551 71235
6552 71313
6553 71456
6554 71481
6555 71423
6556 71245
6557 70960
6558 71258
6559 71523
6560 71371
6561 71609
6562 71459
6563 71573
6564 71068
6565 71580
6566 71246
6567 71642
6568 71662
6569 71785
6570 71510
6571 71326
6572 71633
6573 72073
6574 71869
6575 71979
6576 72139
6577 71422
6578 71957
6579 71623
6580 71617
6581 71488
6582 71575
6583 71338
6584 71500
6585 71386
6586 71035
6587 71666
6588 71380
6589 71678
6590 71213
6591 71179
6592 71550
6593 71287
6594 71313
6595 71670
6596 70955
6597 70943
6598 71477
6599 71367
6600 71269
6601 71160
6602 71382
6603 71194
6604 71345
6605 71637
6606 71176
6607 71240
6608 71632
6609 71634
6610 71529
6611 71592
6612 71989
6613 71843
6614 71921
6615 71980
6616 72018
6617 71920
6618 71736
6619 71741
6620 71530
6621 71735
6622 71285
6623 71797
6624 71516
6625 71574
6626 71665
6627 71316
6628 71473
6629 71115
6630 71205
6631 71192
6632 71311
6633 71121
6634 71656
6635 71021
6636 71554
6637 71345
6638 71247
6639 70954
6640 71497
6641 71534
6642 71737
6643 71233
6644 70908
6645 71019
6646 71423
6647 71411
6648 70977
6649 71362
6650 71567
6651 71467
6652 71133
6653 70846
6654 71373
6655 71350
6656 71077
6657 71230
6658 71639
6659 71191
6660 71184
6661 71376
6662 71367
6663 71604
6664 71191
6665 71573
6666 71489
6667 71502
6668 71587
6669 71642
6670 71935
6671 71358
6672 71929
6673 71698
6674 71942
6675 71960
6676 72074
6677 71603
6678 71487
6679 71635
6680 71579
6681 71858
6682 71475
6683 71841
6684 70951
6685 70971
6686 71280
6687 71294
6688 71281
6689 71441
6690 71022
6691 71347
6692 71528
6693 71162
6694 71367
6695 71304
6696 71138
6697 71228
6698 71381
6699 71552
6700 71668
6701 71710
6702 72265
6703 71764
6704 71145
6705 71196
6706 71247
6707 71655
6708 71498
6709 71560
6710 71435
6711 71870
6712 71793
6713 71379
6714 71691
6715 71793
6716 71706
6717 71589
6718 71757
6719 71792
6720 71038
6721 71406
6722 71381
6723 71140
6724 71238
6725 71274
6726 70948
6727 70758
6728 71248
6729 71045
6730 70997
6731 71445
6732 70839
6733 71190
6734 70940
6735 70930
6736 71084
6737 70940
6738 70977
6739 71129
6740 70949
6741 71243
6742 71105
6743 71070
6744 70862
6745 70996
6746 70716
6747 71317
6748 70902
6749 70822
6750 70898
6751 71194
6752 70962
6753 71370
6754 70859
6755 71354
6756 70904
6757 71212
6758 70867
6759 71712
6760 70850
6761 71403
6762 70909
6763 71451
6764 71079
6765 71188
6766 71682
6767 71332
6768 71239
6769 71487
6770 71848
6771 71429
6772 71623
6773 71609
6774 71827
6775 71262
6776 71343
6777 71419
6778 71443
6779 71676
6780 71047
6781 71254
6782 71490
6783 71177
6784 71250
6785 71444
6786 71354
6787 70672
6788 71520
6789 71529
6790 71208
6791 71414
6792 71164
6793 71271
6794 71305
6795 71360
6796 71251
6797 70901
6798 70843
6799 71301
6800 70926
6801 71171
6802 71080
6803 71673
6804 71052
6805 71181
6806 71460
6807 71319
6808 71237
6809 71166
6810 71487
6811 71457
6812 71457
6813 71724
6814 71435
6815 71396
6816 72054
6817 71611
6818 71639
6819 71678
6820 71615
6821 71329
6822 71176
6823 71325
6824 71336
6825 71300
6826 71138
6827 71213
6828 71070
6829 71225
6830 70789
6831 70762
6832 71249
6833 70802
6834 70589
6835 70499
6836 71032
6837 70889
6838 71075
6839 70643
6840 70874
6841 70771
6842 70889
6843 70708
6844 70796
6845 70428
6846 70326
6847 70609
6848 70805
6849 71069
6850 70963
6851 70513
6852 70848
6853 71098
6854 71133
6855 70562
6856 70760
6857 70940
6858 70866
6859 70804
6860 70794
6861 71194
6862 71177
6863 71115
6864 71002
6865 70694
6866 70999
6867 71459
6868 70982
6869 70957
6870 71587
6871 71609
6872 71602
6873 71276
6874 71605
6875 71057
6876 71032
6877 71339
6878 71310
6879 71280
6880 71034
6881 71178
6882 71340
6883 70977
6884 70590
6885 70580
6886 70865
6887 70837
6888 70784
6889 70873
6890 70971
6891 71121
6892 71222
6893 70693
6894 70752
6895 70811
6896 70474
6897 70745
6898 70838
6899 70945
6900 70988
6901 70665
6902 70810
6903 71051
6904 71147
6905 71139
6906 70787
6907 71047
6908 71343
6909 70896
6910 70938
6911 70733
6912 71164
6913 71151
6914 71254
6915 71282
6916 71222
6917 70965
6918 70829
6919 70793
6920 70880
6921 71141
6922 70840
6923 70725
6924 70758
6925 70295
6926 70641
6927 70315
6928 70537
6929 70586
6930 70851
6931 70275
6932 70291
6933 70494
6934 70439
6935 70718
6936 70497
6937 70306
6938 70233
6939 70206
6940 70313
6941 70505
6942 70119
6943 70507
6944 70086
6945 70384
6946 70039
6947 70151
6948 70802
6949 70413
6950 70286
6951 70358
6952 70158
6953 70398
6954 70440
6955 69800
6956 70635
6957 70580
6958 70666
6959 70643
6960 70432
6961 70546
6962 70511
6963 70183
6964 70291
6965 70595
6966 70545
6967 70618
6968 70641
6969 70279
6970 70952
6971 70998
6972 70555
6973 71311
6974 70870
6975 70848
6976 70579
6977 70486
6978 70844
6979 70952
6980 70831
6981 69882
6982 70043
6983 70246
6984 70312
6985 70267
6986 69894
6987 70415
6988 70519
6989 70574
6990 70716
6991 70058
6992 70168
6993 70279
6994 70317
6995 70650
6996 70455
6997 70353
6998 70458
6999 70106
7000 70376
7001 70550
7002 70401
7003 70809
7004 70286
7005 69956
7006 70410
7007 70281
7008 70584
7009 70635
7010 70326
7011 70424
7012 70356
7013 70097
7014 70585
7015 70400
7016 70532
7017 70314
7018 69924
7019 70660
7020 70287
7021 69924
7022 70518
7023 69624
7024 70407
7025 70336
7026 70583
7027 70201
7028 70055
7029 69824
7030 70226
7031 70132
7032 70234
7033 69906
7034 70081
7035 69971
7036 69797
7037 69645
7038 70281
7039 70023
7040 69892
7041 69964
7042 69918
7043 69625
7044 69750
7045 69438
7046 69685
7047 69850
7048 69700
7049 69534
7050 69704
7051 69777
7052 69308
7053 69366
7054 69947
7055 69817
7056 69685
7057 69592
7058 69530
7059 70088
7060 69830
7061 69407
7062 69750
7063 70031
7064 69717
7065 69691
7066 69804
7067 69837
7068 70047
7069 69884
7070 70092
7071 70038
7072 70061
7073 69969
7074 69862
7075 70210
7076 70546
7077 69903
7078 69983
7079 70314
7080 69878
7081 70025
7082 69503
7083 70099
7084 69697
7085 69771
7086 69840
7087 70040
7088 69697
7089 69876
7090 70009
7091 69827
7092 70052
7093 69866
7094 69502
7095 69907
7096 69998
7097 69833
7098 70115
7099 69770
7100 69762
7101 70414
7102 69723
7103 70034
7104 69849
7105 69786
7106 69980
7107 70346
7108 70089
7109 69705
7110 69798
7111 70120
7112 69953
7113 70273
7114 70194
7115 70103
7116 69827
7117 69716
7118 70060
7119 69758
7120 69241
7121 69711
7122 69862
7123 69706
7124 69269
7125 69350
7126 69548
7127 69226
7128 69505
7129 69694
7130 69047
7131 69328
7132 69361
7133 69392
7134 68933
7135 69005
7136 69295
7137 68951
7138 69178
7139 69367
7140 68940
7141 69287
7142 69182
7143 69151
7144 69429
7145 69416
7146 69121
7147 69381
7148 69179
7149 69278
7150 69272
7151 69332
7152 69292
7153 69498
7154 68960
7155 69177
7156 69357
7157 69342
7158 69052
7159 69419
7160 69454
7161 69141
7162 69260
7163 69366
7164 69216
7165 68993
7166 69369
7167 69724
7168 69437
7169 69629
7170 69869
7171 69651
7172 69443
7173 69394
7174 69733
7175 69642
7176 69167
7177 69241
7178 69422
7179 69554
7180 69161
7181 69483
7182 69441
7183 69530
7184 69229
7185 69565
7186 68967
7187 69351
7188 69020
7189 69374
7190 69554
7191 69486
7192 69557
7193 69324
7194 69561
7195 69472
7196 69485
7197 69633
7198 69450
7199 69375
7200 69391
7201 69257
7202 69184
7203 69479
7204 69300
7205 69321
7206 69447
7207 69637
7208 69462
7209 69616
7210 69315
7211 69384
7212 69776
7213 69386
7214 69727
7215 69312
7216 69222
7217 69619
7218 69285
7219 69011
7220 69707
7221 69208
7222 69488
7223 69148
7224 69240
7225 69068
7226 69113
7227 69105
7228 69072
7229 69212
7230 68831
7231 69439
7232 68937
7233 68864
7234 69123
7235 68857
7236 68833
7237 68425
7238 68723
7239 69320
7240 69040
7241 68738
7242 68588
7243 68652
7244 69046
7245 69075
7246 69045
7247 69294
7248 69280
7249 68571
7250 68921
7251 68956
7252 69024
7253 69113
7254 69215
7255 68979
7256 69880
7257 68872
7258 68820
7259 68863
7260 69185
7261 69326
7262 69110
7263 68970
7264 69505
7265 69343
7266 69370
7267 69165
7268 69096
7269 69448
7270 69515
7271 69741
7272 69351
7273 69236
7274 69303
7275 69264
7276 68896
7277 69072
7278 68653
7279 69409
7280 68821
7281 69224
7282 68816
7283 68722
7284 68915
7285 68763
7286 69239
7287 69270
7288 68944
7289 68840
7290 69006
7291 69363
7292 69192
7293 69356
7294 69009
7295 69068
7296 69046
7297 69321
7298 69023
7299 68861
7300 69015
7301 68835
7302 69094
7303 69285
7304 69154
7305 69350
7306 69306
7307 68995
7308 69690
7309 69270
7310 68928
7311 68953
7312 69065
7313 68950
7314 68901
7315 69255
7316 69405
7317 69122
7318 69005
7319 69007
7320 69239
7321 68935
7322 68923
7323 68690
7324 68973
7325 68970
7326 69193
7327 68917
7328 68467
7329 69065
7330 68919
7331 68524
7332 68393
7333 68544
7334 69104
7335 68662
7336 68400
7337 68829
7338 68622
7339 68619
7340 68685
7341 68291
7342 68548
7343 68675
7344 68273
7345 68378
7346 68437
7347 68219
7348 68473
7349 68169
7350 68276
7351 68520
7352 68502
7353 68702
7354 68454
7355 68692
7356 68306
7357 68801
7358 68491
7359 68725
7360 68839
7361 68630
7362 68965
7363 68670
7364 68993
7365 68890
7366 68758
7367 68897
7368 68827
7369 69084
7370 69049
7371 68847
7372 68794
7373 69159
7374 68731
7375 69034
7376 69018
7377 68925
7378 68806
7379 69215
7380 68727
7381 69103
7382 68794
7383 68507
7384 68973
7385 68481
7386 68704
7387 68612
7388 69018
7389 68957
7390 69258
7391 68737
7392 68450
7393 68763
7394 68755
7395 68478
7396 68885
7397 68929
7398 69038
7399 68731
7400 68584
7401 68641
7402 68772
7403 68506
7404 68984
7405 68291
7406 68348
7407 68601
7408 68453
7409 68805
7410 68553
7411 68666
7412 68901
7413 68585
7414 68448
7415 68874
7416 68917
7417 69093
7418 68599
7419 68409
7420 68423
7421 68390
7422 68444
7423 68291
7424 68461
7425 68552
7426 67885
7427 68161
7428 68210
7429 68244
7430 68062
7431 68242
7432 68807
7433 68151
7434 68273
7435 68471
7436 68367
7437 68142
7438 67988
7439 68342
7440 68400
7441 67979
7442 68299
7443 68207
7444 68394
7445 68501
7446 68647
7447 68278
7448 67655
7449 68355
7450 67707
7451 68035
7452 68289
7453 68265
7454 67950
7455 68479
7456 68228
7457 68208
7458 68313
7459 67993
7460 67884
7461 68671
7462 68073
7463 68002
7464 68504
7465 68565
7466 68558
7467 68460
7468 68179
7469 68553
7470 68324
7471 68766
7472 68526
7473 68727
7474 68307
7475 68514
7476 68711
7477 68525
7478 68887
7479 68470
7480 68248
7481 68521
7482 68313
7483 67914
7484 68040
7485 68228
7486 68297
7487 68462
7488 68534
7489 68518
7490 68255
7491 68213
7492 68215
7493 68240
7494 68235
7495 68425
7496 68845
7497 68162
7498 68387
7499 68239
7500 68440
7501 68311
7502 68509
7503 68378
7504 68037
7505 68770
7506 68410
7507 68542
7508 68382
7509 68432
7510 68682
7511 68347
7512 68652
7513 68441
7514 68880
7515 68380
7516 68526
7517 68783
7518 68364
7519 68451
7520 67939
7521 68181
7522 68822
7523 68205
7524 68109
7525 68199
7526 68004
7527 68307
7528 67790
7529 67616
7530 68257
7531 68049
7532 68162
7533 68060
7534 67646
7535 67837
7536 67742
7537 68029
7538 67875
7539 67904
7540 67753
7541 67536
7542 67331
7543 67737
7544 67688
7545 67783
7546 67664
7547 67532
7548 68063
7549 67842
7550 67833
7551 68004
7552 67817
7553 67524
7554 67813
7555 67884
7556 68116
7557 68014
7558 67730
7559 67995
7560 68263
7561 68193
7562 67989
7563 68198
7564 68152
7565 67816
7566 68001
7567 68499
7568 68269
7569 68175
7570 68443
7571 68274
7572 68499
7573 68108
7574 68511
7575 68168
7576 68175
7577 68404
7578 68587
7579 68069
7580 68052
7581 68266
7582 68172
7583 68300
7584 68145
7585 68210
7586 68137
7587 68049
7588 68083
7589 68532
7590 68119
7591 68028
7592 68016
7593 68475
7594 68246
7595 67964
7596 68300
7597 67818
7598 68475
7599 68085
7600 68263
7601 68291
7602 68377
7603 68123
7604 68115
7605 68057
7606 67955
7607 68001
7608 67753
7609 67977
7610 67948
7611 68260
7612 68049
7613 68082
7614 68461
7615 68089
7616 68035
7617 67884
7618 68243
7619 67929
7620 67869
7621 67779
7622 67616
7623 68414
7624 68104
7625 67604
7626 67784
7627 67744
7628 67550
7629 67638
7630 67450
7631 67957
7632 67420
7633 67561
7634 67492
7635 67336
7636 67480
7637 67469
7638 67640
7639 67035
7640 67361
7641 67500
7642 67254
7643 67665
7644 67190
7645 67891
7646 67372
7647 67268
7648 67286
7649 67198
7650 67102
7651 67354
7652 67939
7653 67474
7654 67641
7655 67538
7656 67160
7657 67350
7658 67855
7659 67340
7660 67644
7661 67652
7662 67203
7663 67398
7664 67507
7665 67498
7666 67888
7667 67959
7668 67720
7669 67478
7670 67444
7671 67477
7672 68061
7673 67928
7674 67839
7675 68024
7676 67910
7677 68248
7678 67664
7679 67485
7680 67705
7681 67470
7682 67816
7683 67301
7684 67768
7685 67615
7686 67337
7687 66983
7688 67566
7689 67408
7690 67697
7691 67536
7692 67493
7693 67134
7694 67278
7695 67700
7696 67580
7697 67852
7698 67771
7699 67393
7700 67252
7701 67979
7702 67139
7703 67668
7704 67367
7705 67495
7706 67285
7707 67556
7708 67287
7709 67232
7710 67390
7711 67385
7712 67941
7713 67977
7714 67687
7715 67487
7716 68074
7717 67614
7718 67605
7719 67289
7720 67890
7721 67905
7722 67705
7723 67773
7724 67613
7725 67478
7726 67295
7727 67228
7728 67552
7729 66936
7730 67224
7731 67392
7732 67201
7733 67266
7734 67441
7735 66798
7736 67567
7737 66952
7738 66911
7739 67341
7740 66810
7741 67039
7742 66885
7743 67140
7744 66887
7745 66935
7746 67355
7747 66637
7748 67279
7749 67526
7750 67096
7751 67142
7752 67158
7753 67187
7754 67021
7755 67164
7756 66946
7757 67454
7758 66979
7759 67170
7760 67077
7761 67375
7762 67246
7763 67311
7764 67249
7765 67079
7766 67057
7767 67238
7768 67356
7769 66959
7770 67496
7771 67272
7772 66936
7773 67929
7774 67531
7775 68230
7776 67877
7777 66922
7778 67933
7779 67009
7780 67566
7781 67565
7782 67444
7783 67456
7784 67606
7785 67462
7786 67592
7787 67912
7788 67700
7789 67189
7790 67580
7791 67808
7792 67399
7793 67569
7794 67360
7795 67254
7796 67587
7797 67459
7798 67718
7799 67319
7800 67544
7801 67192
7802 67172
7803 67462
7804 67493
7805 67473
7806 67193
7807 67530
7808 67759
7809 67065
7810 67395
7811 67349
7812 67294
7813 67976
7814 67111
7815 67097
7816 67380
7817 67391
7818 67574
7819 67255
7820 67427
7821 67488
7822 67319
7823 67119
7824 67023
7825 67341
7826 67111
7827 67027
7828 66922
7829 67203
7830 67317
7831 66827
7832 66793
7833 67402
7834 67010
7835 66925
7836 67151
7837 67210
7838 66900
7839 66944
7840 66806
7841 66728
7842 66702
7843 66721
7844 67292
7845 67007
7846 66997
7847 67232
7848 66813
7849 67067
7850 67119
7851 66604
7852 67042
7853 66443
7854 66943
7855 66996
7856 66952
7857 66561
7858 66766
7859 67055
7860 67091
7861 67029
7862 66972
7863 67224
7864 66896
7865 67031
7866 67084
7867 67358
7868 67400
7869 67433
7870 67363
7871 67464
7872 67118
7873 67449
7874 67271
7875 66773
7876 67477
7877 66982
7878 67051
7879 67226
7880 67166
7881 67546
7882 67147
7883 67284
7884 67292
7885 66920
7886 67158
7887 66771
7888 66836
7889 67269
7890 67326
7891 66593
7892 66971
7893 66829
7894 67242
7895 67040
7896 66252
7897 66666
7898 66982
7899 66755
7900 66819
7901 66582
7902 67204
7903 67227
7904 66764
7905 66594
7906 66879
7907 67047
7908 67187
7909 66938
7910 66896
7911 66873
7912 66690
7913 67102
7914 66749
7915 66649
7916 67188
7917 66805
7918 67336
7919 67028
7920 66909
7921 67071
7922 66792
7923 66542
7924 66533
7925 66801
7926 66763
7927 66689
7928 67097
7929 66475
7930 67076
7931 66655
7932 66688
7933 66423
7934 66460
7935 66649
7936 66756
7937 66220
7938 66040
7939 66590
7940 66045
7941 66571
7942 66292
7943 66776
7944 66236
7945 66045
7946 66559
7947 66417
7948 66175
7949 66149
7950 66481
7951 66203
7952 66154
7953 66054
7954 65969
7955 66370
7956 66446
7957 66652
7958 66784
7959 66614
7960 66524
7961 66565
7962 66319
7963 66712
7964 66551
7965 66763
7966 66824
7967 67081
7968 67154
7969 66992
7970 66746
7971 66761
7972 66738
7973 66584
7974 66638
7975 66484
7976 66528
7977 66617
7978 66551
7979 66621
7980 66669
7981 67377
7982 67098
7983 66586
7984 66716
7985 66746
7986 66760
7987 66722
7988 66585
7989 66841
7990 66772
7991 66713
7992 67145
7993 67029
7994 66752
7995 67025
7996 66859
7997 66922
7998 66913
7999 66796
8000 66607
8001 66389
8002 66859
8003 66369
8004 66316
8005 66694
8006 66677
8007 66819
8008 67096
8009 66967
8010 66585
8011 66837
8012 66636
8013 66895
8014 66729
8015 66574
8016 66737
8017 66875
8018 66633
8019 66755
8020 66318
8021 66983
8022 66448
8023 66565
8024 66933
8025 66796
8026 66228
8027 66698
8028 66288
8029 66112
8030 65796
8031 65856
8032 65950
8033 66025
8034 65773
8035 66100
8036 66442
8037 65927
8038 66054
8039 65968
8040 66019
8041 65773
8042 65816
8043 66156
8044 65983
8045 65962
8046 65656
8047 65630
8048 66209
8049 66090
8050 65805
8051 66043
8052 65761
8053 65801
8054 66078
8055 65791
8056 66013
8057 66146
8058 66454
8059 66229
8060 65885
8061 66406
8062 66234
8063 66472
8064 65984
8065 66339
8066 66389
8067 66466
8068 66108
8069 66302
8070 66496
8071 66749
8072 66730
8073 66563
8074 66400
8075 65996
8076 65941
8077 66582
8078 66229
8079 66292
8080 66332
8081 66320
8082 66219
8083 66295
8084 66207
8085 66104
8086 66669
8087 66089
8088 66000
8089 66353
8090 66544
8091 66057
8092 66011
8093 66401
8094 66271
8095 66123
8096 66499
8097 66536
8098 66096
8099 66060
8100 66109
8101 66179
8102 66365
8103 65975
8104 66231
8105 66181
8106 66378
8107 66184
8108 66398
8109 66407
8110 66113
8111 66357
8112 66375
8113 66542
8114 66358
8115 66947
8116 66017
8117 66274
8118 66540
8119 66383
8120 66305
8121 66034
8122 66456
8123 65813
8124 66046
8125 65956
8126 66304
8127 66181
8128 65740
8129 65807
8130 65619
8131 66001
8132 66076
8133 66018
8134 65949
8135 65720
8136 65692
8137 65737
8138 65799
8139 65739
8140 65964
8141 65608
8142 66222
8143 65094
8144 65794
8145 65775
8146 65504
8147 65805
8148 65750
8149 66083
8150 65547
8151 65476
8152 66055
8153 66047
8154 65517
8155 65617
8156 66625
8157 66062
8158 66001
8159 66199
8160 65905
8161 66153
8162 65609
8163 66399
8164 66030
8165 66053
8166 65878
8167 65843
8168 66274
8169 66676
8170 66221
8171 66150
8172 66491
8173 66598
8174 66491
8175 66123
8176 66007
8177 65817
8178 66468
8179 66042
8180 65966
8181 65717
8182 66205
8183 66136
8184 66586
8185 66357
8186 66245
8187 66055
8188 65736
8189 65832
8190 66058
8191 65793
8192 66220
8193 66109
8194 65880
8195 65874
8196 66239
8197 65925
8198 65846
8199 66141
8200 66093
8201 66124
8202 66146
8203 65925
8204 66329
8205 65824
8206 65765
8207 66227
8208 66363
8209 65960
8210 66544
8211 65944
8212 66281
8213 66253
8214 65979
8215 66569
8216 65997
8217 66413
8218 66178
8219 65800
8220 65720
8221 66210
8222 66283
8223 65840
8224 66317
8225 65704
8226 65731
8227 65929
8228 65710
8229 65370
8230 65637
8231 66098
8232 65835
8233 65665
8234 65216
8235 65388
8236 65447
8237 65333
8238 65515
8239 65261
8240 65656
8241 65340
8242 65596
8243 65780
8244 65650
8245 65427
8246 65278
8247 65567
8248 65418
8249 65604
8250 65053
8251 65416
8252 65402
8253 65392
8254 65400
8255 66002
8256 65169
8257 65290
8258 65036
8259 65836
8260 65489
8261 65415
8262 65846
8263 65629
8264 65944
8265 65300
8266 65696
8267 65912
8268 66133
8269 65870
8270 66026
8271 66430
8272 65782
8273 65941
8274 66068
8275 66218
8276 66147
8277 65683
8278 65857
8279 66207
8280 65703
8281 65824
8282 65724
8283 65784
8284 65611
8285 65629
8286 65393
8287 65968
8288 66008
8289 65832
8290 65553
8291 65682
8292 65922
8293 65657
8294 66036
8295 65964
8296 65748
8297 65757
8298 65500
8299 65811
8300 65456
8301 65610
8302 65599
8303 65772
8304 65178
8305 65655
8306 65847
8307 65884
8308 65719
8309 65736
8310 66266
8311 65558
8312 65734
8313 65674
8314 65968
8315 65754
8316 65582
8317 66030
8318 66008
8319 65436
8320 66060
8321 66101
8322 65966
8323 65509
8324 65235
8325 65613
8326 65919
8327 65695
8328 65435
8329 65784
8330 65602
8331 65583
8332 65528
8333 65563
8334 65179
8335 64939
8336 65302
8337 65824
8338 65348
8339 65678
8340 65547
8341 65472
8342 65197
8343 64994
8344 65499
8345 65113
8346 65301
8347 65357
8348 65593
8349 65702
8350 65328
8351 65685
8352 65393
8353 65553
8354 65529
8355 65655
8356 65612
8357 65382
8358 65506
8359 65431
8360 65821
8361 65785
8362 65971
8363 65553
8364 65601
8365 65652
8366 65879
8367 65828
8368 65631
8369 66019
8370 66048
8371 66132
8372 65830
8373 66230
8374 66043
8375 65877
8376 65956
8377 65817
8378 66048
8379 65966
8380 65976
8381 65628
8382 65890
8383 65679
8384 65366
8385 65618
8386 65914
8387 65927
8388 66018
8389 65597
8390 65571
8391 65670
8392 66056
8393 65549
8394 65992
8395 65887
8396 65664
8397 65784
8398 65718
8399 65740
8400 65569
8401 65881
8402 65692
8403 65969
8404 65860
8405 65496
8406 66164
8407 65826
8408 65921
8409 66017
8410 65913
8411 65845
8412 65752
8413 65519
8414 65961
8415 66084
8416 66542
8417 66019
8418 65991
8419 65550
8420 65635
8421 66001
8422 65811
8423 65987
8424 65563
8425 65097
8426 65761
8427 65540
8428 65292
8429 65767
8430 65419
8431 65860
8432 65654
8433 65482
8434 65301
8435 65915
8436 65421
8437 65650
8438 65787
8439 65120
8440 65696
8441 65450
8442 65335
8443 65942
8444 65213
8445 65512
8446 65503
8447 65376
8448 64916
8449 65576
8450 65569
8451 65250
8452 65536
8453 65418
8454 65538
8455 65781
8456 65776
8457 65128
8458 65616
8459 65348
8460 65521
8461 65820
8462 66138
8463 66169
8464 66093
8465 65942
8466 66389
8467 66084
8468 65802
8469 66185
8470 66508
8471 66217
8472 65984
8473 66252
8474 66075
8475 66390
8476 66161
8477 66063
8478 66279
8479 65707
8480 65890
8481 65794
8482 66030
8483 65743
8484 66007
8485 65634
8486 65947
8487 65634
8488 66034
8489 66153
8490 66217
8491 65780
8492 65715
8493 65854
8494 65875
8495 65623
8496 65935
8497 65738
8498 65694
8499 65554
8500 65657
8501 66118
8502 65683
8503 65790
8504 65722
8505 66666
8506 65817
8507 65676
8508 65591
8509 66284
8510 65997
8511 66275
8512 65894
8513 65808
8514 66151
8515 66100
8516 65870
8517 66084
8518 66079
8519 65677
8520 66311
8521 66489
8522 66469
8523 65942
8524 65770
8525 65671
8526 65930
8527 65422
8528 65921
8529 65682
8530 65630
8531 65613
8532 65855
8533 65578
8534 65806
8535 65475
8536 65432
8537 65520
8538 65398
8539 65653
8540 65819
8541 65248
8542 65616
8543 65521
8544 65297
8545 65791
8546 65500
8547 65392
8548 65343
8549 65661
8550 65424
8551 65589
8552 65657
8553 65708
8554 65392
8555 65727
8556 65755
8557 65581
8558 65482
8559 65507
8560 66004
8561 65282
8562 65468
8563 65866
8564 66237
8565 65846
8566 65914
8567 65774
8568 65826
8569 66071
8570 66290
8571 65458
8572 66409
8573 66496
8574 66191
8575 65933
8576 65920
8577 66206
8578 66168
8579 65934
8580 65899
8581 66232
8582 66372
8583 66041
8584 66036
8585 66315
8586 65843
8587 65760
8588 66401
8589 65659
8590 66330
8591 66054
8592 65672
8593 65929
8594 66402
8595 66184
8596 66330
8597 65977
8598 65699
8599 66089
8600 66166
8601 66007
8602 66233
8603 66093
8604 65736
8605 66191
8606 66399
8607 66143
8608 66294
8609 66713
8610 66183
8611 66257
8612 66282
8613 66129
8614 65703
8615 66028
8616 66137
8617 66140
8618 66458
8619 66680
8620 65933
8621 66283
8622 66269
8623 66263
8624 66215
8625 66119
8626 66416
8627 65909
8628 66253
8629 66088
8630 65924
8631 65949
8632 66343
8633 65621
8634 65889
8635 65977
8636 66027
8637 65486
8638 65642
8639 65851
8640 65754
8641 66110
8642 65674
8643 65635
8644 65894
8645 65818
8646 65526
8647 66069
8648 65823
8649 66280
8650 65845
8651 66164
8652 65994
8653 65691
8654 66068
8655 66045
8656 65974
8657 66149
8658 65790
8659 65717
8660 65927
8661 66049
8662 66432
8663 65637
8664 66125
8665 66569
8666 66555
8667 66323
8668 66339
8669 66631
8670 66916
8671 66470
8672 66665
8673 66514
8674 66422
8675 66471
8676 66386
8677 66714
8678 66587
8679 66624
8680 66570
8681 66826
8682 66485
8683 66825
8684 66716
8685 66509
8686 66730
8687 66122
8688 66401
8689 66841
8690 66396
8691 66375
8692 66874
8693 66567
8694 66634
8695 66393
8696 66537
8697 66524
8698 66539
8699 66598
8700 66809
8701 66334
8702 66532
8703 66423
8704 66610
8705 66456
8706 66300
8707 66364
8708 66595
8709 66654
8710 66517
8711 66524
8712 66498
8713 67275
8714 66712
8715 66686
8716 66762
8717 66641
8718 66681
8719 67062
8720 66950
8721 66686
8722 66167
8723 66511
8724 66768
8725 66434
8726 66435
8727 66079
8728 66366
8729 66503
8730 66635
8731 66386
8732 66726
8733 66588
8734 66189
8735 66192
8736 66119
8737 66389
8738 66236
8739 66069
8740 65703
8741 66222
8742 66776
8743 66253
8744 66978
8745 66064
8746 66552
8747 65949
8748 66256
8749 66090
8750 66498
8751 66465
8752 66593
8753 67007
8754 66600
8755 66444
8756 66755
8757 66773
8758 66925
8759 66946
8760 66789
8761 66987
8762 67159
8763 67260
8764 67398
8765 66726
8766 66997
8767 67003
8768 67644
8769 67286
8770 66930
8771 67731
8772 67256
8773 66998
8774 67479
8775 67315
8776 67277
8777 67160
8778 67342
8779 67329
8780 67412
8781 66996
8782 67069
8783 67209
8784 67425
8785 67141
8786 67412
8787 67199
8788 67446
8789 67576
8790 67009
8791 67303
8792 67269
8793 67032
8794 66863
8795 67026
8796 67313
8797 67053
8798 67340
8799 67370
8800 67713
8801 67178
8802 66937
8803 67268
8804 67280
8805 67220
8806 67047
8807 67327
8808 67465
8809 67299
8810 67536
8811 67256
8812 67614
8813 67213
8814 67376
8815 67690
8816 67723
8817 67195
8818 67441
8819 67430
8820 67189
8821 67505
8822 67477
8823 67452
8824 66814
8825 67451
8826 66998
8827 67347
8828 67428
8829 67174
8830 67546
8831 67019
8832 67332
8833 67097
8834 67056
8835 67068
8836 67073
8837 67403
8838 66713
8839 67232
8840 67115
8841 67503
8842 67143
8843 67051
8844 67149
8845 66878
8846 67180
8847 67643
8848 67579
8849 67074
8850 66935
8851 66903
8852 67475
8853 67065
8854 67090
8855 67179
8856 67227
8857 67651
8858 67462
8859 66948
8860 67404
8861 67322
8862 67501
8863 67359
8864 67719
8865 67995
8866 67364
8867 67658
8868 67755
8869 67841
8870 67653
8871 67641
8872 67854
8873 67871
8874 67326
8875 67705
8876 67532
8877 67954
8878 67806
8879 67690
8880 67475
8881 67563
8882 67615
8883 67596
8884 67613
8885 67339
8886 67475
8887 67200
8888 67605
8889 67512
8890 68113
8891 67467
8892 67689
8893 67426
8894 67614
8895 67744
8896 67647
8897 67546
8898 67766
8899 67547
8900 67699
8901 67346
8902 67832
8903 67663
8904 67842
8905 67582
8906 67431
8907 67599
8908 67996
8909 67569
8910 67822
8911 67724
8912 67844
8913 67952
8914 68086
8915 67993
8916 68065
8917 67929
8918 67890
8919 67780
8920 68149
8921 68010
8922 67880
8923 67799
8924 68002
8925 67913
8926 67944
8927 67767
8928 67732
8929 67742
8930 67838
8931 67456
8932 67755
8933 67417
8934 67438
8935 67755
8936 67523
8937 67681
8938 67740
8939 67303
8940 67575
8941 67653
8942 67538
8943 67563
8944 67738
8945 67094
8946 67714
8947 67646
8948 67393
8949 67300
8950 67459
8951 66879
8952 67647
8953 67653
8954 67004
8955 67665
8956 67330
8957 67712
8958 67372
8959 67740
8960 67428
8961 67811
8962 68027
8963 68117
8964 67744
8965 68069
8966 67943
8967 68107
8968 67939
8969 68279
8970 68001
8971 68253
8972 67897
8973 68038
8974 68068
8975 68236
8976 68153
8977 68216
8978 67778
8979 67973
8980 67836
8981 67711
8982 67784
8983 67791
8984 67972
8985 68472
8986 68229
8987 67891
8988 67929
8989 67765
8990 67710
8991 68305
8992 68016
8993 68169
8994 67821
8995 67297
8996 68196
8997 67814
8998 67907
8999 67667
9000 67384
9001 68073
9002 68219
9003 68225
9004 68029
9005 68394
9006 68105
9007 68164
9008 67719
9009 68238
9010 68343
9011 68010
9012 67753
9013 68060
9014 67857
9015 67751
9016 68029
9017 68105
9018 68546
9019 67917
9020 68165
9021 68087
9022 67984
9023 68277
9024 68151
9025 67723
9026 67949
9027 67277
9028 67536
9029 67582
9030 67559
9031 67741
9032 67588
9033 67715
9034 68009
9035 67802
9036 67648
9037 67614
9038 67699
9039 67741
9040 67672
9041 67603
9042 67464
9043 67910
9044 67127
9045 68267
9046 67581
9047 67468
9048 67463
9049 67525
9050 67755
9051 67248
9052 67496
9053 67561
9054 67388
9055 67526
9056 67407
9057 67407
9058 67457
9059 67357
9060 67741
9061 67658
9062 67620
9063 67742
9064 67618
9065 67768
9066 67563
9067 68302
9068 68029
9069 67813
9070 67632
9071 68011
9072 67876
9073 68303
9074 68128
9075 68094
9076 67933
9077 68422
9078 68026
9079 67728
9080 67838
9081 67662
9082 67958
9083 67478
9084 67647
9085 68100
9086 67880
9087 67779
9088 67988
9089 68007
9090 67731
9091 67487
9092 68092
9093 67939
9094 68019
9095 67811
9096 67596
9097 67834
9098 67826
9099 67899
9100 67385
9101 67978
9102 67895
9103 67667
9104 67796
9105 68123
9106 67863
9107 68020
9108 68164
9109 67911
9110 67704
9111 67405
9112 67895
9113 67698
9114 68247
9115 67975
9116 67752
9117 68075
9118 68297
9119 67973
9120 68057
9121 67485
9122 67759
9123 67765
9124 67515
9125 67604
9126 67757
9127 67112
9128 67561
9129 67468
9130 67194
9131 67424
9132 67006
9133 67236
9134 67347
9135 67438
9136 67333
9137 67701
9138 67538
9139 67391
9140 67312
9141 67374
9142 67219
9143 67350
9144 67135
9145 67404
9146 67288
9147 66906
9148 67339
9149 67753
9150 67332
9151 67305
9152 67411
9153 67355
9154 67273
9155 67374
9156 67440
9157 67251
9158 67227
9159 67419
9160 67461
9161 67229
9162 67134
9163 67265
9164 67534
9165 67458
9166 67814
9167 67507
9168 67413
9169 67812
9170 68073
9171 67594
9172 67229
9173 68021
9174 67601
9175 67670
9176 67623
9177 67691
9178 67769
9179 67723
9180 67659
9181 67783
9182 67507
9183 67240
9184 67109
9185 67539
9186 67636
9187 67417
9188 67693
9189 67517
9190 67364
9191 67719
9192 66986
9193 67453
9194 67446
9195 67244
9196 67507
9197 67876
9198 67569
9199 67510
9200 67562
9201 67248
9202 67781
9203 67769
9204 67706
9205 67220
9206 67500
9207 67598
9208 67511
9209 67632
9210 67479
9211 67543
9212 68047
9213 67851
9214 67684
9215 67991
9216 67965
9217 67963
9218 67382
9219 67629
9220 67711
9221 67637
9222 67734
9223 67243
9224 67565
9225 67828
9226 67562
9227 67082
9228 67327
9229 67779
9230 67534
9231 67519
9232 67359
9233 67663
9234 66937
9235 66969
9236 66950
9237 67286
9238 67337
9239 66900
9240 67484
9241 66702
9242 67052
9243 67308
9244 67344
9245 67057
9246 67677
9247 67023
9248 67377
9249 66996
9250 67213
9251 67436
9252 67245
9253 66919
9254 67301
9255 67024
9256 66833
9257 66862
9258 67537
9259 67037
9260 67400
9261 67196
9262 67356
9263 67693
9264 67357
9265 66610
9266 67307
9267 67537
9268 67867
9269 67693
9270 67444
9271 67238
9272 67472
9273 67417
9274 67444
9275 67555
9276 67962
9277 67056
9278 67281
9279 67672
9280 67235
9281 67521
9282 67347
9283 67363
9284 67456
9285 67562
9286 67491
9287 66930
9288 67380
9289 66995
9290 67940
9291 67386
9292 67297
9293 67812
9294 67199
9295 67956
9296 67232
9297 67814
9298 67429
9299 67378
9300 67598
9301 67300
9302 67404
9303 67437
9304 67674
9305 67868
9306 67593
9307 67368
9308 67388
9309 67595
9310 67356
9311 66987
9312 67391
9313 67704
9314 67751
9315 67788
9316 67737
9317 68034
9318 67386
9319 67268
9320 67125
9321 67483
9322 67450
9323 67478
9324 67292
9325 67456
9326 67094
9327 67125
9328 67217
9329 67072
9330 66795
9331 66700
9332 66768
9333 66717
9334 67371
9335 67205
9336 67017
9337 66686
9338 67342
9339 66774
9340 67119
9341 67317
9342 67072
9343 67221
9344 67082
9345 67443
9346 67021
9347 67089
9348 66744
9349 66971
9350 67054
9351 67089
9352 67150
9353 66808
9354 67375
9355 67379
9356 66853
9357 67415
9358 67289
9359 67130
9360 67432
9361 67382
9362 67372
9363 67169
9364 67502
9365 67332
9366 67170
9367 67731
9368 67656
9369 67674
9370 67632
9371 67600
9372 67790
9373 68062
9374 67979
9375 67842
9376 67489
9377 67275
9378 67866
9379 67573
9380 67547
9381 67329
9382 67391
9383 67502
9384 67520
9385 67673
9386 67014
9387 66838
9388 67881
9389 67218
9390 67321
9391 67487
9392 66858
9393 67236
9394 67603
9395 67524
9396 67822
9397 67345
9398 67395
9399 67252
9400 67165
9401 67295
9402 67591
9403 67682
9404 67552
9405 67213
9406 67158
9407 67256
9408 67712
9409 67496
9410 67295
9411 67274
9412 67216
9413 67247
9414 67438
9415 67558
9416 67408
9417 67831
9418 67500
9419 67453
9420 67277
9421 67379
9422 67612
9423 67352
9424 67247
9425 67134
9426 67408
9427 67550
9428 67153
9429 66896
9430 67197
9431 66434
9432 67022
9433 66986
9434 66684
9435 66843
9436 67598
9437 66712
9438 67178
9439 66906
9440 67288
9441 66939
9442 66555
9443 67273
9444 67408
9445 66483
9446 66947
9447 66616
9448 67403
9449 67003
9450 66974
9451 67142
9452 67380
9453 66960
9454 66914
9455 67267
9456 67243
9457 67348
9458 67016
9459 67253
9460 67280
9461 66805
9462 67219
9463 67272
9464 67437
9465 67288
9466 67235
9467 66680
9468 67606
9469 67564
9470 67284
9471 67552
9472 67535
9473 67880
9474 67570
9475 67726
9476 67645
9477 67973
9478 67735
9479 67570
9480 67444
9481 67321
9482 67319
9483 67606
9484 67391
9485 67175
9486 67248
9487 67405
9488 67735
9489 67332
9490 67273
9491 67403
9492 67572
9493 67556
9494 67633
9495 67382
9496 67235
9497 67713
9498 67580
9499 66974
9500 68051
9501 67248
9502 67761
9503 67158
9504 67351
9505 67453
9506 67469
9507 67154
9508 67568
9509 67182
9510 67160
9511 67943
9512 67856
9513 68068
9514 67748
9515 67780
9516 67648
9517 67648
9518 67489
9519 67529
9520 67556
9521 68047
9522 67737
9523 67510
9524 67064
9525 67250
9526 67286
9527 67283
9528 67096
9529 66987
9530 67387
9531 67205
9532 67644
9533 67056
9534 67191
9535 67013
9536 66927
9537 66864
9538 66639
9539 66719
9540 67090
9541 67066
9542 66807
9543 66870
9544 66908
9545 66855
9546 67265
9547 66810
9548 67255
9549 66873
9550 67132
9551 66624
9552 66800
9553 67158
9554 66758
9555 66720
9556 66953
9557 67340
9558 67167
9559 67313
9560 67096
9561 67077
9562 67093
9563 67155
9564 67478
9565 67075
9566 67413
9567 67271
9568 67463
9569 67273
9570 67630
9571 67430
9572 67339
9573 67306
9574 67263
9575 67413
9576 67544
9577 67608
9578 67479
9579 67279
9580 67120
9581 67408
9582 66938
9583 67733
9584 67363
9585 67450
9586 67552
9587 67440
9588 67056
9589 67169
9590 67436
9591 67205
9592 67164
9593 67110
9594 67034
9595 67252
9596 67361
9597 67235
9598 67182
9599 67401
9600 67180
9601 67146
9602 67020
9603 67316
9604 67353
9605 67283
9606 67319
9607 67099
9608 67140
9609 67022
9610 67942
9611 67127
9612 67385
9613 67211
9614 67481
9615 67704
9616 67038
9617 66845
9618 67733
9619 67188
9620 66950
9621 67332
9622 67429
9623 67325
9624 67083
9625 67118
9626 66956
9627 67303
9628 67210
9629 66953
9630 67311
9631 66778
9632 66736
9633 66930
9634 66926
9635 66588
9636 67052
9637 66544
9638 67286
9639 66753
9640 66789
9641 67089
9642 66324
9643 66429
9644 66795
9645 66768
9646 66564
9647 66691
9648 66823
9649 66804
9650 66724
9651 66573
9652 66907
9653 67218
9654 67197
9655 66600
9656 66362
9657 66725
9658 66998
9659 67101
9660 66970
9661 66729
9662 67360
9663 66985
9664 66861
9665 67330
9666 67339
9667 67181
9668 67538
9669 66913
9670 67260
9671 67341
9672 67359
9673 67935
9674 67071
9675 67305
9676 67112
9677 67403
9678 67562
9679 66991
9680 67189
9681 66982
9682 67356
9683 67186
9684 67308
9685 67411
9686 67431
9687 66982
9688 67087
9689 66796
9690 67140
9691 66653
9692 66848
9693 66998
9694 66460
9695 67250
9696 66591
9697 66856
9698 67200
9699 67198
9700 67027
9701 66733
9702 67224
9703 66719
9704 66810
9705 67151
9706 67375
9707 67265
9708 67667
9709 67265
9710 67353
9711 67379
9712 67249
9713 67381
9714 67064
9715 67290
9716 66957
9717 67455
9718 67332
9719 67202
9720 67357
9721 67479
9722 67554
9723 67037
9724 67360
9725 66934
9726 67351
9727 67044
9728 66786
9729 66786
9730 67096
9731 66926
9732 66555
9733 66191
9734 66856
9735 66338
9736 66806
9737 66674
9738 66644
9739 66593
9740 66611
9741 67038
9742 66414
9743 66171
9744 66710
9745 66616
9746 66559
9747 66487
9748 66685
9749 66820
9750 66701
9751 67022
9752 66269
9753 66609
9754 66875
9755 66898
9756 66516
9757 66080
9758 66509
9759 66642
9760 66849
9761 66860
9762 67041
9763 67167
9764 66611
9765 67299
9766 66853
9767 67403
9768 67334
9769 66951
9770 66991
9771 67043
9772 67165
9773 67208
9774 67079
9775 67695
9776 67313
9777 67114
9778 67063
9779 67325
9780 66787
9781 66867
9782 66930
9783 66702
9784 66878
9785 67301
9786 66900
9787 66988
9788 67229
9789 67069
9790 67009
9791 67129
9792 67114
9793 67109
9794 66721
9795 66964
9796 66817
9797 66959
9798 66842
9799 66723
9800 66829
9801 67095
9802 66528
9803 66791
9804 66959
9805 66916
9806 67165
9807 66904
9808 67003
9809 67063
9810 66907
9811 67465
9812 66543
9813 67180
9814 66984
9815 66889
9816 67284
9817 67430
9818 67265
9819 67133
9820 66701
9821 66679
9822 66934
9823 67072
9824 67082
9825 67046
9826 67033
9827 67389
9828 66813
9829 66385
9830 66574
9831 66860
9832 66564
9833 66455
9834 66374
9835 66858
9836 66390
9837 66694
9838 66413
9839 66478
9840 66402
9841 66512
9842 66432
9843 66541
9844 66397
9845 66425
9846 66424
9847 66381
9848 66511
9849 66649
9850 66704
9851 66641
9852 66294
9853 66899
9854 66417
9855 66302
9856 66348
9857 66439
9858 66468
9859 66749
9860 67079
9861 66365
9862 66773
9863 66892
9864 66803
9865 66952
9866 67041
9867 66974
9868 66907
9869 66918
9870 66836
9871 67037
9872 66971
9873 67253
9874 66913
9875 66770
9876 66715
9877 66621
9878 66932
9879 66833
9880 67171
9881 67148
9882 66976
9883 67089
9884 66266
9885 66878
9886 66651
9887 67366
9888 66904
9889 66529
9890 66565
9891 67071
9892 66978
9893 66915
9894 67042
9895 67194
9896 66841
9897 66899
9898 66644
9899 66814
9900 67214
9901 67071
9902 67079
9903 66610
9904 67245
9905 66928
9906 66696
9907 66759
9908 66729
9909 66874
9910 67192
9911 67106
9912 66851
9913 67176
9914 67133
9915 67206
9916 67549
9917 66612
9918 67256
9919 66885
9920 66983
9921 67411
9922 67018
9923 66878
9924 66812
9925 66950
9926 66541
9927 66780
9928 66391
9929 66336
9930 66443
9931 66121
9932 66934
9933 66530
9934 66143
9935 66231
9936 66390
9937 66051
9938 66245
9939 66453
9940 66472
9941 66158
9942 66237
9943 66137
9944 66300
9945 66195
9946 66165
9947 66399
9948 66243
9949 66302
9950 65918
9951 66480
9952 66356
9953 66466
9954 66336
9955 66325
9956 66079
9957 66499
9958 66114
9959 66138
9960 66350
9961 66480
9962 66413
9963 66201
9964 66586
9965 66345
9966 66936
9967 66826
9968 66851
9969 67085
9970 66782
9971 66704
9972 66982
9973 67196
9974 66927
9975 67107
9976 66628
9977 66752
9978 66834
9979 66608
9980 66766
9981 66936
9982 66919
9983 66227
9984 66315
9985 66933
9986 66811
9987 67063
9988 66397
9989 66197
9990 66830
9991 66890
9992 66778
9993 66684
9994 66141
9995 66616
9996 66864
9997 66426
9998 67288
9999 66636
10000 66559
10001 66671
10002 66860
10003 66970
10004 66785
10005 66979
10006 66675
10007 66640
10008 66519
10009 66277
10010 66655
10011 66998
10012 66692
10013 66755
10014 66802
10015 66840
10016 66778
10017 66955
10018 66897
10019 66579
10020 66953
10021 66236
10022 66772
10023 66381
10024 66740
10025 66226
10026 66237
10027 66363
10028 67009
10029 66521
10030 66770
10031 66191
10032 66218
10033 66104
10034 66200
10035 66390
10036 66850
10037 66005
10038 66217
10039 66612
10040 65905
10041 65843
10042 66179
10043 65961
10044 66070
10045 66462
10046 66232
10047 65568
10048 65963
10049 66456
10050 66559
10051 65965
10052 66016
10053 65437
10054 65978
10055 66241
10056 66345
10057 66188
10058 66256
10059 66514
10060 66186
10061 66973
10062 66695
10063 66246
10064 66617
10065 66794
10066 66660
10067 66958
10068 66665
10069 66372
10070 66719
10071 66438
10072 66752
10073 66512
10074 66904
10075 66938
10076 66445
10077 66807
10078 66678
10079 66773
10080 66406
10081 66687
10082 66338
10083 66628
10084 66493
10085 66648
10086 66478
10087 66574
10088 66472
10089 66917
10090 66512
10091 66185
10092 66420
10093 66709
10094 66525
10095 66590
10096 66644
10097 66621
10098 66382
10099 66542
10100 66673
10101 66581
10102 66018
10103 66748
10104 66935
10105 66661
10106 66855
10107 66222
10108 66761
10109 66622
10110 66441
10111 66439
10112 66836
10113 66636
10114 66512
10115 66481
10116 66373
10117 66206
10118 66683
10119 66464
10120 66539
10121 66462
10122 66582
10123 66326
10124 66700
10125 66534
10126 66348
10127 66320
10128 66756
10129 66089
10130 65977
10131 66253
10132 65972
10133 65839
10134 65634
10135 65700
10136 65886
10137 66432
10138 65894
10139 66102
10140 65836
10141 65900
10142 65714
10143 65591
10144 65710
10145 66014
10146 65658
10147 65504
10148 65902
10149 66026
10150 65793
10151 65710
10152 65913
10153 66095
10154 65903
10155 65956
10156 65727
10157 66043
10158 65565
10159 66205
10160 65895
10161 65963
10162 65917
10163 66382
10164 66194
10165 66187
10166 65750
10167 65891
10168 66161
10169 66203
10170 66380
10171 66609
10172 66118
10173 66508
10174 66416
10175 67000
10176 65967
10177 66203
10178 66178
10179 66139
10180 66241
10181 66278
10182 66437
10183 65761
10184 66185
10185 66041
10186 65979
10187 66303
10188 66040
10189 66003
10190 65973
10191 66264
10192 66340
10193 66151
10194 66219
10195 66195
10196 66284
10197 66720
10198 66345
10199 66340
10200 65750
10201 66505
10202 65976
10203 65845
10204 66213
10205 65938
10206 66386
10207 66234
10208 65694
10209 66288
10210 66306
10211 65895
10212 65891
10213 66454
10214 66150
10215 66379
10216 66414
10217 66331
10218 66129
10219 66584
10220 66142
10221 66461
10222 66016
10223 65983
10224 65919
10225 65745
10226 65796
10227 65946
10228 65498
10229 65782
10230 65475
10231 65683
10232 65788
10233 66162
10234 65966
10235 65345
10236 65829
10237 65478
10238 65376
10239 66010
10240 65284
10241 65900
10242 65619
10243 65791
10244 65775
10245 65418
10246 65512
10247 65885
10248 65611
10249 65491
10250 65853
10251 65861
10252 65837
10253 66146
10254 65914
10255 65734
10256 65491
10257 65546
10258 65742
10259 66332
10260 65611
10261 65893
10262 65657
10263 66148
10264 65953
10265 65437
10266 65983
10267 66127
10268 66595
10269 66252
10270 66024
10271 65932
10272 66245
10273 66215
10274 66464
10275 65961
10276 66064
10277 66246
10278 66112
10279 65704
10280 65883
10281 65952
10282 65943
10283 66163
10284 65805
10285 65560
10286 65940
10287 66015
10288 65818
10289 65912
10290 66061
10291 66147
10292 65745
10293 65736
10294 66271
10295 65639
10296 66298
10297 65998
10298 65700
10299 66040
10300 65436
10301 66099
10302 65947
10303 65684
10304 65518
10305 65848
10306 65949
10307 66346
10308 66297
10309 66061
10310 66007
10311 66225
10312 66083
10313 66344
10314 65957
10315 66163
10316 66101
10317 65950
10318 65826
10319 66192
10320 65824
10321 66035
10322 66250
10323 66370
10324 65970
10325 65660
10326 65958
10327 65817
10328 65664
10329 65774
10330 65896
10331 65439
10332 65787
10333 65715
10334 65362
10335 65241
10336 65053
10337 65315
10338 65864
10339 65698
10340 65462
10341 65158
10342 65594
10343 65257
10344 65397
10345 65257
10346 65145
10347 65257
10348 65565
10349 65442
10350 65082
10351 65653
10352 65226
10353 65559
10354 65331
10355 65690
10356 65494
10357 65744
10358 65486
10359 65574
10360 65842
10361 65589
10362 66037
10363 65456
10364 65515
10365 65527
10366 65600
10367 65686
10368 65924
10369 65959
10370 66261
10371 66362
10372 65805
10373 65604
10374 65967
10375 65992
10376 65685
10377 65935
10378 65413
10379 66096
10380 65287
10381 65404
10382 65813
10383 65481
10384 65381
10385 65200
10386 65253
10387 65595
10388 65409
10389 65856
10390 65696
10391 65180
10392 65579
10393 65429
10394 65275
10395 65197
10396 65688
10397 65312
10398 65570
10399 65602
10400 65561
10401 65841
10402 65890
10403 66128
10404 65322
10405 65522
10406 65802
10407 65653
10408 65282
10409 65236
10410 65499
10411 65674
10412 65575
10413 65716
10414 65957
10415 65721
10416 65745
10417 65832
10418 65779
10419 65647
10420 65677
10421 65510
10422 65464
10423 65582
10424 65669
10425 65053
10426 65534
10427 65260
10428 65303
10429 65022
10430 65170
10431 65778
10432 65231
10433 65168
10434 65383
10435 65001
10436 65099
10437 65212
10438 64970
10439 64740
10440 65238
10441 64778
10442 65137
10443 65115
10444 64724
10445 64808
10446 64780
10447 64768
10448 64939
10449 65078
10450 65117
10451 65346
10452 65307
10453 65537
10454 65480
10455 65436
10456 65064
10457 65084
10458 64875
10459 65369
10460 65609
10461 65228
10462 65425
10463 65648
10464 65126
10465 65457
10466 65413
10467 65558
10468 65526
10469 65687
10470 65529
10471 65520
10472 65165
10473 65724
10474 65920
10475 65406
10476 65345
10477 65639
10478 65717
10479 64927
10480 65394
10481 65506
10482 65650
10483 65810
10484 65393
10485 65462
10486 65602
10487 65373
10488 65420
10489 65596
10490 65139
10491 65484
10492 65654
10493 65450
10494 65216
10495 65468
10496 65401
10497 65665
10498 65070
10499 65410
10500 65511
10501 65641
10502 65532
10503 65471
10504 65490
10505 65296
10506 65506
10507 65322
10508 65628
10509 65403
10510 65549
10511 65591
10512 65497
10513 65287
10514 65351
10515 65678
10516 65091
10517 65623
10518 65633
10519 66061
10520 65494
10521 65684
10522 65312
10523 65082
10524 65245
10525 65244
10526 65154
10527 65456
10528 65278
10529 65488
10530 65019
10531 64976
10532 64903
10533 65026
10534 64903
10535 64785
10536 65185
10537 65298
10538 65400
10539 65281
10540 65202
10541 65172
10542 65465
10543 65137
10544 64807
10545 65203
10546 64752
10547 65134
10548 65131
10549 65134
10550 65321
10551 64651
10552 65287
10553 65121
10554 64585
10555 64938
10556 65103
10557 65222
10558 65131
10559 65375
10560 65294
10561 64812
10562 65510
10563 65426
10564 65313
10565 65057
10566 65231
10567 65255
10568 65326
10569 65825
10570 65490
10571 65820
10572 65930
10573 65385
10574 65641
10575 65828
10576 65395
10577 65538
10578 65393
10579 65598
10580 65774
10581 65354
10582 65433
10583 64977
10584 65299
10585 65527
10586 65565
10587 65585
10588 65493
10589 65205
10590 65360
10591 65170
10592 65120
10593 65629
10594 64980
10595 65197
10596 65466
10597 65443
10598 65532
10599 65515
10600 65648
10601 65675
10602 65233
10603 65139
10604 65840
10605 65698
10606 65307
10607 65426
10608 65563
10609 65724
10610 65147
10611 65449
10612 65533
10613 65337
10614 65436
10615 65318
10616 65651
10617 65956
10618 65521
10619 65685
10620 65841
10621 65579
10622 65204
10623 65833
10624 65610
10625 65284
10626 65295
10627 65132
10628 65416
10629 65061
10630 65068
10631 64884
10632 64752
10633 64875
10634 65107
10635 65247
10636 65016
10637 65216
10638 65066
10639 64888
10640 65036
10641 64518
10642 64871
10643 65217
10644 64685
10645 64786
10646 64753
10647 65053
10648 65078
10649 64818
10650 64998
10651 65131
10652 65213
10653 64494
10654 65050
10655 65273
10656 65281
10657 64912
10658 65019
10659 65076
10660 65361
10661 65062
10662 64800
10663 65302
10664 65239
10665 65283
10666 65702
10667 65573
10668 65654
10669 65628
10670 65966
10671 65829
10672 65539
10673 65492
10674 65368
10675 65389
10676 65736
10677 65479
10678 65887
10679 65549
10680 65695
10681 65851
10682 65616
10683 65407
10684 64887
10685 65096
10686 65545
10687 65639
10688 65315
10689 65266
10690 65177
10691 65416
10692 65529
10693 65369
10694 65381
10695 65131
10696 65355
10697 65364
10698 65297
10699 65446
10700 65406
10701 65023
10702 65750
10703 65226
10704 65407
10705 65318
10706 65091
10707 65306
10708 65464
10709 65507
10710 65647
10711 65099
10712 65931
10713 65278
10714 65637
10715 65807
10716 65147
10717 65446
10718 65357
10719 65620
10720 65570
10721 65353
10722 65453
10723 65769
10724 65379
10725 65338
10726 65439
10727 65066
10728 64816
10729 64972
10730 65230
10731 64910
10732 64917
10733 65465
10734 64815
10735 64893
10736 64959
10737 64702
10738 64403
10739 64372
10740 64778
10741 64615
10742 64494
10743 64393
10744 64996
10745 64745
10746 64620
10747 64612
10748 64769
10749 64513
10750 64777
10751 64593
10752 64388
10753 65145
10754 65117
10755 64799
10756 64553
10757 64696
10758 65131
10759 64701
10760 65038
10761 65052
10762 65061
10763 64945
10764 64802
10765 65294
10766 65127
10767 65784
10768 65475
10769 65023
10770 65275
10771 65661
10772 65328
10773 65442
10774 65180
10775 65165
10776 65142
10777 65174
10778 65193
10779 65537
10780 64859
10781 65077
10782 65396
10783 65074
10784 65462
10785 65154
10786 65172
10787 65256
10788 64939
10789 65488
10790 65098
10791 64998
10792 65078
10793 64523
10794 65032
10795 65146
10796 64976
10797 64635
10798 65412
10799 64989
10800 64719
10801 65256
10802 64633
10803 64979
10804 64626
10805 65267
10806 64861
10807 64901
10808 64646
10809 65033
10810 65069
10811 65268
10812 64995
10813 65376
10814 65140
10815 65138
10816 65381
10817 64817
10818 65196
10819 64984
10820 65403
10821 65466
10822 65087
10823 65235
10824 65271
10825 65029
10826 64476
10827 64540
10828 64774
10829 64845
10830 64375
10831 64759
10832 65057
10833 64706
10834 64453
10835 64684
10836 64846
10837 64606
10838 64690
10839 64345
10840 64407
10841 64393
10842 64853
10843 64973
10844 64439
10845 64085
10846 64706
10847 65102
10848 64481
10849 64270
10850 64547
10851 64591
10852 64887
10853 64447
10854 64826
10855 64968
10856 64524
10857 64667
10858 64166
10859 64323
10860 63843
10861 63878
10862 64040
10863 64160
10864 63439
10865 63785
10866 63687
10867 63868
10868 63324
10869 63233
10870 62929
10871 63515
10872 63585
10873 62831
10874 63113
10875 62563
10876 62773
10877 62781
10878 62318
10879 62370
10880 62177
10881 61908
10882 61560
10883 61623
10884 61474
10885 61647
10886 61805
10887 61788
10888 61587
10889 62189
10890 61588
10891 61562
10892 61407
10893 61723
10894 61473
10895 61218
10896 61126
10897 61640
10898 61628
10899 61095
10900 61350
10901 61419
10902 61190
10903 61559
10904 61514
10905 61639
10906 61987
10907 61500
10908 61476
10909 61961
10910 61582
10911 61818
10912 61531
10913 61645
10914 61829
10915 61861
10916 62387
10917 62406
10918 62387
10919 62656
10920 63072
10921 63016
10922 63138
10923 63536
10924 64331
10925 63978
10926 64255
10927 64168
10928 64573
10929 64160
10930 64141
10931 64225
10932 64199
10933 64420
10934 64204
10935 64454
10936 64150
10937 64078
10938 64083
10939 64124
10940 64231
10941 64225
10942 63929
10943 64258
10944 64519
10945 64033
10946 63827
10947 63919
10948 64157
10949 64258
10950 64031
10951 63846
10952 64319
10953 64263
10954 64220
10955 63887
10956 63895
10957 64343
10958 64005
10959 64400
10960 64246
10961 64400
10962 64139
10963 64334
10964 64182
10965 64697
10966 63987
10967 64941
10968 64763
10969 64629
10970 65215
10971 64476
10972 64921
10973 64593
10974 64647
10975 64392
10976 65231
10977 64611
10978 64756
10979 64125
10980 64816
10981 64528
10982 64747
10983 64547
10984 64505
10985 64370
10986 64290
10987 64716
10988 64285
10989 64331
10990 64216
10991 64658
10992 64456
10993 64728
10994 64499
10995 64287
10996 64346
10997 64709
10998 64285
10999 64653
11000 64657
11001 64580
11002 64459
11003 64337
11004 64167
11005 64314
11006 64523
11007 64491
11008 64560
11009 64598
11010 64484
11011 64696
11012 64670
11013 64771
11014 64716
11015 65065
11016 64571
11017 65130
11018 64875
11019 64724
11020 64529
11021 64433
11022 64756
11023 64426
11024 64740
11025 64478
11026 64531
11027 63938
11028 64288
11029 63976
11030 64021
11031 63713
11032 64034
11033 64276
11034 63567
11035 64129
11036 64025
11037 63907
11038 63963
11039 63651
11040 63851
11041 63672
11042 63911
11043 63866
11044 64149
11045 63920
11046 63910
11047 63833
11048 63819
11049 63840
11050 63523
11051 63687
11052 63798
11053 63919
11054 64057
11055 63915
11056 63995
11057 64042
11058 63771
11059 63906
11060 63675
11061 64090
11062 64232
11063 64378
11064 64000
11065 63675
11066 64095
11067 64014
11068 64367
11069 64341
11070 64482
11071 64108
11072 64387
11073 64622
11074 64488
11075 64283
11076 64314
11077 63756
11078 63870
11079 64245
11080 64399
11081 64157
11082 63877
11083 63480
11084 64115
11085 63753
11086 64170
11087 63768
11088 63928
11089 63730
11090 63818
11091 64276
11092 63700
11093 63736
11094 63691
11095 63616
11096 63644
11097 63749
11098 64350
11099 63887
11100 63918
11101 63226
11102 63911
11103 63542
11104 63785
11105 63848
11106 64389
11107 63947
11108 63915
11109 63986
11110 63650
11111 64360
11112 63867
11113 63927
11114 63916
11115 64000
11116 64238
11117 63802
11118 63746
11119 63932
11120 64198
11121 63983
11122 63888
11123 63596
11124 63988
11125 63644
11126 63869
11127 63438
11128 63463
11129 63275
11130 63456
11131 63198
11132 63827
11133 63390
11134 63022
11135 63194
11136 62813
11137 63186
11138 63298
11139 63105
11140 63707
11141 63281
11142 63028
11143 63215
11144 63242
