H11890
GateTime 10
GateNumber 0
SN 30430302
0 59401
1 59665
2 59059
3 59706
4 59479
5 59473
6 59560
7 59221
8 59497
9 59576
10 59239
11 59481
12 59780
13 59578
14 59665
15 59516
16 60234
17 59878
18 59566
19 59717
20 59505
21 60132
22 60298
23 60312
24 60104
25 60318
26 60592
27 61070
28 61229
29 62309
30 61646
31 61488
32 61163
33 60929
34 60510
35 60774
36 61011
37 60794
38 60545
39 60654
40 60627
41 60855
42 60839
43 60540
44 60640
45 60691
46 61023
47 60877
48 60998
49 60885
50 60814
51 60616
52 61177
53 60836
54 61335
55 60960
56 60449
57 60807
58 61172
59 60575
60 60775
61 60455
62 60476
63 60720
64 60094
65 60446
66 60273
67 60239
68 60471
69 60658
70 60592
71 60639
72 60943
73 60214
74 60688
75 60775
76 61041
77 61778
78 62393
79 62420
80 61344
81 61044
82 59955
83 60315
84 60106
85 59950
86 59918
87 60043
88 60192
89 60042
90 59913
91 59736
92 59733
93 60041
94 59593
95 59639
96 59769
97 59267
98 59482
99 59437
100 59262
101 59755
102 59822
103 59282
104 59703
105 59167
106 59805
107 59526
108 59305
109 59642
110 59752
111 59723
112 60296
113 59625
114 59953
115 59973
116 59907
117 60008
118 60185
119 60203
120 60135
121 60155
122 60265
123 60278
124 60544
125 60452
126 60641
127 61333
128 61829
129 62483
130 62597
131 62129
132 60967
133 60974
134 60611
135 60417
136 60730
137 61035
138 60681
139 60671
140 60926
141 60603
142 60359
143 60684
144 60885
145 60927
146 60456
147 60664
148 61016
149 61353
150 60780
151 61144
152 61191
153 61087
154 61247
155 61194
156 61212
157 61069
158 60755
159 60713
160 60942
161 61031
162 60447
163 60600
164 60480
165 61046
166 60203
167 60592
168 60482
169 60468
170 60712
171 60735
172 60507
173 60685
174 60421
175 61307
176 60803
177 61946
178 62867
179 62136
180 61479
181 60900
182 60624
183 60188
184 60377
185 60686
186 59784
187 60295
188 59989
189 60332
190 59896
191 59660
192 59626
193 59986
194 60171
195 60085
196 59803
197 59528
198 59744
199 59745
200 59690
201 59549
202 59256
203 59844
204 59833
205 59459
206 59405
207 59905
208 59888
209 59484
210 60314
211 59428
212 59781
213 59637
214 59825
215 59971
216 59712
217 60088
218 59958
219 60086
220 60145
221 60253
222 60066
223 60499
224 60385
225 60648
226 60696
227 60907
228 61945
229 61942
230 62018
231 61703
232 60813
233 60700
234 60883
235 60242
236 60157
237 60607
238 60576
239 60923
240 60530
241 60929
242 61033
243 60632
244 60567
245 61102
246 60325
247 61056
248 60624
249 61089
250 61243
251 60941
252 60880
253 60941
254 61323
255 61400
256 61213
257 60845
258 60764
259 60729
260 60668
261 60612
262 61081
263 60737
264 61195
265 60511
266 60846
267 60799
268 60791
269 60572
270 60652
271 60738
272 60500
273 60592
274 60948
275 60892
276 61219
277 62116
278 62119
279 62439
280 61266
281 60943
282 61072
283 60625
284 60443
285 60099
286 59908
287 60096
288 60020
289 59868
290 59874
291 59850
292 59901
293 60034
294 59842
295 59294
296 59760
297 59735
298 59876
299 59722
300 59684
301 59148
302 59695
303 59191
304 59459
305 59361
306 59403
307 59604
308 59431
309 59988
310 59369
311 59447
312 59787
313 60280
314 60087
315 60075
316 60000
317 60056
318 59734
319 59874
320 60216
321 60445
322 60272
323 59876
324 60512
325 60408
326 60231
327 60959
328 61741
329 62108
330 61850
331 61889
332 61069
333 60695
334 60525
335 60382
336 60520
337 60883
338 60205
339 60274
340 60668
341 60762
342 60727
343 60803
344 60592
345 60782
346 60866
347 61159
348 60734
349 61092
350 61347
351 60968
352 61149
353 61302
354 60866
355 61438
356 61035
357 60930
358 60879
359 60949
360 60840
361 60957
362 60821
363 60854
364 61272
365 60792
366 60651
367 60480
368 60429
369 60471
370 60273
371 60615
372 60794
373 60493
374 60646
375 61021
376 61409
377 62294
378 62566
379 61501
380 61258
381 61184
382 60618
383 60695
384 60355
385 60323
386 60170
387 60510
388 60183
389 60194
390 60207
391 59951
392 59802
393 59976
394 59749
395 59764
396 59990
397 59701
398 59941
399 59690
400 59939
401 59326
402 59210
403 59831
404 59457
405 59754
406 59637
407 59493
408 60083
409 59702
410 59935
411 59765
412 59635
413 59361
414 59935
415 59832
416 59662
417 60187
418 60479
419 59855
420 60260
421 60304
422 60259
423 60395
424 60267
425 60650
426 60614
427 61230
428 62202
429 62123
430 62249
431 61335
432 61156
433 60501
434 60921
435 60485
436 60687
437 60549
438 60667
439 60045
440 60883
441 60852
442 60550
443 60743
444 60707
445 60812
446 60591
447 60867
448 61217
449 60399
450 61102
451 61100
452 61123
453 60638
454 60804
455 60536
456 61194
457 61294
458 60459
459 60867
460 60623
461 60926
462 60910
463 60715
464 60447
465 60376
466 60982
467 60702
468 60724
469 60644
470 60396
471 60908
472 60498
473 60641
474 60646
475 60632
476 61282
477 62449
478 62382
479 62392
480 61670
481 60951
482 60388
483 60067
484 60499
485 60023
486 59889
487 60340
488 60247
489 60380
490 60044
491 60122
492 60433
493 60026
494 59525
495 59955
496 59836
497 59882
498 60271
499 59831
500 59886
501 59499
502 59837
503 59793
504 59859
505 59270
506 59606
507 59932
508 59546
509 59640
510 59993
511 60030
512 59994
513 60008
514 59651
515 59808
516 59718
517 59796
518 60340
519 60212
520 60113
521 59841
522 60247
523 60321
524 60304
525 60491
526 60709
527 61197
528 61623
529 62086
530 62392
531 61523
532 60976
533 61019
534 60376
535 60781
536 60959
537 60268
538 60675
539 60356
540 60445
541 61149
542 61004
543 60630
544 60875
545 60888
546 60585
547 60820
548 61313
549 60695
550 61261
551 61087
552 60973
553 61285
554 60798
555 60986
556 61137
557 60905
558 60926
559 61453
560 60663
561 60885
562 60576
563 60535
564 61002
565 60917
566 60694
567 60539
568 60603
569 60667
570 60654
571 60406
572 60563
573 60274
574 60802
575 60889
576 61034
577 61826
578 62482
579 62089
580 61356
581 60971
582 60811
583 60328
584 60247
585 60383
586 60218
587 60435
588 60153
589 60202
590 60106
591 59853
592 59772
593 59965
594 59934
595 59861
596 59857
597 59884
598 59665
599 59461
600 59613
601 59363
602 59140
603 59686
604 59523
605 59450
606 59288
607 59514
608 59811
609 59651
610 60036
611 59739
612 59906
613 59815
614 59959
615 59687
616 59882
617 59685
618 60098
619 60255
620 59993
621 59922
622 60153
623 60168
624 60511
625 60231
626 60557
627 60449
628 61482
629 62262
630 62098
631 61716
632 60615
633 60849
634 60782
635 60680
636 60478
637 60779
638 60750
639 60158
640 60778
641 60294
642 60445
643 60589
644 61091
645 60670
646 61010
647 60929
648 60864
649 60857
650 61089
651 61095
652 61065
653 61223
654 60803
655 61117
656 60742
657 60811
658 60941
659 60843
660 60839
661 60818
662 60620
663 60957
664 60975
665 60445
666 60827
667 60721
668 60790
669 60499
670 60615
671 60188
672 60452
673 60552
674 60760
675 60601
676 61011
677 61568
678 62261
679 62145
680 60888
681 60408
682 60411
683 60300
684 60111
685 59787
686 60573
687 60112
688 59900
689 60706
690 59578
691 59744
692 59498
693 59424
694 59842
695 59628
696 59851
697 59965
698 59511
699 59245
700 60003
701 59808
702 59559
703 60074
704 59490
705 59766
706 59710
707 59319
708 59845
709 59573
710 59773
711 59893
712 59653
713 59498
714 60048
715 59566
716 59770
717 59778
718 60094
719 59891
720 60412
721 59682
722 60119
723 60475
724 60201
725 60506
726 60707
727 61161
728 61171
729 62511
730 61949
731 61392
732 60750
733 60925
734 60931
735 60516
736 60316
737 60466
738 60438
739 60850
740 60757
741 60552
742 60790
743 60839
744 60918
745 60721
746 61009
747 60866
748 60673
749 60799
750 60954
751 61240
752 61163
753 61108
754 61219
755 61153
756 60930
757 61082
758 61202
759 61050
760 60647
761 61003
762 60540
763 60823
764 60699
765 60428
766 60514
767 60545
768 60942
769 60769
770 60768
771 60266
772 60744
773 60674
774 60533
775 60605
776 61203
777 61544
778 62267
779 61828
780 61527
781 60602
782 60385
783 60236
784 60413
785 59831
786 60274
787 60169
788 59947
789 60545
790 59792
791 59726
792 59791
793 59822
794 59643
795 59866
796 59748
797 59969
798 59818
799 59761
800 59814
801 59701
802 59478
803 59620
804 59802
805 59670
806 59813
807 59311
808 59845
809 59490
810 59960
811 59967
812 59947
813 60196
814 59989
815 59484
816 59499
817 59902
818 60019
819 59487
820 60205
821 60268
822 60361
823 59942
824 60329
825 60320
826 60672
827 60845
828 61348
829 62333
830 62072
831 61530
832 60783
833 60470
834 60687
835 60442
836 60305
837 60770
838 60572
839 60494
840 60416
841 60703
842 60944
843 60622
844 60694
845 60709
846 61045
847 61262
848 60330
849 60983
850 60843
851 61175
852 61118
853 60754
854 61037
855 60862
856 61085
857 60895
858 60995
859 60994
860 60841
861 60737
862 60578
863 60044
864 60950
865 60093
866 60634
867 60331
868 60818
869 59944
870 60449
871 60994
872 60145
873 59770
874 60540
875 60835
876 60848
877 61578
878 62377
879 62212
880 61361
881 60753
882 60096
883 60156
884 60048
885 60017
886 59754
887 60212
888 60260
889 59821
890 59649
891 60092
892 59761
893 60037
894 59764
895 59469
896 59781
897 59621
898 59554
899 59471
900 59479
901 59322
902 59792
903 59344
904 59163
905 59250
906 59650
907 59798
908 59287
909 59560
910 59738
911 59726
912 59244
913 59644
914 59893
915 59185
916 59498
917 59963
918 59712
919 59979
920 59937
921 59870
922 59911
923 59688
924 60142
925 60626
926 60600
927 60848
928 61481
929 62040
930 62056
931 61374
932 60878
933 60322
934 60243
935 60186
936 60411
937 60021
938 60315
939 60477
940 59976
941 60411
942 60418
943 60326
944 60513
945 60201
946 60235
947 60545
948 60604
949 60654
950 60499
951 60551
952 60365
953 60655
954 60733
955 60862
956 60830
957 60645
958 60450
959 60457
960 60542
961 60596
962 60497
963 60776
964 60379
965 60601
966 60640
967 60412
968 60212
969 60066
970 60240
971 60274
972 60332
973 60511
974 60403
975 60564
976 60957
977 61591
978 62282
979 62064
980 60936
981 60785
982 59832
983 59997
984 60088
985 59928
986 59904
987 60158
988 59847
989 59788
990 59642
991 59929
992 59611
993 59864
994 59658
995 59613
996 59708
997 59674
998 59626
999 59472
1000 59151
1001 59383
1002 59315
1003 59041
1004 59066
1005 59146
1006 59256
1007 59365
1008 59943
1009 59487
1010 59142
1011 59709
1012 59527
1013 59394
1014 59375
1015 59668
1016 59485
1017 59656
1018 59800
1019 59598
1020 59598
1021 59652
1022 59626
1023 59916
1024 59904
1025 59635
1026 60239
1027 60820
1028 61029
1029 62009
1030 61667
1031 60848
1032 60387
1033 60587
1034 60274
1035 60093
1036 60231
1037 59898
1038 60129
1039 60248
1040 60451
1041 60527
1042 60757
1043 60528
1044 60514
1045 60094
1046 60336
1047 60163
1048 60739
1049 61087
1050 60436
1051 60387
1052 60568
1053 60766
1054 60787
1055 60716
1056 60589
1057 60746
1058 60794
1059 60574
1060 60765
1061 60209
1062 60364
1063 60212
1064 60251
1065 60291
1066 60097
1067 60154
1068 59853
1069 60225
1070 60266
1071 59780
1072 60087
1073 60240
1074 59950
1075 60188
1076 60413
1077 61341
1078 61705
1079 62004
1080 60678
1081 60091
1082 60299
1083 59548
1084 59833
1085 59739
1086 59421
1087 59512
1088 59200
1089 59218
1090 59538
1091 59248
1092 59206
1093 59160
1094 59097
1095 59191
1096 59311
1097 59053
1098 58835
1099 58979
1100 59112
1101 58903
1102 59059
1103 59273
1104 59198
1105 59105
1106 59031
1107 59361
1108 59112
1109 59300
1110 59150
1111 59442
1112 59109
1113 59411
1114 59559
1115 59432
1116 59439
1117 59982
1118 59518
1119 59288
1120 59495
1121 59423
1122 59196
1123 59652
1124 59616
1125 60015
1126 59715
1127 60497
1128 60940
1129 61560
1130 61833
1131 61006
1132 60042
1133 60278
1134 59855
1135 59768
1136 60009
1137 59449
1138 59842
1139 59746
1140 59895
1141 59646
1142 60157
1143 60285
1144 59842
1145 60278
1146 60575
1147 60098
1148 60467
1149 59880
1150 60273
1151 60266
1152 60474
1153 60227
1154 60195
1155 59923
1156 60362
1157 60133
1158 60380
1159 60191
1160 60358
1161 59903
1162 60004
1163 60251
1164 59885
1165 60605
1166 60206
1167 59946
1168 60029
1169 59891
1170 59732
1171 59854
1172 60009
1173 59782
1174 60041
1175 60267
1176 60278
1177 60694
1178 61797
1179 61847
1180 60909
1181 60042
1182 59952
1183 59668
1184 59843
1185 60085
1186 59691
1187 59061
1188 59280
1189 58994
1190 59531
1191 59331
1192 59152
1193 59617
1194 59085
1195 58796
1196 59185
1197 59394
1198 59187
1199 58804
1200 58945
1201 58940
1202 59119
1203 58706
1204 59037
1205 58994
1206 58957
1207 58989
1208 59773
1209 59253
1210 59126
1211 59435
1212 59195
1213 59379
1214 59436
1215 59749
1216 59410
1217 59717
1218 59308
1219 59643
1220 59707
1221 59976
1222 59777
1223 59723
1224 60013
1225 59983
1226 60412
1227 60959
1228 61398
1229 62307
1230 61830
1231 61283
1232 60763
1233 60414
1234 60189
1235 60195
1236 60281
1237 60538
1238 59968
1239 60310
1240 60565
1241 60498
1242 60437
1243 60663
1244 60387
1245 60611
1246 60429
1247 60194
1248 60873
1249 60437
1250 60728
1251 60941
1252 61041
1253 61194
1254 60912
1255 60885
1256 60920
1257 60852
1258 60546
1259 60706
1260 60243
1261 60625
1262 60293
1263 60431
1264 60538
1265 60465
1266 60444
1267 60547
1268 60865
1269 60235
1270 60790
1271 60446
1272 60386
1273 60129
1274 60239
1275 60460
1276 60833
1277 61434
1278 62432
1279 61188
1280 60910
1281 60749
1282 60220
1283 59943
1284 60016
1285 60128
1286 60000
1287 60065
1288 59834
1289 59806
1290 59270
1291 60086
1292 59820
1293 59081
1294 59413
1295 59436
1296 59562
1297 59524
1298 59251
1299 59430
1300 59335
1301 59149
1302 59488
1303 59283
1304 59389
1305 59615
1306 59226
1307 59259
1308 59513
1309 59493
1310 59846
1311 59978
1312 59806
1313 59858
1314 59681
1315 60041
1316 59674
1317 59866
1318 59720
1319 60033
1320 59879
1321 59772
1322 60100
1323 60040
1324 60366
1325 60370
1326 60298
1327 61040
1328 61532
1329 62136
1330 61768
1331 61361
1332 60569
1333 60673
1334 61108
1335 60054
1336 60649
1337 60129
1338 60135
1339 60411
1340 60423
1341 60303
1342 60937
1343 60021
1344 60568
1345 60734
1346 60753
1347 60613
1348 60828
1349 60941
1350 60736
1351 60613
1352 60899
1353 60688
1354 61344
1355 61020
1356 60919
1357 61008
1358 60595
1359 60975
1360 60688
1361 60603
1362 60648
1363 60565
1364 60854
1365 60815
1366 60676
1367 60871
1368 60418
1369 60370
1370 60223
1371 60686
1372 60585
1373 60663
1374 60921
1375 61053
1376 61307
1377 61664
1378 62448
1379 61855
1380 61274
1381 60625
1382 60689
1383 60435
1384 60141
1385 59919
1386 60235
1387 59964
1388 60499
1389 59914
1390 59454
1391 60026
1392 59685
1393 59562
1394 59829
1395 59752
1396 59549
1397 59842
1398 59426
1399 59361
1400 59986
1401 59981
1402 59475
1403 59455
1404 59502
1405 59707
1406 59835
1407 59492
1408 59211
1409 59900
1410 59518
1411 59434
1412 59456
1413 59227
1414 59698
1415 59693
1416 59672
1417 59676
1418 59999
1419 59928
1420 60093
1421 59967
1422 59881
1423 60154
1424 60147
1425 60183
1426 60184
1427 61026
1428 61349
1429 62072
1430 62223
1431 61383
1432 60859
1433 60258
1434 60522
1435 60232
1436 60414
1437 60315
1438 60352
1439 60450
1440 60504
1441 60107
1442 60612
1443 60833
1444 60515
1445 60704
1446 60544
1447 60605
1448 60586
1449 60719
1450 60648
1451 60579
1452 60653
1453 61095
1454 60582
1455 60863
1456 60847
1457 61080
1458 60679
1459 60392
1460 60976
1461 60821
1462 60902
1463 60603
1464 60959
1465 60297
1466 60651
1467 60390
1468 60389
1469 60543
1470 60405
1471 60612
1472 60326
1473 60329
1474 60379
1475 60919
1476 61265
1477 61508
1478 62532
1479 62002
1480 61094
1481 60535
1482 60669
1483 60139
1484 60520
1485 59741
1486 59793
1487 59654
1488 59842
1489 59789
1490 59522
1491 59933
1492 59517
1493 60170
1494 59699
1495 59973
1496 59834
1497 59418
1498 59765
1499 59354
1500 59117
1501 59589
1502 59683
1503 59642
1504 59336
1505 59477
1506 59295
1507 59434
1508 59440
1509 59471
1510 60127
1511 59760
1512 59508
1513 59609
1514 59674
1515 59716
1516 59982
1517 59873
1518 59624
1519 60065
1520 59670
1521 59709
1522 59908
1523 60326
1524 59918
1525 60235
1526 60564
1527 61084
1528 61145
1529 62458
1530 62088
1531 61618
1532 60671
1533 60261
1534 60646
1535 60328
1536 60706
1537 60832
1538 60258
1539 60621
1540 60298
1541 60470
1542 60500
1543 60997
1544 60599
1545 60565
1546 60894
1547 60661
1548 60394
1549 60666
1550 60801
1551 60844
1552 60981
1553 61015
1554 61164
1555 60588
1556 60418
1557 60893
1558 60926
1559 60899
1560 60690
1561 60526
1562 60642
1563 60638
1564 60523
1565 60468
1566 60453
1567 60537
1568 60401
1569 60295
1570 60281
1571 60366
1572 60455
1573 60458
1574 60446
1575 60662
1576 60942
1577 61274
1578 61964
1579 62105
1580 61164
1581 60402
1582 60345
1583 60046
1584 59867
1585 59579
1586 59853
1587 59794
1588 59187
1589 59759
1590 59801
1591 59403
1592 59446
1593 59635
1594 59680
1595 59144
1596 59438
1597 59474
1598 59442
1599 59447
1600 59267
1601 59123
1602 59149
1603 59218
1604 59314
1605 59300
1606 59725
1607 59532
1608 60024
1609 59237
1610 59647
1611 59420
1612 59377
1613 59750
1614 59749
1615 59710
1616 60075
1617 59342
1618 59808
1619 60040
1620 59471
1621 59930
1622 59864
1623 59884
1624 59915
1625 60339
1626 60625
1627 60902
1628 61375
1629 62338
1630 62252
1631 61804
1632 60990
1633 60053
1634 60422
1635 60466
1636 60645
1637 60266
1638 60158
1639 60134
1640 60471
1641 60265
1642 60624
1643 60334
1644 60333
1645 60639
1646 61202
1647 60672
1648 60807
1649 60760
1650 60578
1651 60600
1652 60737
1653 60904
1654 60718
1655 60491
1656 61075
1657 61185
1658 60713
1659 60891
1660 60575
1661 60837
1662 60502
1663 60708
1664 60733
1665 60706
1666 60547
1667 60572
1668 60530
1669 60726
1670 60139
1671 60488
1672 60478
1673 60330
1674 60048
1675 60550
1676 61100
1677 61926
1678 62867
1679 62169
1680 60912
1681 60296
1682 60120
1683 59831
1684 59371
1685 60044
1686 59884
1687 60408
1688 60090
1689 59636
1690 59829
1691 59693
1692 59476
1693 59457
1694 60031
1695 59810
1696 59574
1697 59365
1698 59604
1699 60006
1700 59387
1701 59510
1702 59279
1703 59648
1704 59105
1705 59381
1706 59101
1707 59522
1708 59732
1709 59867
1710 59500
1711 59589
1712 59507
1713 59757
1714 59491
1715 59670
1716 59763
1717 59856
1718 59810
1719 59729
1720 60231
1721 59770
1722 59964
1723 60141
1724 59936
1725 59914
1726 60560
1727 60604
1728 61522
1729 62168
1730 62257
1731 61621
1732 61084
1733 60455
1734 60479
1735 60052
1736 60191
1737 60496
1738 60108
1739 60506
1740 60257
1741 60379
1742 60746
1743 60448
1744 60131
1745 60257
1746 60621
1747 60218
1748 60379
1749 60802
1750 60504
1751 60350
1752 60639
1753 60770
1754 60935
1755 60473
1756 60664
1757 61150
1758 60701
1759 60416
1760 60992
1761 60601
1762 60962
1763 60655
1764 60581
1765 60341
1766 60203
1767 60768
1768 59866
1769 60172
1770 60398
1771 60557
1772 60187
1773 60169
1774 60342
1775 60649
1776 61082
1777 61445
1778 62225
1779 61838
1780 61028
1781 60777
1782 60058
1783 60210
1784 60272
1785 60055
1786 59844
1787 59826
1788 60027
1789 59914
1790 59670
1791 59766
1792 59751
1793 59328
1794 60000
1795 59786
1796 59687
1797 59378
1798 59508
1799 59340
1800 59247
1801 59020
1802 59402
1803 59494
1804 59645
1805 58780
1806 59513
1807 59761
1808 59160
1809 59130
1810 59563
1811 59465
1812 60094
1813 59534
1814 60015
1815 59640
1816 59607
1817 60358
1818 60165
1819 59750
1820 59697
1821 59874
1822 59900
1823 59674
1824 60329
1825 60062
1826 60027
1827 60595
1828 61868
1829 62049
1830 62085
1831 61668
1832 60843
1833 60897
1834 60182
1835 60393
1836 60326
1837 60342
1838 60312
1839 60547
1840 60947
1841 60188
1842 60388
1843 60135
1844 60586
1845 60312
1846 61053
1847 60269
1848 60436
1849 60371
1850 60515
1851 60749
1852 60287
1853 60626
1854 60591
1855 60727
1856 60714
1857 60798
1858 60743
1859 60156
1860 60939
1861 60178
1862 60499
1863 60659
1864 60009
1865 60187
1866 60732
1867 60391
1868 60239
1869 60384
1870 60689
1871 60520
1872 60171
1873 60367
1874 60185
1875 60572
1876 61173
1877 61748
1878 62016
1879 62222
1880 61076
1881 60709
1882 59987
1883 60049
1884 60101
1885 60414
1886 59821
1887 59736
1888 59966
1889 59551
1890 59518
1891 59516
1892 59626
1893 59642
1894 59632
1895 60096
1896 59527
1897 59129
1898 59624
1899 59139
1900 59358
1901 59569
1902 59092
1903 59259
1904 59216
1905 59217
1906 59415
1907 59417
1908 59651
1909 59146
1910 59779
1911 59247
1912 59528
1913 59881
1914 60128
1915 59387
1916 59507
1917 59813
1918 59572
1919 59897
1920 59227
1921 59814
1922 59748
1923 60266
1924 59949
1925 60170
1926 60401
1927 60661
1928 60924
1929 61755
1930 62233
1931 61366
1932 60619
1933 60840
1934 60579
1935 60338
1936 60138
1937 60122
1938 60708
1939 60597
1940 60144
1941 60899
1942 60398
1943 60728
1944 60491
1945 60227
1946 60488
1947 60538
1948 60852
1949 60651
1950 60926
1951 60636
1952 60941
1953 61157
1954 61007
1955 60938
1956 60827
1957 60810
1958 60838
1959 60635
1960 60553
1961 60642
1962 60358
1963 60484
1964 60512
1965 60308
1966 60460
1967 60337
1968 60456
1969 60396
1970 60631
1971 59923
1972 60420
1973 60298
1974 60483
1975 60938
1976 61518
1977 62158
1978 62336
1979 61834
1980 61318
1981 60953
1982 60401
1983 60265
1984 59849
1985 60047
1986 60196
1987 60159
1988 60002
1989 59814
1990 59829
1991 59909
1992 59645
1993 59730
1994 59839
1995 59458
1996 59586
1997 59461
1998 59415
1999 59731
2000 59868
2001 59843
2002 59511
2003 58945
2004 59653
2005 59542
2006 59625
2007 59437
2008 59483
2009 59267
2010 59701
2011 59897
2012 59716
2013 59811
2014 59673
2015 59424
2016 59600
2017 59891
2018 59581
2019 59904
2020 60092
2021 60175
2022 59435
2023 59768
2024 59973
2025 60520
2026 60468
2027 60635
2028 61274
2029 62607
2030 62282
2031 61081
2032 60855
2033 60861
2034 60431
2035 60557
2036 60188
2037 60370
2038 60681
2039 60636
2040 60386
2041 60536
2042 60832
2043 60347
2044 60434
2045 60422
2046 60625
2047 60559
2048 60631
2049 60391
2050 60595
2051 60805
2052 60581
2053 60844
2054 60860
2055 60655
2056 60519
2057 61092
2058 60454
2059 60809
2060 60295
2061 60219
2062 60887
2063 60445
2064 60601
2065 60687
2066 60705
2067 60327
2068 60619
2069 60216
2070 60033
2071 60249
2072 59915
2073 60203
2074 60067
2075 60850
2076 61160
2077 61742
2078 62460
2079 62024
2080 60919
2081 60798
2082 60327
2083 60477
2084 60009
2085 60079
2086 59838
2087 60046
2088 60067
2089 59801
2090 59550
2091 59713
2092 59494
2093 59826
2094 59523
2095 59694
2096 59558
2097 59077
2098 59326
2099 59265
2100 59231
2101 59296
2102 59055
2103 59277
2104 59357
2105 59508
2106 59048
2107 59485
2108 59188
2109 59438
2110 59522
2111 59567
2112 59370
2113 59569
2114 59797
2115 60296
2116 59543
2117 59794
2118 59433
2119 59905
2120 59975
2121 59828
2122 60141
2123 60245
2124 60222
2125 60081
2126 60310
2127 60533
2128 61443
2129 62286
2130 62528
2131 61352
2132 60624
2133 60432
2134 60238
2135 60564
2136 60454
2137 60011
2138 60035
2139 60340
2140 60638
2141 60159
2142 60489
2143 60577
2144 60247
2145 60178
2146 60754
2147 60385
2148 60645
2149 60704
2150 60606
2151 60804
2152 60463
2153 60757
2154 60680
2155 60138
2156 60311
2157 60347
2158 60865
2159 60300
2160 60621
2161 60715
2162 60329
2163 60366
2164 60403
2165 60538
2166 60208
2167 60341
2168 60343
2169 60646
2170 60221
2171 60475
2172 60415
2173 60319
2174 60668
2175 60745
2176 60541
2177 61749
2178 62472
2179 62030
2180 61403
2181 60864
2182 60597
2183 60220
2184 59815
2185 59598
2186 59712
2187 59852
2188 60025
2189 59663
2190 59491
2191 59623
2192 60111
2193 59783
2194 59926
2195 59521
2196 59802
2197 59353
2198 59359
2199 59889
2200 59252
2201 59214
2202 59709
2203 59343
2204 59656
2205 59244
2206 59486
2207 59580
2208 59368
2209 59532
2210 59416
2211 59336
2212 59326
2213 59524
2214 59443
2215 59924
2216 59560
2217 59599
2218 59799
2219 59974
2220 59994
2221 59545
2222 60115
2223 59941
2224 60012
2225 60440
2226 60595
2227 60908
2228 61358
2229 61939
2230 62308
2231 61461
2232 60893
2233 60411
2234 60532
2235 60671
2236 60460
2237 60579
2238 59932
2239 60281
2240 60508
2241 60250
2242 60499
2243 60634
2244 60209
2245 60640
2246 60251
2247 60563
2248 60893
2249 60563
2250 60765
2251 60346
2252 60851
2253 60661
2254 60522
2255 60633
2256 60526
2257 60303
2258 60673
2259 60898
2260 60383
2261 60844
2262 60930
2263 60595
2264 60707
2265 60312
2266 60099
2267 60372
2268 60359
2269 59876
2270 60538
2271 60317
2272 60371
2273 60495
2274 60595
2275 60733
2276 60401
2277 61630
2278 61781
2279 62140
2280 60971
2281 60500
2282 60494
2283 59921
2284 60036
2285 60149
2286 59960
2287 59957
2288 59869
2289 59456
2290 59853
2291 60055
2292 59979
2293 59570
2294 59909
2295 59733
2296 59636
2297 59378
2298 59449
2299 59181
2300 59616
2301 59503
2302 59669
2303 59235
2304 59308
2305 59333
2306 59486
2307 59342
2308 59248
2309 59367
2310 59094
2311 59583
2312 59601
2313 59689
2314 59787
2315 59727
2316 59490
2317 59873
2318 59492
2319 59719
2320 59594
2321 60169
2322 60159
2323 60122
2324 60237
2325 60275
2326 60335
2327 60623
2328 61439
2329 62146
2330 62364
2331 61508
2332 61045
2333 60443
2334 60579
2335 60475
2336 60484
2337 60262
2338 60497
2339 60220
2340 60476
2341 60374
2342 60266
2343 60321
2344 60097
2345 60865
2346 60351
2347 60455
2348 60819
2349 60752
2350 60755
2351 60829
2352 60593
2353 60999
2354 60983
2355 60350
2356 60459
2357 61111
2358 60850
2359 60639
2360 60293
2361 60389
2362 60403
2363 60769
2364 60099
2365 60471
2366 60239
2367 60549
2368 60306
2369 60318
2370 60139
2371 60309
2372 60194
2373 60242
2374 60493
2375 60994
2376 60958
2377 61524
2378 62497
2379 62123
2380 61385
2381 60949
2382 60475
2383 59949
2384 60103
2385 59574
2386 59914
2387 59452
2388 60095
2389 59295
2390 60094
2391 59936
2392 59867
2393 59858
2394 59352
2395 59470
2396 59449
2397 59573
2398 59670
2399 59289
2400 59417
2401 59358
2402 59684
2403 59005
2404 59046
2405 59210
2406 59395
2407 59726
2408 59334
2409 59225
2410 59472
2411 59295
2412 59466
2413 59438
2414 59774
2415 59793
2416 60037
2417 60043
2418 59601
2419 59695
2420 60040
2421 60012
2422 59978
2423 59799
2424 59692
2425 60042
2426 60625
2427 60984
2428 61310
2429 62137
2430 62163
2431 61464
2432 60681
2433 60725
2434 60092
2435 60353
2436 60359
2437 60213
2438 59987
2439 60220
2440 60713
2441 60078
2442 60344
2443 60300
2444 60292
2445 60018
2446 60475
2447 60346
2448 60434
2449 60151
2450 60763
2451 60409
2452 60731
2453 60591
2454 60497
2455 60705
2456 60185
2457 60831
2458 60606
2459 60282
2460 60604
2461 60542
2462 60752
2463 60682
2464 60520
2465 60537
2466 60318
2467 60236
2468 60320
2469 60235
2470 60455
2471 60071
2472 60262
2473 60231
2474 60468
2475 60607
2476 60670
2477 61235
2478 62469
2479 61961
2480 61168
2481 60599
2482 60672
2483 60169
2484 59921
2485 59721
2486 59816
2487 59988
2488 59884
2489 59755
2490 59842
2491 59942
2492 59562
2493 59668
2494 59870
2495 59795
2496 59542
2497 59882
2498 59813
2499 59678
2500 59471
2501 59178
2502 59259
2503 59250
2504 59249
2505 59365
2506 59202
2507 59416
2508 59429
2509 59497
2510 59103
2511 59401
2512 59514
2513 59912
2514 59607
2515 59798
2516 59812
2517 59841
2518 60028
2519 59808
2520 60129
2521 59801
2522 60169
2523 59919
2524 59989
2525 59738
2526 60142
2527 61020
2528 61599
2529 61952
2530 61968
2531 61405
2532 60976
2533 60417
2534 60508
2535 60479
2536 60378
2537 60442
2538 60607
2539 60231
2540 60812
2541 60516
2542 60438
2543 60410
2544 60295
2545 60540
2546 60653
2547 60593
2548 60495
2549 61130
2550 60685
2551 60837
2552 61047
2553 60491
2554 60907
2555 60990
2556 60962
2557 60541
2558 60800
2559 60721
2560 60724
2561 60395
2562 60588
2563 60210
2564 60377
2565 60760
2566 60607
2567 60716
2568 60274
2569 60506
2570 60400
2571 59961
2572 60342
2573 60470
2574 60192
2575 60768
2576 61015
2577 61566
2578 62333
2579 62012
2580 61074
2581 60437
2582 60530
2583 60502
2584 60516
2585 60032
2586 60226
2587 59877
2588 59798
2589 59632
2590 59549
2591 59880
2592 59864
2593 59687
2594 59628
2595 59707
2596 59457
2597 59509
2598 59615
2599 59611
2600 59334
2601 58927
2602 59138
2603 59325
2604 59349
2605 59339
2606 59054
2607 59193
2608 59507
2609 59364
2610 59472
2611 60322
2612 59859
2613 59549
2614 59684
2615 59624
2616 59362
2617 59835
2618 59457
2619 59811
2620 60108
2621 59802
2622 59833
2623 60222
2624 60054
2625 60236
2626 60121
2627 61044
2628 61173
2629 62180
2630 62097
2631 61418
2632 60625
2633 60769
2634 60668
2635 60365
2636 60237
2637 60105
2638 60099
2639 60191
2640 60569
2641 60405
2642 60392
2643 60455
2644 60396
2645 60301
2646 60371
2647 60580
2648 60289
2649 60735
2650 60277
2651 60279
2652 60214
2653 60705
2654 60952
2655 60694
2656 60291
2657 60486
2658 59895
2659 60652
2660 60194
2661 60250
2662 60629
2663 60175
2664 60364
2665 59676
2666 59561
2667 60122
2668 59846
2669 59560
2670 60119
2671 59474
2672 60182
2673 59852
2674 60097
2675 60363
2676 60720
2677 61069
2678 61784
2679 61145
2680 60497
2681 60421
2682 59498
2683 59434
2684 59331
2685 59342
2686 59489
2687 59574
2688 58819
2689 59068
2690 59062
2691 59201
2692 59350
2693 58887
2694 58907
2695 59093
2696 58815
2697 59105
2698 58926
2699 58732
2700 59002
2701 58794
2702 58950
2703 58980
2704 58819
2705 58752
2706 58518
2707 58521
2708 59291
2709 59278
2710 59168
2711 59193
2712 59161
2713 58796
2714 59227
2715 58838
2716 59020
2717 59484
2718 59296
2719 59068
2720 59490
2721 59284
2722 59064
2723 59244
2724 59350
2725 59999
2726 59912
2727 60398
2728 60935
2729 61436
2730 61646
2731 61058
2732 60511
2733 60199
2734 60046
2735 59961
2736 60025
2737 60359
2738 60238
2739 59999
2740 59852
2741 59979
2742 59916
2743 60152
2744 60002
2745 60093
2746 60118
2747 60325
2748 59808
2749 60105
2750 60260
2751 60584
2752 60181
2753 60585
2754 60621
2755 60784
2756 60427
2757 60328
2758 60399
2759 60105
2760 60155
2761 59920
2762 60051
2763 60129
2764 60135
2765 60270
2766 60343
2767 59602
2768 59605
2769 60511
2770 59986
2771 60319
2772 60192
2773 60193
2774 60261
2775 60356
2776 60674
2777 61184
2778 62044
2779 61671
2780 60705
2781 60245
2782 59888
2783 59596
2784 59753
2785 59621
2786 59752
2787 59705
2788 59623
2789 59502
2790 59602
2791 59480
2792 59875
2793 59457
2794 59530
2795 59448
2796 59313
2797 59249
2798 59283
2799 59271
2800 59085
2801 59217
2802 59219
2803 58994
2804 59294
2805 59496
2806 59153
2807 59102
2808 59355
2809 59577
2810 59243
2811 59431
2812 59899
2813 59384
2814 59429
2815 59906
2816 59366
2817 59542
2818 59621
2819 59723
2820 59838
2821 59617
2822 59727
2823 59551
2824 60014
2825 60011
2826 60015
2827 60563
2828 61146
2829 61609
2830 61588
2831 61534
2832 60663
2833 60555
2834 60487
2835 60295
2836 60328
2837 60536
2838 60695
2839 60289
2840 60444
2841 60404
2842 60041
2843 60490
2844 60220
2845 60575
2846 60573
2847 60811
2848 61001
2849 61014
2850 60872
2851 61034
2852 61005
2853 60642
2854 60949
2855 60966
2856 60776
2857 60967
2858 60553
2859 60823
2860 60972
2861 60364
2862 60646
2863 60556
2864 60859
2865 60746
2866 60415
2867 60737
2868 60462
2869 60084
2870 60213
2871 60609
2872 60263
2873 60291
2874 60115
2875 60521
2876 61039
2877 61954
2878 61911
2879 62225
2880 61029
2881 60661
2882 60688
2883 60265
2884 60247
2885 60352
2886 59728
2887 59523
2888 59805
2889 59706
2890 59462
2891 59751
2892 59733
2893 59786
2894 59863
2895 59981
2896 59491
2897 59589
2898 59280
2899 59403
2900 58997
2901 59241
2902 58814
2903 59235
2904 59330
2905 59559
2906 59483
2907 59256
2908 59245
2909 59605
2910 59516
2911 59119
2912 59071
2913 59711
2914 59858
2915 59572
2916 59606
2917 60037
2918 59938
2919 59498
2920 60154
2921 59847
2922 59739
2923 59977
2924 60002
2925 60333
2926 60298
2927 61027
2928 61498
2929 61949
2930 62189
2931 61305
2932 61206
2933 60289
2934 60433
2935 60314
2936 60031
2937 60606
2938 60391
2939 60415
2940 60568
2941 60237
2942 60301
2943 60488
2944 60568
2945 60190
2946 60601
2947 60505
2948 60757
2949 60862
2950 60526
2951 60618
2952 60551
2953 60555
2954 60970
2955 60905
2956 60639
2957 60773
2958 60633
2959 61324
2960 60505
2961 60855
2962 60764
2963 60316
2964 61071
2965 60648
2966 60517
2967 60736
2968 60431
2969 60099
2970 60301
2971 60303
2972 60435
2973 60289
2974 60424
2975 60443
2976 60858
2977 61651
2978 62233
2979 61904
2980 61146
2981 60867
2982 60090
2983 60030
2984 60109
2985 60120
2986 60019
2987 60045
2988 59928
2989 59622
2990 59777
2991 59478
2992 59571
2993 59642
2994 59318
2995 59019
2996 59448
2997 59778
2998 59286
2999 59071
3000 59442
3001 59615
3002 59532
3003 59381
3004 59197
3005 59494
3006 58766
3007 59697
3008 59233
3009 59255
3010 59081
3011 59447
3012 59506
3013 59349
3014 59668
3015 59448
3016 59370
3017 59450
3018 59686
3019 59728
3020 59845
3021 60192
3022 59931
3023 59808
3024 59833
3025 60197
3026 60383
3027 60738
3028 61086
3029 62150
3030 62328
3031 61318
3032 61110
3033 60246
3034 60258
3035 60038
3036 60006
3037 59969
3038 60143
3039 60357
3040 60231
3041 60422
3042 60054
3043 60526
3044 60484
3045 60330
3046 60511
3047 60472
3048 60368
3049 60492
3050 60242
3051 60516
3052 60523
3053 60910
3054 60805
3055 60586
3056 60664
3057 60313
3058 60705
3059 60591
3060 60515
3061 60521
3062 60596
3063 60565
3064 60209
3065 60493
3066 60723
3067 59966
3068 60043
3069 60296
3070 59891
3071 60435
3072 60192
3073 60058
3074 60458
3075 60254
3076 61128
3077 61259
3078 62030
3079 61958
3080 61636
3081 60282
3082 60547
3083 59940
3084 60103
3085 59576
3086 59731
3087 59880
3088 59754
3089 59560
3090 59513
3091 59351
3092 59486
3093 59380
3094 59407
3095 59306
3096 59621
3097 59387
3098 59011
3099 59217
3100 59546
3101 59161
3102 59135
3103 59157
3104 58771
3105 59215
3106 59480
3107 58689
3108 59117
3109 59041
3110 59406
3111 59814
3112 59351
3113 59493
3114 59828
3115 59292
3116 59588
3117 59501
3118 59314
3119 59439
3120 59508
3121 59941
3122 59756
3123 59924
3124 60333
3125 60218
3126 60772
3127 60442
3128 61315
3129 61550
3130 61934
3131 61327
3132 60572
3133 60546
3134 60299
3135 60033
3136 60478
3137 60022
3138 59995
3139 59839
3140 60530
3141 60324
3142 59912
3143 60130
3144 60339
3145 60431
3146 60239
3147 60388
3148 60243
3149 60353
3150 60242
3151 60241
3152 60771
3153 60262
3154 60095
3155 60428
3156 60782
3157 60382
3158 60195
3159 60537
3160 60280
3161 60432
3162 60446
3163 60034
3164 60111
3165 60558
3166 60523
3167 60352
3168 60420
3169 60066
3170 60333
3171 59680
3172 60043
3173 60053
3174 60242
3175 60686
3176 60893
3177 61459
3178 62123
3179 61952
3180 61247
3181 60644
3182 60514
3183 60389
3184 60071
3185 59947
3186 59418
3187 59359
3188 59399
3189 59715
3190 59246
3191 59405
3192 59130
3193 59648
3194 58758
3195 59364
3196 59473
3197 59724
3198 59485
3199 59388
3200 59406
3201 59188
3202 59164
3203 59167
3204 59211
3205 58957
3206 58853
3207 59167
3208 59173
3209 59158
3210 59383
3211 59099
3212 59008
3213 59160
3214 59309
3215 59866
3216 59456
3217 59400
3218 59442
3219 59763
3220 59778
3221 59489
3222 59658
3223 59600
3224 59512
3225 60095
3226 59837
3227 60667
3228 60880
3229 62202
3230 62158
3231 61371
3232 60326
3233 60472
3234 60743
3235 60190
3236 60161
3237 60042
3238 60316
3239 59905
3240 60324
3241 59840
3242 60087
3243 60038
3244 60330
3245 60505
3246 60146
3247 60085
3248 60143
3249 60317
3250 60512
3251 60433
3252 60344
3253 60026
3254 60611
3255 60430
3256 60936
3257 60661
3258 60628
3259 60353
3260 60247
3261 60333
3262 60118
3263 60115
3264 60438
3265 60462
3266 60068
3267 60215
3268 60221
3269 59885
3270 60456
3271 60084
3272 59605
3273 60417
3274 60435
3275 60201
3276 60970
3277 61688
3278 62482
3279 62124
3280 61102
3281 60794
3282 60284
3283 59790
3284 60011
3285 59442
3286 59742
3287 59464
3288 59522
3289 59904
3290 59603
3291 59847
3292 59324
3293 59269
3294 59181
3295 59354
3296 59524
3297 59645
3298 59150
3299 59564
3300 59102
3301 59404
3302 59572
3303 59354
3304 59625
3305 59013
3306 59473
3307 59579
3308 59403
3309 59561
3310 59590
3311 59661
3312 58996
3313 59296
3314 59159
3315 59750
3316 59650
3317 59410
3318 59235
3319 59725
3320 59938
3321 59955
3322 59456
3323 59444
3324 59829
3325 60119
3326 60115
3327 60173
3328 60737
3329 61808
3330 62361
3331 61185
3332 60809
3333 60421
3334 60487
3335 60403
3336 59960
3337 59851
3338 59874
3339 59988
3340 60062
3341 60313
3342 60358
3343 60097
3344 60228
3345 60436
3346 59981
3347 60401
3348 60090
3349 60565
3350 60579
3351 60034
3352 60418
3353 60612
3354 60466
3355 60770
3356 60498
3357 60409
3358 59917
3359 60218
3360 60003
3361 60566
3362 60156
3363 59917
3364 60155
3365 60287
3366 60177
3367 60082
3368 59902
3369 60010
3370 60037
3371 60363
3372 60086
3373 60204
3374 60443
3375 60379
3376 60991
3377 61673
3378 62408
3379 61536
3380 61058
3381 60031
3382 60346
3383 59956
3384 60010
3385 59853
3386 59868
3387 59519
3388 59685
3389 59517
3390 60015
3391 59582
3392 59620
3393 59540
3394 59617
3395 59821
3396 59337
3397 59589
3398 58905
3399 59522
3400 59365
3401 58934
3402 59282
3403 59409
3404 58893
3405 59346
3406 59198
3407 59008
3408 59538
3409 59236
3410 59423
3411 59235
3412 59690
3413 59193
3414 59592
3415 59091
3416 59481
3417 59576
3418 59733
3419 59892
3420 59522
3421 59759
3422 59842
3423 59597
3424 59695
3425 60145
3426 60394
3427 60414
3428 60816
3429 61305
3430 62087
3431 61416
3432 60622
3433 60315
3434 60171
3435 59534
3436 60133
3437 60100
3438 60528
3439 60144
3440 60355
3441 60610
3442 60180
3443 59877
3444 59982
3445 60570
3446 60211
3447 60753
3448 60455
3449 60616
3450 60428
3451 60564
3452 60589
3453 60309
3454 60948
3455 60461
3456 60463
3457 60295
3458 60592
3459 60478
3460 60148
3461 60321
3462 60265
3463 60203
3464 60184
3465 60133
3466 60256
3467 59785
3468 59845
3469 59976
3470 60114
3471 59793
3472 59833
3473 60540
3474 60039
3475 59971
3476 60657
3477 61496
3478 62329
3479 61710
3480 60867
3481 60536
3482 60267
3483 59823
3484 60103
3485 59786
3486 60048
3487 59311
3488 59717
3489 59832
3490 59592
3491 59589
3492 59783
3493 59405
3494 59254
3495 59270
3496 59522
3497 59147
3498 59145
3499 59116
3500 59244
3501 58803
3502 59103
3503 58244
3504 58712
3505 59196
3506 59390
3507 59072
3508 59240
3509 59659
3510 59382
3511 58922
3512 58956
3513 59237
3514 59358
3515 59714
3516 59443
3517 59363
3518 59437
3519 59121
3520 59715
3521 59428
3522 59328
3523 59648
3524 59673
3525 59747
3526 60462
3527 60825
3528 61272
3529 62281
3530 62024
3531 61340
3532 60703
3533 60365
3534 60163
3535 60312
3536 59968
3537 59915
3538 59846
3539 60024
3540 59864
3541 60191
3542 60065
3543 60017
3544 60181
3545 60143
3546 60305
3547 59849
3548 60384
3549 60509
3550 60283
3551 60338
3552 60921
3553 60581
3554 60425
3555 60591
3556 60483
3557 60507
3558 60532
3559 60100
3560 60477
3561 60327
3562 60803
3563 60216
3564 60457
3565 60031
3566 60793
3567 60248
3568 59956
3569 60069
3570 60367
3571 59961
3572 60231
3573 60068
3574 60477
3575 60339
3576 61072
3577 61105
3578 62335
3579 61861
3580 61095
3581 60167
3582 60218
3583 59847
3584 59973
3585 59910
3586 59310
3587 59682
3588 59116
3589 59751
3590 59893
3591 59483
3592 59563
3593 59429
3594 59717
3595 59556
3596 59109
3597 59515
3598 59093
3599 59372
3600 59068
3601 59376
3602 59342
3603 59111
3604 58870
3605 59475
3606 59323
3607 59439
3608 59473
3609 59154
3610 59337
3611 59465
3612 59540
3613 59412
3614 59568
3615 59582
3616 59596
3617 59445
3618 59535
3619 59460
3620 59777
3621 59668
3622 59940
3623 59740
3624 60201
3625 60225
3626 59882
3627 60353
3628 61155
3629 61794
3630 62052
3631 61441
3632 60840
3633 60566
3634 60236
3635 59898
3636 60172
3637 60695
3638 60194
3639 60261
3640 60375
3641 59906
3642 60087
3643 60943
3644 60401
3645 60961
3646 60912
3647 60602
3648 60352
3649 61139
3650 60831
3651 60852
3652 60927
3653 61199
3654 60633
3655 60785
3656 60856
3657 60873
3658 60762
3659 60471
3660 60457
3661 60727
3662 60461
3663 60552
3664 60374
3665 60634
3666 60781
3667 60515
3668 60679
3669 60110
3670 60561
3671 60279
3672 60562
3673 60158
3674 60853
3675 60951
3676 60562
3677 61584
3678 62230
3679 61616
3680 61169
3681 60800
3682 60361
3683 60333
3684 59943
3685 60266
3686 60377
3687 59729
3688 59986
3689 59669
3690 59872
3691 59892
3692 59491
3693 59588
3694 59795
3695 59623
3696 59792
3697 59803
3698 59217
3699 59714
3700 59463
3701 59334
3702 59138
3703 59753
3704 59152
3705 59190
3706 59425
3707 59647
3708 59355
3709 59557
3710 59722
3711 60137
3712 59528
3713 59757
3714 59692
3715 59663
3716 60088
3717 59901
3718 60142
3719 59939
3720 59891
3721 60046
3722 60543
3723 60301
3724 59886
3725 60633
3726 60680
3727 60920
3728 61448
3729 61950
3730 61539
3731 61604
3732 60808
3733 60817
3734 60806
3735 60867
3736 60755
3737 60561
3738 60910
3739 60749
3740 60318
3741 60860
3742 60785
3743 60886
3744 61169
3745 60973
3746 60785
3747 60918
3748 61243
3749 60820
3750 61225
3751 61161
3752 61035
3753 61295
3754 61351
3755 61294
3756 61316
3757 61136
3758 60655
3759 60895
3760 60992
3761 61100
3762 60769
3763 60943
3764 60846
3765 60787
3766 60726
3767 60489
3768 61141
3769 60720
3770 61159
3771 60789
3772 60633
3773 60994
3774 61168
3775 60948
3776 61480
3777 61558
3778 62757
3779 62018
3780 61372
3781 61393
3782 60670
3783 60349
3784 60382
3785 60219
3786 60016
3787 60625
3788 60355
3789 60352
3790 60009
3791 60331
3792 60131
3793 60006
3794 60136
3795 60303
3796 59859
3797 59915
3798 59737
3799 59962
3800 60326
3801 59606
3802 59772
3803 59724
3804 59900
3805 59605
3806 59825
3807 60127
3808 59674
3809 60149
3810 60169
3811 60239
3812 59821
3813 60242
3814 60062
3815 60020
3816 60205
3817 60433
3818 60108
3819 60236
3820 60290
3821 60439
3822 60508
3823 60660
3824 60618
3825 60455
3826 61100
3827 61225
3828 61847
3829 62430
3830 62478
3831 61338
3832 61242
3833 61309
3834 61288
3835 61138
3836 60939
3837 61030
3838 60703
3839 60819
3840 61121
3841 61449
3842 61532
3843 61556
3844 61300
3845 61339
3846 61175
3847 61539
3848 61646
3849 61595
3850 61842
3851 61439
3852 61668
3853 61549
3854 61678
3855 61847
3856 61501
3857 61950
3858 61700
3859 61255
3860 61435
3861 61484
3862 61188
3863 61573
3864 61645
3865 61276
3866 61259
3867 61876
3868 61008
3869 61219
3870 61301
3871 61129
3872 61333
3873 61597
3874 61027
3875 61591
3876 61290
3877 62238
3878 62413
3879 62316
3880 62117
3881 61840
3882 61468
3883 61423
3884 60804
3885 61149
3886 60702
3887 60917
3888 60910
3889 60478
3890 60739
3891 60855
3892 60699
3893 60548
3894 60262
3895 60315
3896 60532
3897 60593
3898 60533
3899 60589
3900 60269
3901 59900
3902 60016
3903 59909
3904 60083
3905 59989
3906 60127
3907 60486
3908 60396
3909 60834
3910 60396
3911 59950
3912 60767
3913 60520
3914 61006
3915 60595
3916 60903
3917 60671
3918 60879
3919 60865
3920 60655
3921 61236
3922 60842
3923 61102
3924 61202
3925 61488
3926 61195
3927 61777
3928 62447
3929 62814
3930 62708
3931 62016
3932 61822
3933 61674
3934 61456
3935 61794
3936 61248
3937 61626
3938 61073
3939 61579
3940 61784
3941 61617
3942 61772
3943 62212
3944 61525
3945 62032
3946 61847
3947 61930
3948 62179
3949 61902
3950 62207
3951 61887
3952 62124
3953 62157
3954 62385
3955 62041
3956 62119
3957 61859
3958 62400
3959 61985
3960 62039
3961 61805
3962 62160
3963 61791
3964 61436
3965 61677
3966 61708
3967 61843
3968 61882
3969 61924
3970 61924
3971 62074
3972 61942
3973 61660
3974 61927
3975 61830
3976 62005
3977 62623
3978 63507
3979 62720
3980 62020
3981 62220
3982 61561
3983 61786
3984 61905
3985 61391
3986 61468
3987 61620
3988 61386
3989 61646
3990 61143
3991 61202
3992 60979
3993 61188
3994 61003
3995 61093
3996 60871
3997 60999
3998 60996
3999 61117
4000 60708
4001 61286
4002 60798
4003 60660
4004 60912
4005 60267
4006 60412
4007 60380
4008 60781
4009 60919
4010 60852
4011 61125
4012 61143
4013 61250
4014 61145
4015 61350
4016 60923
4017 61259
4018 61360
4019 61522
4020 61335
4021 61447
4022 61267
4023 61514
4024 61724
4025 61276
4026 61603
4027 62353
4028 62280
4029 63054
4030 63266
4031 62916
4032 62254
4033 62538
4034 61868
4035 62049
4036 62095
4037 62362
4038 61831
4039 62511
4040 62002
4041 62296
4042 62061
4043 62426
4044 62183
4045 62409
4046 62761
4047 62384
4048 62568
4049 62728
4050 62545
4051 62415
4052 62921
4053 62853
4054 62807
4055 62809
4056 62561
4057 62613
4058 62353
4059 62940
4060 62737
4061 62770
4062 62549
4063 62336
4064 62583
4065 62223
4066 62115
4067 62337
4068 62475
4069 62401
4070 62186
4071 62204
4072 62199
4073 62269
4074 61924
4075 62120
4076 62121
4077 63010
4078 63546
4079 63371
4080 62413
4081 62158
4082 62410
4083 62036
4084 61077
4085 61788
4086 61318
4087 61674
4088 61370
4089 61814
4090 61787
4091 61827
4092 61090
4093 61436
4094 61697
4095 61277
4096 61071
4097 61662
4098 61481
4099 60968
4100 61060
4101 61177
4102 60861
4103 60977
4104 60902
4105 60967
4106 61134
4107 61430
4108 61232
4109 61402
4110 61413
4111 61188
4112 61426
4113 61774
4114 61312
4115 61443
4116 61507
4117 61811
4118 61929
4119 61728
4120 61797
4121 62148
4122 62001
4123 62126
4124 62173
4125 62497
4126 62147
4127 62454
4128 63075
4129 63376
4130 63764
4131 63413
4132 63024
4133 62637
4134 62714
4135 62786
4136 62901
4137 62941
4138 62727
4139 62778
4140 62861
4141 63048
4142 63014
4143 63036
4144 62980
4145 63117
4146 62827
4147 63096
4148 63235
4149 63190
4150 62954
4151 63113
4152 62880
4153 63330
4154 63383
4155 63371
4156 63223
4157 63574
4158 63023
4159 63073
4160 63716
4161 63197
4162 62813
4163 63249
4164 63180
4165 62869
4166 63302
4167 62717
4168 63260
4169 63075
4170 62947
4171 63203
4172 62957
4173 63125
4174 63008
4175 63316
4176 63046
4177 63849
4178 64190
4179 63815
4180 63542
4181 62861
4182 63039
4183 62838
4184 63325
4185 62043
4186 62435
4187 62696
4188 62486
4189 62280
4190 62575
4191 61994
4192 61881
4193 62187
4194 62248
4195 62125
4196 61822
4197 61869
4198 62121
4199 61589
4200 61575
4201 61798
4202 61822
4203 61568
4204 61443
4205 61549
4206 61849
4207 61727
4208 62046
4209 62152
4210 61846
4211 62257
4212 61978
4213 61938
4214 62044
4215 62088
4216 61756
4217 62156
4218 62339
4219 62175
4220 62811
4221 62136
4222 62411
4223 62673
4224 62778
4225 62910
4226 62813
4227 63379
4228 63354
4229 63523
4230 63904
4231 63786
4232 63396
4233 63554
4234 63305
4235 63277
4236 62894
4237 63166
4238 63260
4239 62948
4240 63024
4241 63633
4242 63296
4243 63087
4244 63676
4245 63280
4246 63560
4247 63476
4248 63531
4249 63484
4250 63313
4251 64155
4252 63655
4253 63782
4254 64248
4255 63808
4256 63706
4257 63471
4258 63485
4259 63561
4260 63703
4261 63417
4262 63525
4263 63003
4264 63348
4265 62919
4266 63243
4267 63470
4268 63396
4269 62983
4270 63196
4271 63175
4272 63359
4273 62973
4274 63232
4275 63250
4276 63275
4277 63590
4278 64126
4279 63617
4280 63617
4281 63075
4282 62804
4283 62837
4284 62197
4285 62487
4286 62867
4287 62611
4288 62352
4289 62445
4290 62446
4291 62221
4292 61925
4293 61956
4294 62077
4295 62296
4296 62330
4297 62301
4298 62071
4299 61849
4300 61889
4301 61638
4302 61984
4303 62015
4304 61388
4305 61929
4306 61586
4307 61737
4308 62040
4309 61583
4310 62046
4311 61886
4312 61759
4313 62064
4314 62541
4315 62038
4316 62540
4317 62181
4318 62853
4319 62303
4320 62817
4321 62622
4322 62223
4323 62575
4324 62420
4325 62685
4326 62935
4327 63085
4328 64340
4329 64303
4330 63830
4331 63413
4332 63218
4333 63034
4334 62953
4335 62747
4336 62826
4337 63162
4338 62906
4339 63439
4340 62806
4341 63085
4342 63653
4343 63442
4344 63195
4345 63308
4346 63693
4347 63244
4348 63632
4349 63434
4350 63107
4351 63733
4352 63664
4353 63213
4354 63712
4355 64132
4356 63569
4357 63471
4358 63296
4359 63140
4360 63310
4361 63518
4362 63307
4363 63058
4364 63368
4365 63168
4366 63083
4367 62899
4368 62864
4369 62873
4370 62988
4371 62757
4372 62909
4373 63457
4374 62868
4375 62985
4376 62805
4377 63579
4378 63981
4379 63994
4380 63495
4381 62742
4382 62690
4383 62888
4384 62161
4385 62647
4386 62542
4387 62305
4388 62560
4389 62134
4390 62180
4391 62162
4392 61747
4393 62518
4394 62213
4395 62150
4396 62353
4397 61930
4398 61361
4399 61747
4400 61620
4401 61530
4402 62334
4403 61533
4404 61890
4405 61500
4406 61724
4407 61873
4408 61804
4409 61914
4410 62115
4411 61786
4412 61413
4413 62087
4414 62604
4415 62000
4416 62154
4417 62586
4418 61988
4419 62505
4420 62480
4421 62010
4422 62701
4423 62078
4424 61958
4425 62781
4426 63147
4427 62960
4428 63204
4429 64021
4430 63745
4431 63294
4432 63175
4433 63046
4434 63089
4435 62285
4436 62945
4437 63013
4438 62649
4439 62731
4440 62762
4441 62960
4442 62870
4443 62716
4444 62757
4445 63008
4446 63174
4447 63207
4448 63016
4449 63577
4450 63834
4451 62998
4452 63295
4453 63448
4454 63046
4455 62954
4456 63150
4457 63381
4458 63404
4459 63304
4460 62979
4461 62810
4462 63215
4463 63210
4464 63065
4465 62949
4466 62976
4467 62735
4468 62367
4469 62697
4470 62481
4471 63022
4472 62802
4473 62377
4474 62671
4475 62539
4476 62954
4477 63292
4478 63333
4479 63638
4480 63028
4481 62670
4482 62155
4483 62553
4484 61958
4485 62741
4486 61901
4487 62297
4488 62373
4489 61847
4490 61849
4491 61640
4492 61914
4493 61708
4494 61925
4495 61636
4496 62116
4497 61744
4498 61528
4499 61606
4500 61767
4501 61106
4502 61450
4503 61336
4504 61254
4505 61209
4506 61530
4507 61163
4508 61170
4509 61798
4510 61633
4511 61834
4512 61676
4513 61650
4514 61783
4515 61410
4516 61896
4517 62097
4518 61615
4519 62037
4520 61840
4521 61659
4522 61706
4523 62368
4524 62136
4525 62082
4526 62662
4527 62763
4528 63241
4529 63671
4530 63930
4531 63078
4532 62822
4533 62483
4534 62423
4535 62190
4536 62584
4537 62845
4538 62971
4539 62452
4540 62834
4541 62551
4542 62296
4543 62462
4544 62876
4545 63059
4546 62634
4547 63013
4548 63008
4549 62674
4550 63220
4551 63469
4552 63322
4553 63155
4554 62790
4555 62986
4556 63039
4557 63038
4558 63298
4559 63056
4560 62929
4561 62667
4562 62706
4563 62911
4564 62768
4565 62610
4566 62379
4567 62411
4568 62222
4569 62344
4570 62205
4571 62598
4572 62595
4573 62298
4574 62590
4575 62601
4576 62507
4577 63244
4578 63407
4579 63301
4580 62532
4581 62297
4582 62614
4583 61952
4584 62241
4585 62161
4586 61857
4587 61896
4588 62006
4589 61405
4590 61912
4591 61898
4592 61423
4593 61627
4594 61651
4595 61441
4596 61406
4597 61262
4598 61420
4599 61058
4600 61610
4601 61164
4602 61269
4603 61247
4604 61164
4605 61373
4606 61205
4607 61658
4608 61263
4609 61298
4610 61359
4611 61362
4612 61567
4613 61474
4614 61911
4615 61634
4616 61282
4617 61849
4618 61595
4619 61758
4620 62070
4621 61731
4622 61901
4623 61676
4624 62136
4625 61850
4626 62330
4627 62552
4628 62889
4629 63443
4630 63522
4631 63005
4632 62408
4633 62699
4634 62243
4635 62566
4636 62372
4637 62203
4638 62859
4639 62419
4640 62459
4641 62754
4642 62476
4643 62405
4644 62903
4645 62868
4646 62727
4647 62790
4648 63130
4649 62605
4650 62945
4651 63054
4652 62982
4653 63096
4654 62583
4655 62811
4656 63029
4657 63106
4658 62706
4659 62750
4660 62844
4661 62684
4662 62905
4663 62809
4664 62995
4665 62577
4666 62751
4667 62992
4668 62709
4669 62614
4670 62803
4671 62953
4672 62212
4673 62635
4674 62372
4675 62863
4676 62653
4677 63241
4678 63761
4679 63386
4680 63365
4681 62637
4682 62433
4683 62200
4684 61760
4685 62035
4686 61739
4687 61733
4688 62022
4689 61728
4690 61808
4691 61666
4692 61679
4693 61525
4694 61507
4695 61466
4696 61650
4697 61368
4698 61115
4699 60851
4700 61401
4701 61186
4702 61277
4703 61125
4704 61026
4705 60897
4706 61061
4707 61457
4708 61250
4709 61179
4710 60955
4711 61305
4712 61124
4713 61782
4714 61539
4715 61642
4716 61274
4717 61443
4718 61674
4719 61881
4720 61543
4721 61992
4722 61880
4723 62204
4724 61613
4725 62184
4726 62133
4727 62607
4728 62690
4729 63514
4730 63741
4731 63234
4732 62893
4733 62499
4734 62422
4735 62103
4736 62360
4737 62148
4738 62366
4739 62850
4740 62133
4741 62264
4742 62794
4743 62581
4744 62509
4745 62829
4746 62857
4747 62480
4748 62304
4749 62654
4750 62882
4751 62667
4752 62936
4753 63317
4754 62527
4755 63411
4756 62399
4757 62599
4758 63094
4759 62492
4760 62586
4761 62961
4762 62818
4763 62561
4764 63027
4765 62921
4766 62601
4767 62821
4768 62293
4769 62615
4770 62569
4771 62535
4772 62761
4773 62660
4774 62231
4775 62553
4776 62592
4777 62750
4778 63656
4779 63192
4780 63110
4781 62622
4782 62364
4783 62286
4784 61793
4785 61759
4786 62234
4787 61450
4788 61957
4789 61928
4790 61698
4791 61777
4792 61917
4793 61267
4794 61789
4795 61576
4796 61304
4797 61609
4798 61766
4799 61101
4800 61142
4801 61392
4802 61050
4803 61217
4804 61391
4805 61332
4806 61216
4807 61745
4808 61259
4809 61431
4810 61374
4811 61916
4812 61512
4813 61862
4814 61664
4815 61846
4816 61649
4817 61449
4818 62069
4819 61983
4820 61967
4821 62206
4822 62179
4823 62179
4824 62108
4825 62323
4826 62851
4827 62465
4828 62999
4829 63083
4830 63893
4831 63278
4832 62753
4833 62540
4834 62604
4835 62607
4836 62473
4837 62651
4838 62344
4839 62704
4840 62539
4841 62816
4842 62898
4843 62721
4844 62747
4845 63143
4846 63185
4847 62914
4848 63475
4849 63140
4850 62878
4851 63277
4852 63242
4853 63170
4854 63441
4855 63244
4856 63345
4857 63394
4858 63087
4859 63234
4860 63042
4861 63187
4862 63073
4863 62884
4864 63280
4865 62691
4866 62695
4867 63053
4868 62780
4869 62929
4870 62854
4871 62710
4872 63155
4873 62966
4874 62913
4875 62597
4876 63081
4877 63069
4878 63888
4879 64003
4880 63408
4881 62764
4882 62854
4883 62372
4884 62294
4885 62293
4886 62671
4887 61914
4888 62171
4889 61906
4890 62029
4891 62203
4892 62034
4893 62242
4894 61997
4895 62333
4896 61937
4897 61910
4898 61876
4899 61663
4900 61662
4901 61466
4902 61364
4903 61219
4904 62014
4905 61580
4906 61597
4907 61256
4908 61738
4909 61891
4910 62039
4911 61446
4912 61834
4913 61726
4914 62128
4915 61928
4916 62053
4917 61882
4918 61865
4919 62373
4920 62745
4921 62485
4922 62202
4923 62663
4924 62497
4925 62921
4926 62605
4927 63094
4928 63446
4929 63811
4930 64062
4931 63564
4932 63407
4933 63147
4934 63078
4935 63065
4936 62740
4937 63211
4938 63119
4939 63014
4940 63358
4941 63106
4942 63264
4943 63242
4944 62916
4945 63457
4946 63674
4947 63455
4948 63016
4949 63643
4950 63526
4951 63529
4952 63796
4953 63913
4954 63677
4955 64170
4956 63579
4957 63711
4958 63189
4959 63758
4960 63488
4961 63546
4962 63700
4963 63093
4964 63557
4965 63169
4966 63926
4967 63449
4968 63467
4969 63152
4970 63613
4971 63173
4972 62798
4973 63690
4974 63283
4975 63309
4976 63588
4977 63638
4978 64124
4979 63940
4980 63621
4981 63277
4982 62810
4983 63278
4984 63204
4985 62769
4986 62830
4987 62685
4988 62791
4989 62617
4990 62464
4991 62311
4992 62121
4993 62323
4994 62450
4995 62526
4996 61846
4997 62148
4998 62512
4999 62162
5000 62293
5001 61910
5002 61883
5003 61559
5004 61896
5005 61837
5006 62269
5007 61580
5008 62231
5009 61784
5010 61829
5011 62248
5012 62444
5013 62188
5014 62536
5015 62477
5016 62901
5017 62274
5018 62511
5019 62641
5020 62759
5021 62428
5022 63165
5023 62392
5024 63110
5025 62978
5026 63309
5027 63695
5028 64026
5029 64211
5030 64096
5031 64405
5032 63208
5033 63532
5034 63542
5035 63622
5036 63877
5037 63749
5038 63390
5039 63239
5040 63508
5041 63507
5042 63524
5043 63912
5044 63654
5045 64086
5046 63705
5047 63946
5048 64194
5049 64019
5050 64034
5051 64278
5052 63895
5053 64369
5054 64233
5055 63806
5056 64277
5057 63917
5058 63634
5059 63926
5060 64052
5061 63951
5062 64293
5063 63618
5064 63800
5065 63652
5066 63687
5067 63785
5068 64002
5069 63495
5070 63903
5071 63666
5072 63694
5073 63575
5074 63403
5075 63595
5076 64048
5077 63932
5078 64822
5079 64519
5080 64174
5081 63860
5082 63265
5083 63168
5084 63465
5085 62667
5086 62914
5087 62820
5088 63099
5089 62995
5090 63142
5091 62843
5092 62533
5093 63245
5094 62825
5095 62785
5096 62734
5097 62731
5098 62608
5099 63088
5100 62753
5101 62426
5102 63071
5103 62237
5104 62244
5105 62399
5106 62451
5107 62649
5108 62824
5109 62552
5110 62865
5111 62677
5112 62537
5113 62491
5114 62632
5115 62618
5116 62476
5117 63069
5118 62831
5119 63053
5120 63063
5121 63314
5122 63087
5123 62657
5124 63483
5125 63457
5126 63713
5127 63923
5128 64325
5129 64447
5130 64955
5131 64267
5132 63906
5133 63811
5134 63888
5135 63236
5136 63731
5137 63665
5138 64073
5139 63940
5140 63983
5141 63968
5142 64279
5143 64012
5144 63892
5145 63908
5146 64141
5147 64260
5148 64161
5149 64513
5150 64435
5151 64407
5152 64533
5153 64635
5154 64578
5155 64675
5156 64481
5157 64413
5158 64539
5159 64084
5160 64380
5161 64024
5162 63988
5163 64344
5164 64416
5165 63909
5166 64139
5167 63689
5168 64065
5169 63775
5170 64122
5171 64046
5172 63926
5173 63688
5174 63762
5175 64084
5176 64374
5177 64722
5178 64405
5179 64621
5180 64782
5181 64122
5182 64000
5183 63770
5184 63297
5185 63436
5186 63453
5187 63035
5188 63386
5189 63023
5190 62823
5191 63313
5192 63185
5193 62809
5194 63270
5195 63157
5196 62901
5197 63221
5198 63154
5199 62933
5200 62748
5201 62799
5202 62679
5203 63058
5204 62798
5205 62609
5206 62682
5207 62784
5208 62998
5209 62746
5210 63038
5211 63025
5212 63250
5213 63523
5214 63388
5215 63469
5216 63087
5217 63390
5218 63366
5219 63883
5220 63574
5221 63348
5222 63539
5223 63618
5224 64051
5225 64189
5226 63729
5227 64127
5228 64799
5229 64738
5230 64795
5231 64975
5232 64220
5233 64311
5234 64328
5235 64375
5236 64599
5237 64309
5238 64243
5239 64576
5240 64117
5241 64359
5242 64444
5243 64591
5244 64641
5245 65006
5246 64752
5247 64758
5248 64711
5249 64605
5250 64991
5251 65057
5252 64630
5253 64858
5254 65183
5255 64926
5256 64382
5257 64626
5258 65177
5259 64684
5260 64857
5261 64443
5262 64572
5263 64769
5264 64349
5265 64827
5266 64341
5267 64530
5268 64638
5269 64517
5270 64532
5271 64546
5272 64417
5273 64294
5274 64780
5275 64246
5276 64714
5277 65098
5278 65262
5279 64591
5280 64879
5281 64225
5282 64248
5283 63789
5284 63889
5285 63569
5286 63635
5287 63557
5288 64159
5289 64232
5290 63374
5291 63507
5292 64001
5293 63529
5294 63404
5295 63394
5296 63300
5297 63592
5298 63597
5299 63260
5300 62954
5301 63148
5302 63539
5303 63203
5304 63330
5305 63371
5306 63104
5307 63909
5308 63158
5309 63518
5310 63213
5311 63506
5312 63958
5313 63913
5314 63778
5315 63755
5316 64033
5317 63713
5318 64375
5319 64245
5320 64109
5321 63850
5322 64065
5323 64476
5324 64462
5325 64312
5326 63903
5327 65159
5328 64829
5329 65167
5330 65793
5331 64724
5332 64987
5333 64738
5334 64896
5335 64870
5336 64636
5337 64656
5338 64903
5339 64923
5340 64644
5341 65007
5342 65089
5343 65315
5344 65008
5345 64510
5346 64977
5347 65334
5348 65371
5349 65310
5350 65220
5351 65441
5352 65326
5353 65327
5354 65631
5355 65527
5356 65355
5357 65513
5358 65643
5359 65131
5360 64948
5361 65261
5362 65726
5363 65235
5364 65235
5365 65050
5366 64979
5367 64972
5368 64865
5369 65637
5370 64998
5371 64983
5372 64737
5373 64633
5374 64686
5375 64848
5376 65066
5377 65054
5378 65487
5379 65449
5380 65165
5381 64995
5382 64909
5383 65052
5384 64442
5385 64553
5386 64329
5387 64474
5388 64290
5389 64228
5390 64273
5391 64002
5392 64024
5393 63584
5394 63511
5395 63322
5396 64076
5397 63992
5398 63592
5399 63485
5400 63704
5401 63878
5402 63352
5403 63597
5404 63244
5405 63649
5406 63649
5407 63435
5408 63575
5409 63548
5410 63999
5411 63834
5412 63995
5413 64123
5414 64106
5415 63973
5416 64348
5417 64014
5418 64494
5419 64358
5420 64292
5421 64005
5422 64995
5423 64547
5424 64722
5425 64519
5426 64790
5427 64905
5428 65227
5429 65519
5430 65497
5431 65505
5432 65458
5433 65396
5434 64954
5435 64737
5436 64828
5437 64655
5438 64729
5439 65368
5440 64777
5441 64853
5442 65432
5443 65360
5444 65141
5445 65227
5446 65094
5447 64952
5448 65157
5449 65526
5450 65606
5451 65646
5452 65527
5453 65588
5454 65499
5455 66192
5456 65451
5457 65606
5458 65202
5459 65046
5460 65692
5461 65785
5462 65560
5463 65037
5464 65366
5465 65750
5466 65385
5467 65071
5468 65054
5469 65168
5470 65699
5471 64950
5472 65376
5473 65197
5474 65484
5475 65592
5476 65285
5477 66050
5478 65487
5479 65770
5480 65821
5481 65523
5482 65085
5483 64648
5484 64802
5485 64674
5486 64692
5487 64638
5488 64681
5489 64843
5490 64535
5491 64540
5492 64512
5493 64251
5494 64400
5495 64115
5496 63899
5497 64283
5498 63772
5499 64458
5500 64007
5501 64084
5502 64197
5503 64079
5504 63780
5505 64057
5506 64065
5507 64119
5508 64043
5509 64074
5510 64372
5511 64093
5512 64545
5513 64210
5514 64119
5515 64795
5516 64477
5517 64834
5518 64623
5519 64975
5520 64796
5521 64767
5522 65382
5523 65045
5524 64931
5525 65075
5526 65368
5527 65479
5528 65573
5529 66099
5530 66117
5531 66112
5532 65421
5533 65019
5534 65270
5535 65421
5536 65477
5537 65628
5538 65504
5539 65599
5540 65782
5541 65869
5542 65551
5543 65656
5544 65751
5545 65836
5546 66108
5547 66062
5548 65527
5549 66394
5550 65791
5551 66144
5552 66128
5553 65921
5554 65950
5555 66168
5556 65972
5557 66066
5558 65887
5559 66033
5560 66345
5561 65889
5562 65657
5563 66068
5564 66027
5565 65935
5566 65888
5567 65424
5568 65567
5569 65483
5570 65324
5571 65797
5572 65485
5573 65453
5574 65338
5575 65681
5576 65772
5577 66422
5578 66412
5579 66110
5580 65718
5581 65812
5582 65190
5583 65284
5584 65108
5585 65184
5586 64844
5587 65051
5588 65004
5589 64785
5590 65297
5591 64903
5592 64603
5593 64952
5594 64732
5595 64229
5596 64818
5597 64585
5598 64480
5599 64304
5600 64627
5601 63942
5602 64195
5603 63970
5604 64297
5605 64609
5606 64224
5607 64409
5608 64466
5609 64911
5610 64782
5611 64660
5612 65118
5613 64826
5614 64809
5615 65292
5616 65001
5617 65132
5618 64885
5619 65028
5620 65104
5621 65461
5622 65445
5623 65610
5624 65522
5625 65540
5626 65948
5627 66142
5628 66024
5629 66238
5630 66838
5631 66105
5632 65879
5633 65830
5634 65987
5635 66140
5636 65948
5637 65746
5638 66122
5639 66081
5640 66076
5641 66274
5642 66659
5643 66147
5644 66199
5645 66317
5646 66331
5647 66347
5648 66534
5649 66687
5650 66670
5651 66805
5652 66799
5653 66710
5654 66349
5655 66476
5656 66560
5657 66154
5658 66496
5659 66700
5660 66705
5661 66372
5662 66546
5663 66090
5664 66120
5665 66428
5666 66236
5667 65948
5668 66512
5669 66660
5670 66490
5671 66418
5672 66268
5673 66200
5674 66316
5675 66424
5676 66388
5677 66292
5678 67370
5679 66673
5680 66333
5681 66029
5682 66140
5683 66045
5684 65739
5685 65624
5686 65649
5687 66172
5688 65696
5689 65628
5690 65692
5691 65288
5692 65587
5693 65478
5694 65797
5695 65570
5696 65599
5697 65560
5698 65344
5699 65304
5700 65266
5701 65106
5702 65476
5703 65012
5704 64904
5705 65420
5706 65026
5707 65662
5708 65319
5709 65538
5710 65618
5711 65591
5712 65361
5713 65613
5714 65508
5715 65817
5716 65793
5717 65616
5718 65255
5719 65626
5720 65872
5721 66461
5722 66271
5723 66153
5724 65747
5725 66436
5726 66246
5727 67013
5728 66859
5729 66963
5730 67639
5731 66980
5732 67340
5733 66831
5734 66580
5735 67086
5736 66664
5737 66733
5738 66359
5739 66820
5740 67082
5741 66800
5742 67026
5743 67209
5744 66538
5745 67057
5746 66895
5747 67225
5748 66965
5749 67682
5750 67143
5751 67217
5752 67769
5753 67714
5754 68016
5755 67174
5756 67386
5757 67672
5758 67669
5759 67260
5760 67315
5761 67410
5762 67484
5763 67137
5764 67116
5765 67459
5766 67704
5767 66920
5768 67521
5769 67142
5770 67293
5771 66805
5772 67366
5773 67077
5774 67340
5775 67178
5776 67391
5777 67633
5778 67946
5779 67188
5780 67508
5781 67166
5782 67029
5783 66977
5784 66913
5785 67043
5786 66617
5787 66898
5788 66623
5789 66573
5790 66713
5791 66237
5792 66083
5793 66423
5794 66501
5795 66533
5796 66469
5797 65944
5798 66707
5799 65965
5800 66181
5801 66179
5802 66696
5803 66250
5804 66146
5805 66251
5806 66464
5807 66356
5808 66614
5809 66646
5810 66536
5811 66128
5812 66363
5813 66192
5814 66817
5815 66718
5816 67010
5817 67185
5818 66939
5819 67200
5820 66862
5821 66914
5822 67226
5823 66581
5824 67249
5825 66940
5826 67149
5827 67341
5828 67678
5829 68086
5830 68190
5831 68025
5832 67897
5833 67872
5834 68034
5835 67526
5836 67834
5837 67611
5838 68068
5839 67729
5840 67789
5841 67984
5842 67977
5843 67849
5844 68238
5845 68147
5846 67703
5847 68263
5848 68027
5849 68515
5850 68147
5851 68533
5852 68432
5853 68550
5854 68502
5855 68655
5856 67976
5857 68349
5858 68321
5859 68127
5860 68244
5861 68239
5862 68006
5863 68260
5864 67663
5865 67978
5866 67949
5867 67836
5868 67954
5869 68249
5870 68027
5871 67900
5872 67996
5873 68097
5874 67843
5875 68199
5876 67974
5877 68710
5878 68114
5879 68435
5880 68136
5881 67665
5882 68011
5883 67404
5884 67757
5885 67453
5886 67773
5887 67753
5888 67382
5889 67342
5890 67068
5891 67217
5892 66598
5893 67384
5894 67522
5895 67468
5896 66955
5897 66930
5898 67335
5899 66793
5900 67167
5901 67107
5902 67030
5903 67033
5904 66874
5905 66638
5906 66913
5907 66762
5908 67155
5909 67506
5910 67152
5911 67681
5912 66926
5913 67395
5914 67628
5915 67456
5916 67661
5917 67032
5918 67782
5919 67666
5920 67883
5921 67893
5922 67769
5923 67827
5924 67712
5925 67792
5926 68282
5927 67851
5928 68197
5929 68752
5930 68596
5931 68920
5932 68624
5933 68354
5934 68433
5935 67971
5936 68170
5937 68384
5938 68766
5939 68613
5940 68643
5941 67908
5942 68612
5943 68331
5944 68578
5945 68844
5946 68958
5947 68438
5948 68787
5949 68720
5950 68396
5951 68885
5952 69159
5953 69216
5954 69102
5955 69104
5956 68797
5957 68646
5958 69251
5959 69290
5960 68609
5961 68744
5962 68700
5963 68613
5964 68655
5965 68825
5966 68502
5967 68810
5968 68974
5969 68440
5970 68279
5971 68724
5972 68874
5973 68836
5974 68365
5975 68505
5976 68963
5977 68914
5978 69008
5979 68988
5980 68567
5981 68801
5982 68114
5983 68478
5984 68330
5985 68191
5986 68088
5987 67726
5988 67411
5989 68288
5990 67897
5991 67951
5992 67970
5993 67818
5994 67513
5995 67527
5996 67209
5997 67685
5998 67706
5999 67364
6000 67634
6001 67654
6002 67557
6003 67630
6004 67651
6005 67779
6006 67303
6007 67364
6008 67678
6009 67636
6010 67591
6011 67721
6012 67994
6013 67691
6014 67494
6015 67587
6016 68153
6017 67978
6018 68390
6019 68263
6020 68446
6021 68093
6022 67978
6023 68680
6024 67528
6025 68423
6026 68327
6027 68806
6028 68800
6029 69154
6030 68947
6031 69745
6032 69073
6033 68961
6034 69118
6035 68484
6036 68458
6037 68759
6038 69107
6039 68738
6040 68890
6041 68914
6042 69181
6043 69044
6044 68575
6045 68929
6046 69352
6047 69134
6048 69092
6049 69199
6050 69088
6051 69389
6052 69743
6053 69485
6054 69477
6055 69286
6056 69633
6057 69439
6058 69680
6059 69286
6060 69008
6061 69389
6062 69083
6063 69294
6064 69508
6065 69428
6066 69122
6067 69257
6068 69010
6069 69609
6070 68887
6071 69008
6072 68994
6073 69163
6074 69078
6075 69137
6076 69186
6077 69597
6078 69706
6079 69684
6080 69504
6081 68999
6082 69089
6083 68775
6084 68429
6085 68509
6086 68168
6087 68405
6088 68051
6089 68644
6090 68332
6091 68314
6092 68327
6093 68463
6094 68447
6095 68725
6096 67879
6097 68301
6098 68483
6099 67808
6100 68424
6101 68189
6102 67797
6103 67699
6104 67678
6105 67860
6106 67718
6107 67993
6108 68179
6109 68096
6110 68357
6111 68213
6112 68129
6113 68295
6114 68301
6115 68199
6116 68158
6117 68164
6118 68435
6119 68594
6120 68292
6121 68192
6122 68589
6123 68564
6124 68968
6125 69083
6126 68836
6127 69229
6128 69174
6129 69848
6130 69971
6131 69991
6132 69961
6133 69158
6134 68682
6135 69210
6136 68995
6137 69075
6138 68873
6139 68836
6140 69236
6141 69131
6142 69061
6143 69557
6144 69195
6145 69367
6146 69530
6147 69340
6148 69076
6149 69407
6150 69546
6151 69568
6152 69303
6153 70105
6154 70069
6155 69726
6156 69664
6157 69377
6158 69304
6159 69688
6160 69264
6161 69437
6162 69465
6163 69530
6164 69551
6165 69577
6166 69399
6167 69389
6168 69156
6169 69490
6170 68908
6171 69016
6172 69159
6173 69578
6174 68879
6175 68955
6176 69564
6177 69974
6178 70007
6179 69610
6180 69687
6181 69284
6182 69277
6183 68908
6184 69348
6185 68784
6186 69327
6187 69099
6188 68971
6189 68750
6190 68901
6191 68795
6192 68801
6193 68736
6194 68954
6195 68753
6196 68259
6197 68344
6198 68593
6199 68161
6200 68377
6201 68210
6202 68427
6203 68203
6204 68969
6205 67897
6206 68161
6207 67984
6208 68445
6209 68392
6210 68437
6211 68566
6212 68829
6213 68356
6214 68922
6215 68644
6216 68664
6217 69008
6218 69082
6219 68798
6220 68790
6221 68859
6222 68959
6223 69175
6224 69151
6225 69213
6226 69030
6227 69187
6228 69909
6229 69621
6230 69940
6231 69437
6232 69419
6233 69487
6234 69186
6235 69162
6236 69335
6237 69581
6238 69479
6239 69799
6240 69156
6241 69424
6242 69073
6243 69191
6244 69672
6245 69782
6246 69755
6247 69729
6248 69782
6249 69769
6250 69865
6251 70444
6252 70068
6253 70027
6254 70189
6255 69925
6256 70363
6257 70084
6258 70081
6259 69777
6260 69686
6261 69893
6262 70167
6263 69924
6264 69180
6265 69468
6266 69651
6267 69524
6268 69593
6269 69465
6270 69629
6271 69994
6272 69099
6273 69592
6274 69282
6275 69399
6276 69343
6277 69669
6278 70340
6279 69537
6280 69296
6281 69713
6282 69321
6283 69112
6284 68884
6285 68990
6286 68836
6287 68349
6288 68445
6289 68256
6290 68482
6291 68706
6292 68346
6293 68320
6294 68879
6295 68473
6296 68293
6297 68268
6298 68149
6299 68459
6300 68171
6301 68022
6302 68147
6303 68404
6304 68139
6305 68284
6306 68247
6307 68025
6308 68233
6309 68255
6310 68685
6311 68428
6312 68456
6313 68724
6314 68597
6315 68411
6316 68693
6317 68717
6318 68749
6319 68847
6320 69089
6321 68634
6322 69047
6323 69031
6324 68898
6325 68938
6326 68898
6327 69394
6328 69550
6329 69816
6330 69672
6331 69736
6332 69460
6333 69966
6334 69327
6335 69142
6336 68759
6337 69500
6338 69402
6339 69203
6340 69310
6341 69491
6342 68796
6343 69489
6344 69684
6345 69226
6346 69659
6347 69786
6348 69763
6349 69908
6350 69026
6351 69496
6352 69925
6353 69761
6354 69634
6355 69829
6356 69305
6357 69698
6358 69492
6359 70231
6360 69544
6361 69318
6362 70195
6363 69580
6364 69510
6365 69441
6366 69477
6367 69471
6368 69812
6369 69572
6370 69294
6371 69190
6372 69360
6373 69347
6374 68964
6375 69448
6376 69806
6377 70005
6378 69372
6379 70054
6380 69077
6381 69636
6382 69246
6383 68813
6384 69470
6385 69099
6386 68926
6387 69312
6388 68717
6389 68874
6390 68215
6391 68475
6392 68307
6393 68254
6394 68514
6395 68701
6396 68593
6397 68597
6398 68777
6399 68818
6400 68421
6401 68619
6402 68223
6403 68168
6404 68196
6405 68646
6406 68452
6407 68329
6408 68429
6409 68777
6410 68521
6411 68727
6412 68009
6413 68365
6414 68558
6415 68636
6416 68949
6417 68238
6418 69077
6419 69203
6420 68921
6421 69137
6422 68888
6423 68678
6424 69049
6425 69190
6426 69377
6427 69251
6428 69460
6429 69909
6430 69939
6431 69731
6432 69853
6433 69354
6434 69570
6435 69028
6436 69829
6437 69375
6438 69488
6439 69344
6440 69640
6441 69429
6442 69538
6443 69649
6444 69529
6445 69642
6446 69620
6447 69831
6448 69425
6449 70212
6450 69717
6451 69776
6452 69588
6453 69367
6454 69958
6455 69787
6456 69416
6457 69384
6458 69955
6459 69786
6460 69480
6461 69224
6462 69672
6463 69535
6464 69399
6465 68807
6466 69351
6467 69678
6468 69774
6469 69825
6470 69594
6471 69548
6472 69280
6473 69261
6474 69404
6475 69635
6476 69871
6477 69889
6478 70020
6479 69419
6480 69502
6481 69200
6482 69139
6483 68610
6484 68924
6485 68978
6486 68574
6487 68890
6488 68374
6489 68842
6490 68613
6491 68816
6492 68386
6493 68224
6494 68354
6495 68337
6496 68616
6497 67670
6498 68473
6499 68502
6500 68424
6501 67892
6502 68159
6503 67699
6504 68611
6505 67979
6506 67804
6507 67964
6508 68047
6509 67874
6510 68180
6511 68026
6512 67989
6513 67554
6514 68443
6515 68545
6516 68602
6517 68306
6518 68405
6519 68175
6520 68844
6521 68885
6522 68553
6523 68545
6524 68694
6525 69177
6526 68762
6527 68929
6528 69344
6529 69217
6530 69948
6531 69795
6532 69395
6533 69188
6534 69168
6535 69250
6536 68943
6537 69390
6538 68697
6539 69343
6540 68682
6541 69406
6542 69208
6543 69272
6544 69139
6545 69037
6546 68970
6547 69162
6548 69534
6549 69485
6550 69449
6551 69698
6552 69367
6553 69705
6554 69173
6555 69689
6556 69664
6557 69553
6558 69578
6559 69558
6560 69446
6561 69077
6562 69086
6563 69699
6564 69470
6565 69164
6566 69191
6567 69283
6568 69458
6569 69040
6570 69512
6571 68700
6572 69210
6573 68810
6574 68656
6575 69017
6576 69239
6577 69460
6578 69587
6579 69350
6580 69384
6581 69258
6582 68920
6583 68727
6584 68604
6585 68424
6586 68546
6587 68646
6588 68563
6589 68765
6590 68319
6591 68444
6592 68216
6593 67645
6594 68439
6595 68123
6596 68413
6597 67779
6598 68088
6599 68307
6600 68429
6601 67761
6602 67780
6603 67521
6604 67800
6605 68050
6606 68227
6607 67612
6608 68099
6609 67888
6610 68112
6611 68217
6612 67827
6613 67887
6614 68113
6615 67942
6616 68031
6617 67974
6618 68388
6619 68305
6620 68523
6621 68128
6622 68597
6623 68873
6624 68898
6625 68889
6626 68457
6627 69020
6628 69078
6629 69224
6630 69837
6631 69351
6632 69142
6633 69157
6634 68863
6635 68574
6636 69257
6637 68971
6638 68710
6639 69130
6640 68615
6641 68992
6642 69072
6643 69454
6644 69200
6645 69151
6646 69073
6647 69235
6648 69107
6649 69077
6650 69180
6651 69633
6652 69198
6653 69288
6654 69459
6655 69296
6656 69417
6657 69294
6658 69099
6659 69240
6660 69314
6661 69000
6662 69123
6663 69181
6664 68970
6665 68996
6666 68973
6667 68777
6668 69203
6669 68552
6670 68749
6671 68755
6672 68602
6673 68631
6674 68559
6675 68744
6676 69169
6677 69789
6678 69770
6679 69568
6680 68688
6681 68798
6682 68572
6683 68321
6684 68070
6685 68372
6686 68173
6687 68662
6688 67933
6689 67935
6690 68042
6691 67640
6692 67884
6693 68025
6694 67766
6695 67897
6696 68039
6697 67435
6698 68204
6699 67541
6700 67440
6701 67250
6702 67889
6703 67491
6704 67781
6705 67910
6706 67614
6707 67706
6708 67430
6709 67991
6710 68053
6711 67589
6712 67506
6713 67605
6714 67690
6715 67807
6716 68085
6717 67841
6718 68193
6719 68045
6720 68313
6721 68827
6722 68372
6723 68269
6724 68443
6725 68431
6726 68564
6727 68442
6728 69251
6729 69249
6730 69688
6731 69491
6732 69052
6733 69155
6734 68896
6735 68951
6736 68720
6737 68764
6738 68675
6739 68863
6740 68968
6741 69017
6742 68826
6743 68875
6744 69242
6745 68883
6746 69158
6747 68409
6748 68957
6749 69081
6750 69396
6751 69161
6752 69015
6753 69576
6754 69102
6755 69239
6756 69148
6757 68852
6758 69539
6759 68941
6760 69180
6761 69038
6762 68376
6763 68670
6764 69081
6765 68677
6766 68699
6767 68678
6768 68734
6769 68715
6770 68887
6771 68351
6772 68391
6773 68468
6774 68794
6775 68805
6776 68950
6777 68887
6778 69393
6779 69114
6780 68785
6781 68311
6782 68405
6783 68375
6784 68449
6785 67747
6786 68119
6787 68139
6788 67852
6789 67577
6790 67826
6791 67862
6792 68250
6793 67789
6794 67797
6795 67877
6796 67609
6797 67813
6798 67825
6799 67669
6800 67171
6801 67512
6802 67342
6803 67202
6804 67541
6805 66885
6806 67408
6807 67533
6808 67170
6809 67489
6810 67535
6811 67570
6812 67820
6813 67282
6814 67141
6815 67886
6816 67855
6817 67647
6818 68065
6819 67513
6820 68005
6821 68120
6822 67919
6823 67551
6824 67974
6825 68005
6826 67909
6827 68354
6828 67843
6829 69259
6830 69095
6831 68692
6832 68340
6833 68694
6834 68358
6835 68747
6836 68281
6837 68785
6838 68167
6839 68219
6840 68352
6841 68523
6842 68735
6843 68540
6844 68551
6845 69069
6846 69112
6847 68712
6848 68982
6849 68518
6850 68883
6851 68652
6852 68734
6853 68910
6854 69207
6855 68788
6856 68846
6857 68457
6858 68781
6859 68855
6860 68599
6861 68713
6862 68327
6863 68242
6864 68593
6865 68730
6866 68402
6867 68269
6868 68434
6869 68400
6870 67885
6871 68380
6872 68279
6873 68323
6874 68360
6875 68416
6876 68559
6877 68574
6878 68764
6879 68593
6880 68048
6881 67800
6882 67872
6883 67827
6884 67959
6885 67782
6886 67768
6887 67405
6888 67162
6889 67576
6890 67450
6891 67555
6892 67507
6893 67350
6894 67430
6895 67164
6896 67012
6897 66716
6898 67120
6899 67257
6900 66904
6901 67024
6902 66674
6903 66559
6904 66986
6905 66613
6906 67028
6907 66457
6908 66929
6909 67165
6910 66730
6911 67429
6912 67020
6913 67368
6914 67361
6915 67291
6916 66846
6917 67286
6918 67300
6919 67419
6920 68002
6921 67401
6922 67484
6923 67434
6924 67729
6925 67935
6926 68115
6927 67590
6928 68499
6929 68481
6930 68381
6931 68404
6932 67953
6933 68291
6934 68034
6935 68013
6936 67680
6937 68103
6938 67886
6939 68089
6940 67858
6941 68375
6942 68464
6943 67848
6944 68394
6945 68628
6946 68140
6947 68378
6948 68234
6949 68433
6950 68562
6951 68383
6952 68532
6953 68498
6954 68346
6955 68491
6956 68100
6957 68183
6958 68290
6959 68516
6960 68403
6961 68094
6962 68188
6963 68196
6964 68244
6965 68136
6966 67611
6967 67543
6968 67387
6969 67431
6970 67551
6971 68115
6972 67724
6973 67616
6974 67798
6975 68001
6976 68185
6977 68163
6978 68345
6979 68004
6980 67922
6981 67497
6982 67498
6983 67266
6984 67543
6985 67361
6986 67284
6987 67221
6988 66674
6989 66909
6990 66941
6991 67218
6992 66909
6993 66759
6994 66701
6995 66573
6996 66656
6997 66775
6998 67114
6999 66735
7000 66462
7001 66193
7002 66420
7003 66527
7004 66285
7005 66217
7006 66577
7007 66231
7008 66817
7009 66470
7010 66564
7011 67220
7012 66756
7013 67053
7014 66935
7015 66834
7016 66601
7017 67131
7018 67249
7019 67171
7020 67251
7021 66597
7022 66815
7023 67050
7024 67034
7025 67116
7026 67485
7027 67409
7028 67605
7029 67926
7030 67916
7031 68002
7032 67859
7033 67937
7034 67303
7035 67425
7036 67439
7037 67938
7038 67732
7039 67642
7040 67313
7041 67662
7042 67536
7043 68210
7044 67619
7045 67988
7046 67805
7047 67875
7048 68137
7049 68156
7050 68003
7051 67694
7052 68618
7053 67995
7054 68113
7055 68253
7056 67653
7057 68068
7058 67773
7059 67968
7060 67594
7061 67620
7062 67722
7063 67508
7064 67488
7065 67788
7066 67320
7067 68163
7068 67505
7069 67609
7070 67700
7071 67202
7072 67693
7073 67305
7074 67792
7075 67693
7076 67385
7077 67457
7078 67705
7079 67515
7080 67638
7081 67170
7082 67242
7083 67191
7084 67290
7085 66888
7086 66861
7087 66682
7088 66711
7089 66731
7090 66625
7091 66905
7092 66714
7093 66716
7094 66478
7095 66534
7096 66102
7097 66535
7098 66546
7099 66029
7100 66322
7101 66285
7102 65926
7103 66370
7104 66203
7105 66022
7106 65994
7107 66378
7108 66499
7109 65938
7110 66070
7111 66089
7112 66327
7113 66551
7114 66345
7115 67068
7116 66351
7117 66671
7118 66051
7119 66716
7120 66277
7121 66809
7122 66825
7123 67210
7124 66735
7125 67021
7126 67088
7127 66936
7128 67449
7129 67394
7130 67718
7131 67647
7132 67479
7133 67316
7134 67086
7135 67008
7136 67474
7137 67408
7138 67059
7139 67420
7140 67688
7141 67170
7142 67540
7143 67900
7144 67490
7145 67789
7146 67692
7147 67594
7148 67934
7149 68348
7150 67923
7151 67679
7152 67818
7153 67615
7154 68281
7155 67836
7156 67736
7157 67539
7158 67468
7159 67626
7160 67629
7161 67567
7162 67269
7163 67305
7164 67429
7165 67463
7166 67595
7167 67359
7168 67120
7169 67415
7170 67056
7171 67062
7172 67202
7173 67520
7174 66853
7175 67138
7176 67482
7177 67405
7178 67665
7179 67771
7180 67691
7181 67708
7182 67181
7183 66958
7184 66958
7185 66965
7186 66771
7187 66708
7188 66516
7189 66479
7190 66512
7191 66396
7192 66282
7193 66358
7194 66299
7195 66459
7196 66360
7197 66400
7198 66124
7199 66204
7200 66104
7201 66208
7202 65984
7203 66148
7204 66126
7205 66311
7206 65918
7207 65790
7208 66148
7209 66077
7210 66483
7211 66109
7212 66329
7213 66445
7214 66007
7215 66230
7216 66452
7217 66681
7218 66723
7219 66417
7220 66742
7221 66949
7222 66951
7223 66658
7224 66671
7225 66470
7226 67118
7227 66812
7228 67181
7229 67458
7230 68056
7231 67632
7232 67673
7233 67448
7234 67395
7235 66997
7236 67069
7237 67284
7238 67453
7239 67627
7240 67208
7241 67841
7242 67186
7243 67239
7244 67794
7245 67645
7246 67381
7247 67494
7248 67962
7249 67849
7250 67808
7251 67856
7252 67994
7253 67970
7254 68104
7255 67972
7256 67698
7257 67774
7258 67374
7259 67626
7260 68074
7261 67968
7262 67942
7263 67830
7264 67597
7265 67390
7266 67568
7267 67296
7268 67797
7269 67644
7270 67139
7271 67607
7272 67292
7273 67188
7274 67440
7275 67455
7276 67257
7277 68140
7278 67965
7279 67713
7280 67515
7281 67764
7282 67481
7283 67500
7284 67362
7285 66884
7286 67147
7287 66856
7288 67249
7289 66966
7290 66510
7291 66462
7292 66801
7293 66813
7294 66942
7295 66616
7296 66631
7297 66709
7298 66617
7299 66754
7300 66603
7301 67079
7302 66028
7303 66378
7304 66813
7305 66744
7306 66056
7307 66374
7308 66607
7309 66608
7310 66635
7311 66640
7312 66990
7313 66741
7314 66949
7315 67239
7316 67310
7317 67357
7318 67265
7319 67055
7320 66714
7321 67358
7322 66992
7323 67288
7324 67131
7325 67605
7326 67894
7327 67813
7328 68400
7329 68643
7330 68558
7331 68509
7332 67941
7333 67748
7334 67700
7335 68003
7336 67912
7337 67766
7338 68079
7339 67742
7340 68153
7341 68181
7342 67799
7343 67959
7344 68389
7345 68310
7346 68539
7347 68318
7348 68037
7349 68519
7350 68203
7351 68271
7352 68495
7353 68697
7354 68563
7355 68834
7356 68466
7357 68778
7358 68240
7359 68598
7360 68148
7361 68367
7362 68355
7363 68117
7364 68306
7365 68316
7366 68460
7367 68524
7368 68161
7369 68373
7370 68415
7371 68477
7372 68072
7373 67947
7374 68451
7375 68281
7376 68031
7377 68581
7378 68859
7379 68502
7380 68683
7381 68453
7382 67903
7383 67679
7384 67681
7385 68079
7386 67756
7387 67566
7388 67600
7389 68005
7390 67512
7391 67291
7392 67722
7393 67489
7394 66911
7395 67452
7396 67412
7397 67610
7398 67331
7399 67042
7400 66872
7401 67062
7402 67184
7403 67274
7404 66986
7405 67366
7406 67036
7407 67110
7408 67580
7409 67750
7410 67059
7411 67711
7412 67304
7413 67674
7414 67205
7415 67802
7416 67573
7417 67836
7418 67815
7419 67869
7420 67775
7421 68027
7422 68109
7423 67970
7424 67883
7425 68225
7426 68508
7427 68461
7428 68507
7429 68801
7430 69173
7431 69280
7432 68596
7433 68545
7434 68485
7435 68224
7436 68474
7437 68693
7438 68750
7439 68488
7440 68547
7441 68927
7442 68976
7443 68630
7444 68755
7445 68512
7446 69010
7447 69196
7448 69068
7449 68924
7450 69483
7451 69306
7452 69672
7453 69013
7454 69158
7455 69179
7456 69378
7457 69364
7458 69402
7459 68599
7460 69133
7461 68791
7462 68998
7463 68864
7464 69132
7465 68640
7466 68986
7467 68611
7468 68860
7469 68736
7470 68462
7471 68692
7472 68970
7473 69373
7474 68593
7475 69330
7476 68645
7477 69377
7478 69757
7479 69336
7480 69061
7481 69027
7482 68859
7483 68714
7484 68684
7485 68542
7486 68700
7487 68516
7488 68300
7489 68063
7490 68265
7491 68423
7492 68142
7493 67754
7494 68396
7495 68464
7496 68032
7497 67911
7498 68281
7499 67763
7500 67639
7501 68009
7502 67675
7503 67810
7504 67817
7505 67658
7506 68039
7507 67660
7508 67793
7509 67926
7510 68288
7511 67983
7512 68071
7513 67959
7514 68554
7515 68003
7516 68155
7517 68305
7518 68350
7519 68232
7520 68696
7521 68484
7522 68562
7523 68200
7524 68743
7525 68818
7526 68970
7527 68935
7528 69274
7529 69157
7530 70008
7531 69259
7532 69317
7533 68919
7534 68874
7535 69006
7536 69079
7537 68938
7538 69391
7539 69205
7540 69588
7541 68841
7542 69642
7543 69359
7544 69105
7545 69773
7546 69421
7547 69319
7548 69602
7549 68888
7550 69234
7551 69727
7552 69672
7553 70144
7554 69482
7555 69453
7556 69282
7557 69336
7558 69513
7559 69387
7560 69738
7561 69491
7562 69121
7563 69454
7564 69385
7565 69163
7566 69661
7567 69187
7568 69048
7569 69090
7570 68596
7571 68987
7572 69367
7573 69122
7574 69123
7575 69329
7576 69648
7577 69495
7578 70119
7579 69802
7580 69166
7581 69166
7582 68936
7583 69382
7584 68571
7585 68633
7586 68490
7587 69034
7588 68366
7589 68699
7590 68146
7591 68781
7592 68142
7593 68402
7594 68538
7595 68334
7596 68344
7597 68186
7598 68372
7599 67856
7600 68349
7601 67933
7602 68116
7603 67935
7604 67790
7605 68195
7606 68093
7607 68375
7608 67934
7609 68076
7610 68286
7611 68371
7612 68146
7613 68222
7614 68728
7615 68520
7616 68553
7617 69061
7618 68436
7619 68511
7620 68487
7621 68835
7622 69153
7623 69075
7624 68775
7625 69061
7626 69294
7627 69069
7628 69786
7629 69805
7630 70128
7631 69847
7632 69493
7633 69670
7634 69145
7635 69299
7636 69400
7637 69519
7638 69171
7639 69315
7640 69680
7641 69253
7642 69262
7643 69437
7644 69531
7645 69462
7646 69723
7647 69561
7648 69159
7649 69350
7650 69442
7651 70094
7652 69790
7653 70105
7654 69656
7655 69958
7656 69484
7657 69616
7658 69703
7659 69417
7660 69764
7661 69767
7662 69916
7663 69164
7664 69669
7665 69844
7666 69443
7667 69499
7668 70132
7669 69713
7670 68942
7671 68953
7672 69116
7673 69481
7674 69351
7675 69520
7676 69653
7677 69860
7678 69856
7679 69964
7680 69424
7681 69397
7682 68882
7683 69324
7684 68685
7685 68747
7686 68633
7687 68809
7688 68714
7689 68852
7690 68619
7691 68479
7692 68510
7693 68645
7694 68569
7695 68685
7696 68509
7697 68378
7698 68379
7699 68093
7700 68006
7701 67929
7702 68127
7703 68139
7704 67824
7705 68142
7706 68010
7707 68294
7708 68200
7709 68583
7710 68063
7711 68426
7712 68443
7713 68566
7714 68442
7715 68155
7716 68764
7717 68967
7718 68693
7719 68698
7720 69388
7721 68644
7722 68841
7723 68934
7724 68603
7725 69222
7726 69256
7727 69270
7728 69326
7729 69765
7730 70337
7731 69797
7732 69530
7733 69343
7734 69320
7735 69282
7736 69290
7737 69580
7738 69361
7739 69726
7740 69486
7741 69402
7742 69747
7743 69631
7744 69461
7745 69515
7746 69534
7747 69758
7748 69579
7749 69449
7750 70161
7751 69533
7752 69729
7753 69839
7754 69613
7755 69977
7756 69915
7757 69727
7758 69840
7759 69864
7760 69814
7761 69713
7762 69459
7763 69463
7764 69588
7765 69484
7766 69203
7767 69526
7768 69225
7769 69335
7770 69334
7771 69591
7772 69489
7773 69203
7774 69543
7775 69613
7776 69849
7777 69949
7778 70111
7779 69826
7780 69576
7781 69481
7782 69322
7783 69154
7784 69112
7785 69304
7786 69029
7787 69049
7788 68694
7789 68729
7790 68962
7791 69073
7792 68711
7793 68868
7794 68387
7795 68665
7796 68630
7797 68371
7798 68358
7799 68179
7800 68472
7801 68384
7802 68454
7803 68348
7804 68270
7805 68536
7806 68433
7807 68221
7808 68228
7809 68259
7810 68742
7811 68494
7812 68877
7813 68295
7814 68722
7815 68935
7816 68775
7817 68832
7818 68945
7819 69200
7820 68633
7821 68767
7822 68810
7823 69094
7824 69329
7825 69514
7826 69427
7827 69793
7828 69508
7829 70068
7830 70028
7831 69869
7832 69825
7833 69448
7834 69766
7835 69501
7836 69297
7837 69611
7838 69789
7839 69951
7840 69759
7841 69655
7842 69338
7843 69628
7844 69368
7845 70064
7846 70017
7847 69685
7848 69517
7849 69729
7850 70112
7851 70571
7852 70186
7853 70297
7854 69797
7855 70333
7856 70030
7857 70358
7858 70045
7859 70180
7860 69916
7861 70079
7862 69664
7863 69630
7864 69878
7865 69894
7866 69934
7867 69714
7868 69715
7869 69576
7870 69282
7871 69680
7872 69421
7873 70295
7874 69341
7875 69855
7876 70330
7877 70506
7878 70676
7879 69903
7880 69894
7881 69537
7882 69649
7883 69177
7884 69756
7885 69133
7886 69090
7887 69332
7888 69343
7889 68775
7890 68993
7891 68957
7892 68589
7893 69139
7894 68892
7895 68921
7896 68910
7897 68902
7898 68650
7899 68884
7900 69024
7901 68838
7902 68767
7903 68300
7904 68500
7905 68816
7906 68524
7907 68824
7908 68538
7909 68846
7910 68654
7911 69112
7912 68805
7913 68672
7914 69282
7915 69233
7916 69119
7917 69414
7918 69355
7919 69595
7920 69461
7921 69133
7922 69039
7923 68983
7924 69457
7925 69643
7926 69111
7927 69383
7928 69960
7929 70339
7930 70401
7931 70851
7932 69940
7933 70329
7934 69654
7935 69796
7936 70199
7937 69912
7938 70325
7939 69963
7940 69706
7941 70095
7942 69629
7943 70127
7944 69967
7945 69846
7946 70021
7947 70216
7948 70265
7949 69846
7950 70037
7951 70372
7952 69972
7953 69916
7954 70064
7955 70454
7956 69963
7957 70435
7958 70471
7959 70093
7960 70236
7961 70374
7962 70432
7963 70581
7964 70238
7965 69823
7966 69962
7967 70171
7968 70363
7969 70062
7970 70033
7971 70359
7972 70410
7973 69673
7974 70107
7975 70304
7976 70436
7977 70453
7978 70743
7979 70280
7980 70238
7981 70011
7982 69951
7983 69505
7984 69321
7985 69674
7986 69664
7987 69419
7988 69234
7989 69111
7990 68690
7991 69239
7992 69169
7993 69197
7994 69301
7995 68662
7996 68928
7997 69311
7998 68954
7999 69116
8000 68994
8001 69071
8002 68947
8003 68516
8004 68937
8005 68786
8006 69013
8007 68725
8008 68628
8009 68987
8010 68948
8011 69322
8012 69050
8013 69579
8014 69113
8015 69360
8016 69231
8017 69186
8018 68955
8019 69163
8020 70001
8021 69734
8022 69643
8023 69333
8024 69720
8025 69702
8026 69871
8027 69573
8028 70049
8029 70170
8030 70459
8031 70489
8032 70838
8033 70183
8034 70051
8035 69795
8036 69246
8037 70187
8038 70594
8039 70033
8040 69857
8041 69749
8042 70244
8043 70295
8044 70559
8045 69947
8046 70401
8047 69972
8048 70081
8049 70096
8050 70567
8051 70474
8052 70045
8053 70182
8054 70322
8055 70762
8056 70025
8057 70456
8058 70268
8059 70077
8060 70296
8061 70451
8062 70533
8063 70245
8064 70618
8065 69588
8066 70118
8067 70220
8068 70147
8069 70315
8070 70075
8071 69881
8072 70089
8073 70498
8074 70057
8075 70539
8076 70641
8077 70863
8078 71162
8079 70752
8080 70507
8081 69829
8082 70086
8083 69811
8084 69686
8085 69502
8086 69032
8087 69183
8088 69354
8089 69080
8090 69186
8091 69252
8092 69368
8093 69379
8094 69286
8095 69008
8096 69252
8097 68794
8098 69164
8099 68817
8100 68597
8101 69034
8102 68847
8103 68840
8104 69233
8105 69057
8106 68836
8107 68919
8108 69335
8109 69606
8110 68988
8111 69069
8112 69041
8113 69017
8114 69346
8115 69250
8116 69438
8117 69194
8118 69256
8119 69523
8120 69580
8121 69468
8122 69683
8123 68996
8124 69455
8125 69795
8126 70186
8127 69915
8128 70087
8129 70398
8130 70989
8131 70513
8132 70552
8133 70530
8134 69992
8135 69998
8136 70603
8137 69882
8138 70062
8139 70043
8140 70310
8141 70203
8142 69914
8143 69822
8144 70195
8145 70148
8146 70190
8147 70246
8148 70183
8149 70409
8150 70325
8151 70412
8152 70467
8153 70199
8154 70743
8155 70088
8156 70227
8157 70501
8158 70496
8159 70313
8160 69799
8161 70316
8162 70035
8163 70398
8164 69726
8165 70425
8166 69872
8167 70012
8168 70351
8169 69877
8170 70326
8171 70020
8172 70215
8173 69973
8174 70376
8175 70156
8176 70330
8177 70780
8178 71065
8179 70830
8180 70118
8181 69688
8182 70016
8183 69617
8184 69679
8185 70236
8186 69383
8187 69732
8188 69911
8189 69495
8190 69238
8191 69271
8192 69017
8193 69107
8194 69029
8195 69162
8196 69034
8197 68926
8198 68797
8199 68751
8200 68985
8201 69149
8202 69023
8203 68892
8204 68626
8205 68919
8206 69138
8207 69290
8208 69045
8209 68899
8210 69106
8211 69239
8212 69035
8213 69255
8214 68940
8215 69159
8216 68974
8217 69446
8218 69252
8219 69309
8220 69190
8221 69216
8222 69312
8223 69355
8224 69575
8225 69694
8226 69957
8227 69398
8228 70138
8229 70625
8230 70836
8231 70517
8232 70536
8233 69887
8234 70029
8235 70105
8236 69841
8237 70196
8238 69948
8239 69771
8240 69547
8241 69994
8242 70209
8243 70132
8244 70299
8245 69783
8246 70014
8247 69904
8248 70305
8249 69969
8250 70071
8251 70144
8252 70389
8253 69678
8254 70723
8255 70214
8256 70470
8257 70254
8258 70198
8259 70018
8260 69929
8261 70072
8262 69989
8263 69832
8264 69935
8265 70353
8266 69745
8267 69449
8268 70166
8269 69608
8270 70051
8271 69946
8272 69969
8273 69827
8274 70050
8275 70134
8276 70186
8277 70552
8278 70500
8279 70654
8280 70204
8281 69831
8282 69799
8283 69675
8284 69750
8285 69552
8286 69154
8287 69581
8288 69233
8289 69383
8290 69623
8291 69129
8292 69401
8293 69361
8294 69045
8295 69114
8296 69107
8297 68977
8298 69120
8299 69049
8300 68734
8301 68671
8302 68633
8303 68864
8304 68623
8305 68590
8306 68350
8307 69133
8308 68752
8309 68653
8310 68728
8311 69167
8312 69139
8313 68841
8314 68950
8315 69082
8316 69184
8317 68963
8318 69421
8319 69423
8320 69474
8321 69493
8322 69811
8323 69308
8324 69522
8325 69455
8326 69834
8327 69281
8328 70181
8329 70409
8330 70623
8331 70300
8332 70324
8333 69423
8334 70049
8335 69982
8336 69355
8337 70037
8338 70086
8339 70078
8340 69781
8341 70062
8342 69880
8343 69876
8344 69978
8345 70139
8346 70050
8347 70388
8348 69713
8349 70119
8350 70081
8351 70152
8352 70197
8353 70051
8354 70173
8355 69886
8356 70331
8357 69896
8358 69671
8359 70138
8360 69985
8361 70369
8362 69669
8363 69684
8364 69154
8365 69750
8366 69628
8367 69782
8368 69765
8369 69527
8370 70000
8371 69423
8372 69800
8373 69304
8374 69715
8375 69935
8376 69823
8377 69577
8378 70719
8379 70100
8380 70125
8381 69345
8382 69759
8383 69446
8384 69389
8385 68917
8386 69092
8387 69271
8388 68915
8389 69333
8390 68834
8391 69544
8392 69099
8393 68932
8394 68724
8395 68804
8396 68697
8397 68887
8398 69050
8399 68112
8400 68500
8401 68448
8402 68529
8403 68596
8404 68770
8405 68605
8406 68617
8407 68371
8408 68685
8409 68819
8410 69126
8411 68397
8412 69006
8413 69196
8414 68938
8415 68750
8416 68760
8417 69171
8418 68644
8419 69050
8420 69335
8421 69132
8422 69135
8423 68730
8424 69375
8425 70180
8426 69712
8427 69690
8428 69594
8429 70247
8430 70724
8431 70369
8432 69928
8433 70088
8434 69430
8435 69570
8436 69723
8437 69565
8438 69705
8439 69568
8440 70285
8441 70031
8442 69927
8443 70178
8444 69495
8445 69619
8446 70317
8447 69881
8448 70135
8449 69833
8450 70096
8451 70211
8452 70074
8453 70234
8454 70129
8455 70159
8456 70130
8457 70559
8458 70216
8459 69973
8460 69933
8461 70300
8462 70098
8463 69494
8464 69961
8465 69952
8466 69946
8467 70022
8468 69836
8469 70007
8470 69971
8471 69906
8472 70218
8473 69786
8474 69840
8475 70019
8476 69914
8477 70211
8478 70824
8479 70535
8480 70132
8481 70077
8482 69611
8483 69671
8484 69248
8485 69512
8486 70070
8487 69225
8488 69691
8489 69175
8490 69428
8491 69489
8492 69201
8493 69064
8494 69245
8495 69078
8496 69364
8497 68874
8498 68999
8499 68467
8500 68936
8501 68831
8502 68920
8503 68828
8504 68460
8505 68936
8506 68444
8507 68745
8508 68766
8509 68708
8510 69099
8511 68781
8512 68689
8513 68646
8514 69150
8515 69105
8516 69536
8517 69494
8518 68958
8519 69260
8520 68817
8521 69263
8522 69485
8523 69946
8524 69263
8525 69584
8526 69639
8527 69594
8528 70240
8529 70164
8530 70484
8531 70305
8532 70169
8533 69954
8534 69827
8535 69391
8536 69929
8537 69879
8538 70034
8539 69703
8540 69825
8541 69597
8542 70157
8543 70163
8544 70024
8545 69952
8546 70121
8547 70156
8548 70104
8549 70035
8550 70034
8551 70342
8552 70526
8553 70005
8554 70263
8555 70373
8556 69914
8557 70223
8558 69796
8559 69979
8560 69811
8561 69853
8562 69971
8563 69821
8564 69976
8565 70209
8566 70352
8567 70038
8568 69738
8569 69429
8570 69671
8571 69984
8572 69705
8573 69675
8574 69571
8575 70009
8576 70117
8577 70213
8578 70695
8579 70365
8580 69691
8581 69770
8582 69812
8583 69439
8584 69532
8585 69445
8586 69161
8587 69260
8588 69818
8589 69302
8590 69129
8591 69037
8592 68880
8593 68850
8594 69215
8595 69530
8596 69053
8597 68621
8598 69031
8599 68766
8600 69036
8601 69011
8602 68712
8603 68526
8604 68420
8605 68552
8606 68869
8607 68807
8608 68731
8609 68840
8610 69460
8611 68559
8612 68847
8613 69406
8614 69174
8615 69236
8616 69022
8617 68941
8618 69363
8619 69199
8620 69244
8621 68998
8622 69339
8623 69220
8624 69283
8625 69295
8626 69488
8627 69494
8628 69941
8629 70163
8630 70411
8631 70480
8632 70306
8633 69534
8634 70088
8635 69749
8636 69806
8637 69593
8638 69510
8639 69417
8640 69733
8641 69672
8642 69736
8643 69639
8644 69931
8645 70040
8646 69837
8647 69907
8648 69951
8649 69934
8650 69890
8651 70437
8652 70399
8653 70218
8654 70623
8655 70294
8656 70268
8657 70119
8658 70031
8659 70051
8660 70003
8661 70050
8662 69795
8663 69680
8664 70147
8665 69955
8666 70346
8667 69788
8668 69731
8669 69981
8670 69426
8671 69514
8672 69946
8673 69509
8674 69755
8675 69989
8676 69943
8677 70433
8678 70692
8679 69935
8680 70335
8681 69821
8682 69988
8683 69790
8684 69424
8685 69338
8686 69744
8687 69896
8688 69770
8689 69382
8690 69249
8691 69092
8692 69024
8693 68985
8694 69227
8695 69154
8696 69225
8697 68831
8698 68752
8699 68771
8700 68493
8701 68437
8702 68466
8703 68312
8704 68355
8705 68489
8706 68696
8707 68501
8708 68845
8709 68722
8710 68695
8711 68464
8712 68585
8713 68622
8714 68943
8715 69298
8716 68744
8717 69246
8718 68501
8719 68956
8720 69375
8721 68895
8722 69295
8723 69078
8724 69080
8725 69368
8726 69317
8727 69408
8728 69938
8729 70216
8730 69585
8731 70011
8732 69686
8733 69635
8734 69508
8735 69452
8736 69774
8737 69554
8738 69339
8739 69814
8740 69553
8741 69551
8742 69560
8743 69307
8744 69627
8745 69733
8746 69796
8747 69699
8748 69921
8749 69640
8750 70173
8751 69980
8752 70345
8753 70419
8754 69923
8755 70282
8756 69944
8757 70400
8758 69812
8759 69727
8760 69850
8761 69967
8762 69859
8763 69835
8764 69665
8765 70051
8766 69506
8767 69655
8768 69888
8769 69555
8770 69504
8771 69787
8772 69858
8773 69499
8774 69264
8775 69833
8776 69724
8777 69910
8778 70302
8779 70701
8780 69585
8781 69454
8782 69546
8783 69287
8784 69170
8785 69396
8786 69181
8787 69368
8788 69063
8789 69235
8790 68542
8791 69254
8792 68928
8793 68737
8794 68951
8795 68664
8796 68594
8797 69085
8798 68707
8799 68822
8800 68492
8801 68367
8802 68232
8803 68729
8804 68337
8805 68338
8806 68695
8807 68492
8808 68790
8809 68590
8810 68853
8811 68776
8812 68485
8813 68415
8814 68821
8815 68866
8816 68685
8817 68895
8818 69080
8819 68840
8820 69198
8821 69301
8822 69224
8823 69089
8824 68930
8825 68900
8826 69443
8827 69685
8828 69327
8829 70150
8830 70429
8831 70432
8832 69731
8833 69861
8834 69696
8835 69711
8836 69089
8837 69895
8838 69945
8839 69455
8840 69731
8841 70149
8842 69251
8843 69534
8844 69636
8845 69654
8846 69873
8847 69681
8848 69851
8849 70214
8850 69633
8851 69852
8852 69863
8853 70354
8854 70164
8855 70186
8856 69536
8857 69948
8858 69990
8859 69964
8860 69682
8861 69743
8862 69129
8863 69599
8864 69864
